{"type": "FeatureCollection", "provenance": {"source": "NHTSA", "dataset": "FARS (National)", "years": [2022, 2023], "url": "https://www.nhtsa.gov/research-data/fatality-analysis-reporting-system-fars", "limitations": "Fatal motor-vehicle crashes on public roads ONLY. Single-bike falls are excluded. E-bikes are included with conventional bikes from 2022 but cannot be separated. ~1-2% of records have unknown location and are omitted from the map but kept in totals."}, "features": [{"type": "Feature", "geometry": {"type": "Point", "coordinates": [-84.9986, 32.4528]}, "properties": {"year": 2022, "state": "Alabama", "age_band": "25-44", "sex": "Male", "lighting": "Dark - Not Lighted", "hour": "2:00am-2:59am", "month": "March", "crash_group": "Bicyclist Failed to Yield - Midblock", "crash_type": "Bicyclist Ride Out - Other Midblock"}}, {"type": "Feature", "geometry": {"type": "Point", "coordinates": [-86.9849, 34.7903]}, "properties": {"year": 2022, "state": "Alabama", "age_band": "13-17 (teen)", "sex": "Male", "lighting": "Dark - Not Lighted", "hour": "11:00pm-11:59pm", "month": "July", "crash_group": "Motorist Overtaking Bicyclist", "crash_type": "Motorist Overtaking - Undetected Bicyclist or Detected - Too Late to Avoid"}}, {"type": "Feature", "geometry": {"type": "Point", "coordinates": [-85.6135, 33.9223]}, "properties": {"year": 2022, "state": "Alabama", "age_band": "25-44", "sex": "Male", "lighting": "Daylight", "hour": "4:00pm-4:59pm", "month": "May", "crash_group": "Other / Unusual Circumstances", "crash_type": "Unusual Circumstances"}}, {"type": "Feature", "geometry": {"type": "Point", "coordinates": [-88.1367, 30.6548]}, "properties": {"year": 2022, "state": "Alabama", "age_band": "65+", "sex": "Male", "lighting": "Daylight", "hour": "2:00pm-2:59pm", "month": "June", "crash_group": "Bicyclist Left Turn / Merge", "crash_type": "Bicyclist Left Turn - Same Direction"}}, {"type": "Feature", "geometry": {"type": "Point", "coordinates": [-86.1444, 34.1829]}, "properties": {"year": 2022, "state": "Alabama", "age_band": "25-44", "sex": "Male", "lighting": "Dark - Lighted", "hour": "0:00am-0:59am", "month": "July", "crash_group": "Motorist Overtaking Bicyclist", "crash_type": "Motorist Overtaking - Other/ Unknown"}}, {"type": "Feature", "geometry": {"type": "Point", "coordinates": [-86.1092, 33.5814]}, "properties": {"year": 2022, "state": "Alabama", "age_band": "45-64", "sex": "Male", "lighting": "Daylight", "hour": "8:00am-8:59am", "month": "July", "crash_group": "Motorist Overtaking Bicyclist", "crash_type": "Motorist Overtaking - Other/ Unknown"}}, {"type": "Feature", "geometry": {"type": "Point", "coordinates": [-86.0675, 34.0173]}, "properties": {"year": 2022, "state": "Alabama", "age_band": "0-12 (child)", "sex": "Male", "lighting": "Daylight", "hour": "5:00pm-5:59pm", "month": "July", "crash_group": "Other / Unknown - Insufficient Details", "crash_type": "Unknown Approach Paths"}}, {"type": "Feature", "geometry": {"type": "Point", "coordinates": [-86.1018, 32.744]}, "properties": {"year": 2022, "state": "Alabama", "age_band": "65+", "sex": "Male", "lighting": "Daylight", "hour": "5:00pm-5:59pm", "month": "August", "crash_group": "Motorist Overtaking Bicyclist", "crash_type": "Motorist Overtaking - Bicyclist Swerved"}}, {"type": "Feature", "geometry": {"type": "Point", "coordinates": [-85.3747, 31.2169]}, "properties": {"year": 2022, "state": "Alabama", "age_band": "45-64", "sex": "Male", "lighting": "Dark - Lighted", "hour": "8:00pm-8:59pm", "month": "September", "crash_group": "Bicyclist Left Turn / Merge", "crash_type": "Bicyclist Left Turn - Same Direction"}}, {"type": "Feature", "geometry": {"type": "Point", "coordinates": [-86.9271, 33.4706]}, "properties": {"year": 2022, "state": "Alabama", "age_band": "45-64", "sex": "Male", "lighting": "Dark - Not Lighted", "hour": "6:00pm-6:59pm", "month": "October", "crash_group": "Motorist Overtaking Bicyclist", "crash_type": "Motorist Overtaking - Other/ Unknown"}}, {"type": "Feature", "geometry": {"type": "Point", "coordinates": [-85.3209, 32.6867]}, "properties": {"year": 2022, "state": "Alabama", "age_band": "25-44", "sex": "Female", "lighting": "Dark - Not Lighted", "hour": "2:00am-2:59am", "month": "October", "crash_group": "Motorist Overtaking Bicyclist", "crash_type": "Motorist Overtaking - Undetected Bicyclist or Detected - Too Late to Avoid"}}, {"type": "Feature", "geometry": {"type": "Point", "coordinates": [-86.323, 32.3744]}, "properties": {"year": 2022, "state": "Alabama", "age_band": "65+", "sex": "Male", "lighting": "Dark - Not Lighted", "hour": "0:00am-0:59am", "month": "December", "crash_group": "Motorist Overtaking Bicyclist", "crash_type": "Motorist Overtaking - Other/ Unknown"}}, {"type": "Feature", "geometry": {"type": "Point", "coordinates": [-84.9974, 32.4554]}, "properties": {"year": 2022, "state": "Alabama", "age_band": "45-64", "sex": "Male", "lighting": "Dark - Not Lighted", "hour": "6:00pm-6:59pm", "month": "December", "crash_group": "Motorist Overtaking Bicyclist", "crash_type": "Motorist Overtaking - Undetected Bicyclist or Detected - Too Late to Avoid"}}, {"type": "Feature", "geometry": {"type": "Point", "coordinates": [-86.8075, 33.5116]}, "properties": {"year": 2022, "state": "Alabama", "age_band": "45-64", "sex": "Male", "lighting": "Dark - Lighted", "hour": "7:00pm-7:59pm", "month": "October", "crash_group": "Motorist Overtaking Bicyclist", "crash_type": "Motorist Overtaking - Bicyclist Swerved"}}, {"type": "Feature", "geometry": {"type": "Point", "coordinates": [-149.8831, 61.1942]}, "properties": {"year": 2022, "state": "Alaska", "age_band": "65+", "sex": "Male", "lighting": "Dark - Lighted", "hour": "10:00pm-10:59pm", "month": "October", "crash_group": "Bicyclist Failed to Yield - Signalized Intersection", "crash_type": "Bicyclist Ride Through - Signalized Intersection"}}, {"type": "Feature", "geometry": {"type": "Point", "coordinates": [-149.8603, 61.1821]}, "properties": {"year": 2022, "state": "Alaska", "age_band": "65+", "sex": "Male", "lighting": "Daylight", "hour": "12:00pm-12:59pm", "month": "November", "crash_group": "Wrong-Way / Wrong-Side", "crash_type": "Wrong-Way / Wrong-Side - Bicyclist"}}, {"type": "Feature", "geometry": {"type": "Point", "coordinates": [-112.0208, 33.7065]}, "properties": {"year": 2022, "state": "Arizona", "age_band": "25-44", "sex": "Male", "lighting": "Daylight", "hour": "9:00am-9:59am", "month": "January", "crash_group": "Motorist Overtaking Bicyclist", "crash_type": "Motorist Overtaking - Misjudged Space"}}, {"type": "Feature", "geometry": {"type": "Point", "coordinates": [-112.1517, 33.472]}, "properties": {"year": 2022, "state": "Arizona", "age_band": "25-44", "sex": "Female", "lighting": "Dark - Lighted", "hour": "8:00pm-8:59pm", "month": "January", "crash_group": "Bicyclist Failed to Yield - Midblock", "crash_type": "Bicyclist Ride Out - Other Midblock"}}, {"type": "Feature", "geometry": {"type": "Point", "coordinates": [-112.0555, 33.531]}, "properties": {"year": 2022, "state": "Arizona", "age_band": "25-44", "sex": "Female", "lighting": "Dusk", "hour": "5:00pm-5:59pm", "month": "January", "crash_group": "Bicyclist Left Turn / Merge", "crash_type": "Bicyclist Left Turn - Same Direction"}}, {"type": "Feature", "geometry": {"type": "Point", "coordinates": [-112.7351, 33.9656]}, "properties": {"year": 2022, "state": "Arizona", "age_band": "65+", "sex": "Male", "lighting": "Daylight", "hour": "5:00pm-5:59pm", "month": "February", "crash_group": "Crossing Paths - Other Circumstances", "crash_type": "Sign-Controlled Intersection - Other / Unknown"}}, {"type": "Feature", "geometry": {"type": "Point", "coordinates": [-111.8419, 33.3569]}, "properties": {"year": 2022, "state": "Arizona", "age_band": "65+", "sex": "Male", "lighting": "Daylight", "hour": "1:00pm-1:59pm", "month": "February", "crash_group": "Bicyclist Failed to Yield - Midblock", "crash_type": "Bicyclist Ride Out - Other Midblock"}}, {"type": "Feature", "geometry": {"type": "Point", "coordinates": [-109.5545, 31.3382]}, "properties": {"year": 2022, "state": "Arizona", "age_band": "0-12 (child)", "sex": "Male", "lighting": "Daylight", "hour": "7:00am-7:59am", "month": "February", "crash_group": "Motorist Failed to Yield - Sign-Controlled Intersection", "crash_type": "Motorist Drive Out - Sign-Controlled Intersection"}}, {"type": "Feature", "geometry": {"type": "Point", "coordinates": [-112.1561, 33.4949]}, "properties": {"year": 2022, "state": "Arizona", "age_band": "45-64", "sex": "Male", "lighting": "Dark - Lighted", "hour": "8:00pm-8:59pm", "month": "February", "crash_group": "Other / Unknown - Insufficient Details", "crash_type": "Unknown Approach Paths"}}, {"type": "Feature", "geometry": {"type": "Point", "coordinates": [-110.8013, 32.1031]}, "properties": {"year": 2022, "state": "Arizona", "age_band": "25-44", "sex": "Male", "lighting": "Daylight", "hour": "2:00pm-2:59pm", "month": "February", "crash_group": "Wrong-Way / Wrong-Side", "crash_type": "Wrong-Way / Wrong-Side - Bicyclist"}}, {"type": "Feature", "geometry": {"type": "Point", "coordinates": [-112.4871, 33.3338]}, "properties": {"year": 2022, "state": "Arizona", "age_band": "13-17 (teen)", "sex": "Male", "lighting": "Dark - Not Lighted", "hour": "8:00pm-8:59pm", "month": "February", "crash_group": "Bicyclist Right Turn / Merge", "crash_type": "Bicyclist Right Turn - Same Direction"}}, {"type": "Feature", "geometry": {"type": "Point", "coordinates": [-112.2988, 33.6042]}, "properties": {"year": 2022, "state": "Arizona", "age_band": "65+", "sex": "Male", "lighting": "Daylight", "hour": "11:00am-11:59am", "month": "February", "crash_group": "Bicyclist Left Turn / Merge", "crash_type": "Bicyclist Left Turn - Opposite Direction"}}, {"type": "Feature", "geometry": {"type": "Point", "coordinates": [-110.9016, 32.3082]}, "properties": {"year": 2022, "state": "Arizona", "age_band": "45-64", "sex": "Female", "lighting": "Daylight", "hour": "9:00am-9:59am", "month": "March", "crash_group": "Motorist Overtaking Bicyclist", "crash_type": "Motorist Overtaking - Misjudged Space"}}, {"type": "Feature", "geometry": {"type": "Point", "coordinates": [-110.9016, 32.3082]}, "properties": {"year": 2022, "state": "Arizona", "age_band": "65+", "sex": "Male", "lighting": "Daylight", "hour": "9:00am-9:59am", "month": "March", "crash_group": "Motorist Overtaking Bicyclist", "crash_type": "Motorist Overtaking - Misjudged Space"}}, {"type": "Feature", "geometry": {"type": "Point", "coordinates": [-112.2988, 33.5143]}, "properties": {"year": 2022, "state": "Arizona", "age_band": "65+", "sex": "Male", "lighting": "Daylight", "hour": "2:00pm-2:59pm", "month": "March", "crash_group": "Crossing Paths - Other Circumstances", "crash_type": "Crossing Paths - Midblock - Other / Unknown"}}, {"type": "Feature", "geometry": {"type": "Point", "coordinates": [-111.9948, 33.4593]}, "properties": {"year": 2022, "state": "Arizona", "age_band": "25-44", "sex": "Male", "lighting": "Dark - Lighted", "hour": "1:00am-1:59am", "month": "March", "crash_group": "Motorist Overtaking Bicyclist", "crash_type": "Motorist Overtaking - Undetected Bicyclist or Detected - Too Late to Avoid"}}, {"type": "Feature", "geometry": {"type": "Point", "coordinates": [-111.0422, 32.3104]}, "properties": {"year": 2022, "state": "Arizona", "age_band": "25-44", "sex": "Female", "lighting": "Dark - Not Lighted", "hour": "8:00pm-8:59pm", "month": "March", "crash_group": "Motorist Overtaking Bicyclist", "crash_type": "Motorist Overtaking - Misjudged Space"}}, {"type": "Feature", "geometry": {"type": "Point", "coordinates": [-111.8743, 33.4131]}, "properties": {"year": 2022, "state": "Arizona", "age_band": "25-44", "sex": "Female", "lighting": "Daylight", "hour": "11:00am-11:59am", "month": "April", "crash_group": "Motorist Failed to Yield - Signalized Intersection", "crash_type": "Motorist Drive Out - Right-Turn-on-Red"}}, {"type": "Feature", "geometry": {"type": "Point", "coordinates": [-112.0476, 33.4607]}, "properties": {"year": 2022, "state": "Arizona", "age_band": "45-64", "sex": "Male", "lighting": "Dark - Lighted", "hour": "9:00pm-9:59pm", "month": "April", "crash_group": "Crossing Paths - Other Circumstances", "crash_type": "Crossing Paths - Intersection - Other / Unknown Control"}}, {"type": "Feature", "geometry": {"type": "Point", "coordinates": [-112.1126, 33.4766]}, "properties": {"year": 2022, "state": "Arizona", "age_band": "45-64", "sex": "Male", "lighting": "Dark - Lighted", "hour": "9:00pm-9:59pm", "month": "April", "crash_group": "Motorist Overtaking Bicyclist", "crash_type": "Motorist Overtaking - Other/ Unknown"}}, {"type": "Feature", "geometry": {"type": "Point", "coordinates": [-112.4415, 33.361]}, "properties": {"year": 2022, "state": "Arizona", "age_band": "13-17 (teen)", "sex": "Male", "lighting": "Daylight", "hour": "2:00pm-2:59pm", "month": "April", "crash_group": "Crossing Paths - Other Circumstances", "crash_type": "Crossing Paths - Intersection - Other / Unknown Control"}}, {"type": "Feature", "geometry": {"type": "Point", "coordinates": [-112.3363, 34.6522]}, "properties": {"year": 2022, "state": "Arizona", "age_band": "13-17 (teen)", "sex": "Male", "lighting": "Daylight", "hour": "4:00pm-4:59pm", "month": "April", "crash_group": "Loss of Control / Turning Error", "crash_type": "Bicyclist Turning Error - Left turn"}}, {"type": "Feature", "geometry": {"type": "Point", "coordinates": [-111.7228, 33.365]}, "properties": {"year": 2022, "state": "Arizona", "age_band": "45-64", "sex": "Male", "lighting": "Dusk", "hour": "6:00pm-6:59pm", "month": "April", "crash_group": "Motorist Right Turn / Merge", "crash_type": "Motorist right Turn - Opposite Direction"}}, {"type": "Feature", "geometry": {"type": "Point", "coordinates": [-111.961, 33.4176]}, "properties": {"year": 2022, "state": "Arizona", "age_band": "25-44", "sex": "Female", "lighting": "Daylight", "hour": "4:00pm-4:59pm", "month": "February", "crash_group": "Bicyclist Left Turn / Merge", "crash_type": "Bicyclist Left Turn - Same Direction"}}, {"type": "Feature", "geometry": {"type": "Point", "coordinates": [-111.6175, 33.2631]}, "properties": {"year": 2022, "state": "Arizona", "age_band": "65+", "sex": "Male", "lighting": "Dark - Unknown Lighting", "hour": "6:00am-6:59am", "month": "February", "crash_group": "Motorist Left Turn / Merge", "crash_type": "Motorist Left Turn- Opposite Direction"}}, {"type": "Feature", "geometry": {"type": "Point", "coordinates": [-111.8701, 33.4151]}, "properties": {"year": 2022, "state": "Arizona", "age_band": "65+", "sex": "Male", "lighting": "Daylight", "hour": "3:00pm-3:59pm", "month": "March", "crash_group": "Motorist Right Turn / Merge", "crash_type": "Motorist Right Turn on Red - Same Direction"}}, {"type": "Feature", "geometry": {"type": "Point", "coordinates": [-111.7711, 33.4081]}, "properties": {"year": 2022, "state": "Arizona", "age_band": "65+", "sex": "Male", "lighting": "Daylight", "hour": "3:00pm-3:59pm", "month": "May", "crash_group": "Crossing Paths - Other Circumstances", "crash_type": "Signalized Intersection - Other / Unknown"}}, {"type": "Feature", "geometry": {"type": "Point", "coordinates": [-112.4833, 33.3608]}, "properties": {"year": 2022, "state": "Arizona", "age_band": "45-64", "sex": "Male", "lighting": "Daylight", "hour": "6:00am-6:59am", "month": "May", "crash_group": "Motorist Overtaking Bicyclist", "crash_type": "Motorist Overtaking - Undetected Bicyclist or Detected - Too Late to Avoid"}}, {"type": "Feature", "geometry": {"type": "Point", "coordinates": [-112.1169, 33.496]}, "properties": {"year": 2022, "state": "Arizona", "age_band": "45-64", "sex": "Male", "lighting": "Daylight", "hour": "3:00pm-3:59pm", "month": "May", "crash_group": "Motorist Failed to Yield - Midblock", "crash_type": "Motorist Drive-Out - Commercial Driveway"}}, {"type": "Feature", "geometry": {"type": "Point", "coordinates": [-111.2085, 32.3808]}, "properties": {"year": 2022, "state": "Arizona", "age_band": "65+", "sex": "Male", "lighting": "Daylight", "hour": "7:00am-7:59am", "month": "June", "crash_group": "Motorist Overtaking Bicyclist", "crash_type": "Motorist Overtaking - Misjudged Space"}}, {"type": "Feature", "geometry": {"type": "Point", "coordinates": [-112.0602, 33.4875]}, "properties": {"year": 2022, "state": "Arizona", "age_band": "18-24", "sex": "Male", "lighting": "Dark - Lighted", "hour": "10:00pm-10:59pm", "month": "August", "crash_group": "Loss of Control / Turning Error", "crash_type": "Bicyclist Lost Control - Other / Unknown"}}, {"type": "Feature", "geometry": {"type": "Point", "coordinates": [-112.1434, 33.5095]}, "properties": {"year": 2022, "state": "Arizona", "age_band": "45-64", "sex": "Male", "lighting": "Daylight", "hour": "9:00pm-9:59pm", "month": "August", "crash_group": "Loss of Control / Turning Error", "crash_type": "Bicyclist Lost Control - Other / Unknown"}}, {"type": "Feature", "geometry": {"type": "Point", "coordinates": [-112.2033, 33.5238]}, "properties": {"year": 2022, "state": "Arizona", "age_band": "25-44", "sex": "Male", "lighting": "Dark - Lighted", "hour": "4:00am-4:59am", "month": "August", "crash_group": "Bicyclist Failed to Yield - Signalized Intersection", "crash_type": "Bicyclist Ride Through - Signalized Intersection"}}, {"type": "Feature", "geometry": {"type": "Point", "coordinates": [-111.7645, 33.263]}, "properties": {"year": 2022, "state": "Arizona", "age_band": "65+", "sex": "Male", "lighting": "Daylight", "hour": "7:00am-7:59am", "month": "October", "crash_group": "Motorist Overtaking Bicyclist", "crash_type": "Motorist Overtaking - Misjudged Space"}}, {"type": "Feature", "geometry": {"type": "Point", "coordinates": [-111.4584, 36.9168]}, "properties": {"year": 2022, "state": "Arizona", "age_band": "25-44", "sex": "Male", "lighting": "Dusk", "hour": "4:00pm-4:59pm", "month": "October", "crash_group": "Motorist Left Turn / Merge", "crash_type": "Motorist Left Turn- Opposite Direction"}}, {"type": "Feature", "geometry": {"type": "Point", "coordinates": [-112.1301, 33.495]}, "properties": {"year": 2022, "state": "Arizona", "age_band": "45-64", "sex": "Female", "lighting": "Dark - Lighted", "hour": "7:00pm-7:59pm", "month": "March", "crash_group": "Bicyclist Failed to Yield - Signalized Intersection", "crash_type": "Bicyclist Ride Through - Signalized Intersection"}}, {"type": "Feature", "geometry": {"type": "Point", "coordinates": [-112.1689, 33.507]}, "properties": {"year": 2022, "state": "Arizona", "age_band": "45-64", "sex": "Male", "lighting": "Dark - Lighted", "hour": "7:00pm-7:59pm", "month": "May", "crash_group": "Bicyclist Left Turn / Merge", "crash_type": "Bicyclist Left Turn - Same Direction"}}, {"type": "Feature", "geometry": {"type": "Point", "coordinates": [-112.1601, 33.5383]}, "properties": {"year": 2022, "state": "Arizona", "age_band": "65+", "sex": "Male", "lighting": "Dusk", "hour": "4:00pm-4:59pm", "month": "November", "crash_group": "Bicyclist Failed to Yield - Signalized Intersection", "crash_type": "Bicyclist Ride Through - Signalized Intersection"}}, {"type": "Feature", "geometry": {"type": "Point", "coordinates": [-111.0615, 32.1335]}, "properties": {"year": 2022, "state": "Arizona", "age_band": "25-44", "sex": "Male", "lighting": "Dark - Not Lighted", "hour": "3:00am-3:59am", "month": "November", "crash_group": "Other / Unknown - Insufficient Details", "crash_type": "Unknown Approach Paths"}}, {"type": "Feature", "geometry": {"type": "Point", "coordinates": [-112.013, 33.4804]}, "properties": {"year": 2022, "state": "Arizona", "age_band": "65+", "sex": "Male", "lighting": "Dark - Lighted", "hour": "11:00pm-11:59pm", "month": "April", "crash_group": "Motorist Left Turn / Merge", "crash_type": "Motorist Left Turn- Same Direction"}}, {"type": "Feature", "geometry": {"type": "Point", "coordinates": [-112.0111, 33.6265]}, "properties": {"year": 2022, "state": "Arizona", "age_band": "25-44", "sex": "Female", "lighting": "Daylight", "hour": "10:00am-10:59am", "month": "April", "crash_group": "Crossing Paths - Other Circumstances", "crash_type": "Crossing Paths - Midblock - Other / Unknown"}}, {"type": "Feature", "geometry": {"type": "Point", "coordinates": [-112.0373, 33.6]}, "properties": {"year": 2022, "state": "Arizona", "age_band": "45-64", "sex": "Male", "lighting": "Dark - Lighted", "hour": "0:00am-0:59am", "month": "August", "crash_group": "Motorist Overtaking Bicyclist", "crash_type": "Motorist Overtaking - Other/ Unknown"}}, {"type": "Feature", "geometry": {"type": "Point", "coordinates": [-112.1518, 33.4805]}, "properties": {"year": 2022, "state": "Arizona", "age_band": "25-44", "sex": "Male", "lighting": "Dark - Lighted", "hour": "4:00am-4:59am", "month": "September", "crash_group": "Other / Unknown - Insufficient Details", "crash_type": "Unknown Approach Paths"}}, {"type": "Feature", "geometry": {"type": "Point", "coordinates": [-112.191, 33.437]}, "properties": {"year": 2022, "state": "Arizona", "age_band": "25-44", "sex": "Male", "lighting": "Dark - Lighted", "hour": "5:00am-5:59am", "month": "September", "crash_group": "Motorist Overtaking Bicyclist", "crash_type": "Motorist Overtaking - Other/ Unknown"}}, {"type": "Feature", "geometry": {"type": "Point", "coordinates": [-112.1953, 33.495]}, "properties": {"year": 2022, "state": "Arizona", "age_band": "13-17 (teen)", "sex": "Female", "lighting": "Dark - Lighted", "hour": "10:00pm-10:59pm", "month": "September", "crash_group": "Bicyclist Failed to Yield - Signalized Intersection", "crash_type": "Bicyclist Ride Out - Signalized Intersection"}}, {"type": "Feature", "geometry": {"type": "Point", "coordinates": [-112.019, 33.407]}, "properties": {"year": 2022, "state": "Arizona", "age_band": "65+", "sex": "Male", "lighting": "Daylight", "hour": "1:00pm-1:59pm", "month": "October", "crash_group": "Bicyclist Left Turn / Merge", "crash_type": "Bicyclist Left Turn - Same Direction"}}, {"type": "Feature", "geometry": {"type": "Point", "coordinates": [-110.9097, 32.2388]}, "properties": {"year": 2022, "state": "Arizona", "age_band": "65+", "sex": "Male", "lighting": "Daylight", "hour": "9:00am-9:59am", "month": "July", "crash_group": "Bicyclist Left Turn / Merge", "crash_type": "Bicyclist Left Turn - Same Direction"}}, {"type": "Feature", "geometry": {"type": "Point", "coordinates": [-112.0092, 33.4594]}, "properties": {"year": 2022, "state": "Arizona", "age_band": "45-64", "sex": "Male", "lighting": "Dark - Lighted", "hour": "7:00pm-7:59pm", "month": "November", "crash_group": "Bicyclist Failed to Yield - Midblock", "crash_type": "Bicyclist Ride Out - Other Midblock"}}, {"type": "Feature", "geometry": {"type": "Point", "coordinates": [-110.8753, 32.2551]}, "properties": {"year": 2022, "state": "Arizona", "age_band": "25-44", "sex": "Male", "lighting": "Dark - Not Lighted", "hour": "4:00am-4:59am", "month": "December", "crash_group": "Other / Unknown - Insufficient Details", "crash_type": "Unknown Approach Paths"}}, {"type": "Feature", "geometry": {"type": "Point", "coordinates": [-110.8216, 32.2063]}, "properties": {"year": 2022, "state": "Arizona", "age_band": "13-17 (teen)", "sex": "Male", "lighting": "Daylight", "hour": "8:00am-8:59am", "month": "July", "crash_group": "Motorist Failed to Yield - Midblock", "crash_type": "Motorist Drive-Out - Commercial Driveway"}}, {"type": "Feature", "geometry": {"type": "Point", "coordinates": [-110.9812, 32.2504]}, "properties": {"year": 2022, "state": "Arizona", "age_band": "45-64", "sex": "Male", "lighting": "Dawn", "hour": "5:00am-5:59am", "month": "August", "crash_group": "Other / Unknown - Insufficient Details", "crash_type": "Unknown Location"}}, {"type": "Feature", "geometry": {"type": "Point", "coordinates": [-112.5738, 33.4317]}, "properties": {"year": 2022, "state": "Arizona", "age_band": "0-12 (child)", "sex": "Male", "lighting": "Reported as Unknown", "hour": "12:00pm-12:59pm", "month": "November", "crash_group": "Other / Unknown - Insufficient Details", "crash_type": "Unknown Approach Paths"}}, {"type": "Feature", "geometry": {"type": "Point", "coordinates": [-90.7338, 35.5646]}, "properties": {"year": 2022, "state": "Arkansas", "age_band": "45-64", "sex": "Male", "lighting": "Dark - Not Lighted", "hour": "8:00pm-8:59pm", "month": "January", "crash_group": "Bicyclist Failed to Yield - Sign-Controlled Intersection", "crash_type": "Bicyclist Ride Through - Sign-Controlled Intersection"}}, {"type": "Feature", "geometry": {"type": "Point", "coordinates": [-94.4131, 35.3864]}, "properties": {"year": 2022, "state": "Arkansas", "age_band": "45-64", "sex": "Male", "lighting": "Dark - Not Lighted", "hour": "8:00pm-8:59pm", "month": "February", "crash_group": "Motorist Overtaking Bicyclist", "crash_type": "Motorist Overtaking - Other/ Unknown"}}, {"type": "Feature", "geometry": {"type": "Point", "coordinates": [-93.8007, 34.623]}, "properties": {"year": 2022, "state": "Arkansas", "age_band": "65+", "sex": "Male", "lighting": "Daylight", "hour": "4:00pm-4:59pm", "month": "March", "crash_group": "Bicyclist Left Turn / Merge", "crash_type": "Bicyclist Left Turn - Same Direction"}}, {"type": "Feature", "geometry": {"type": "Point", "coordinates": [-92.7608, 35.1228]}, "properties": {"year": 2022, "state": "Arkansas", "age_band": "25-44", "sex": "Male", "lighting": "Dark - Not Lighted", "hour": "0:00am-0:59am", "month": "May", "crash_group": "Motorist Overtaking Bicyclist", "crash_type": "Motorist Overtaking - Undetected Bicyclist or Detected - Too Late to Avoid"}}, {"type": "Feature", "geometry": {"type": "Point", "coordinates": [-92.0651, 34.2462]}, "properties": {"year": 2022, "state": "Arkansas", "age_band": "45-64", "sex": "Male", "lighting": "Daylight", "hour": "7:00pm-7:59pm", "month": "June", "crash_group": "Wrong-Way / Wrong-Side", "crash_type": "Wrong-Way / Wrong-Side - Bicyclist"}}, {"type": "Feature", "geometry": {"type": "Point", "coordinates": [-92.0594, 34.1938]}, "properties": {"year": 2022, "state": "Arkansas", "age_band": "25-44", "sex": "Male", "lighting": "Dark - Lighted", "hour": "5:00am-5:59am", "month": "August", "crash_group": "Crossing Paths - Other Circumstances", "crash_type": "Signalized Intersection - Other / Unknown"}}, {"type": "Feature", "geometry": {"type": "Point", "coordinates": [-119.395, 36.6068]}, "properties": {"year": 2022, "state": "California", "age_band": "65+", "sex": "Male", "lighting": "Dark - Not Lighted", "hour": "6:00pm-6:59pm", "month": "January", "crash_group": "Motorist Overtaking Bicyclist", "crash_type": "Motorist Overtaking - Other/ Unknown"}}, {"type": "Feature", "geometry": {"type": "Point", "coordinates": [-122.2808, 40.3933]}, "properties": {"year": 2022, "state": "California", "age_band": "45-64", "sex": "Male", "lighting": "Dark - Lighted", "hour": "8:00pm-8:59pm", "month": "February", "crash_group": "Motorist Failed to Yield - Midblock", "crash_type": "Motorist Drive-Out - Commercial Driveway"}}, {"type": "Feature", "geometry": {"type": "Point", "coordinates": [-122.3146, 40.4684]}, "properties": {"year": 2022, "state": "California", "age_band": "45-64", "sex": "Male", "lighting": "Dark - Not Lighted", "hour": "6:00pm-6:59pm", "month": "January", "crash_group": "Motorist Overtaking Bicyclist", "crash_type": "Motorist Overtaking - Undetected Bicyclist or Detected - Too Late to Avoid"}}, {"type": "Feature", "geometry": {"type": "Point", "coordinates": [-118.1875, 33.8949]}, "properties": {"year": 2022, "state": "California", "age_band": "45-64", "sex": "Male", "lighting": "Daylight", "hour": "4:00pm-4:59pm", "month": "February", "crash_group": "Loss of Control / Turning Error", "crash_type": "Motorist Lost Control - Other / Unknown"}}, {"type": "Feature", "geometry": {"type": "Point", "coordinates": [-117.8659, 33.8565]}, "properties": {"year": 2022, "state": "California", "age_band": "65+", "sex": "Male", "lighting": "Daylight", "hour": "7:00am-7:59am", "month": "January", "crash_group": "Motorist Left Turn / Merge", "crash_type": "Motorist Left Turn- Opposite Direction"}}, {"type": "Feature", "geometry": {"type": "Point", "coordinates": [-117.9292, 33.745]}, "properties": {"year": 2022, "state": "California", "age_band": "45-64", "sex": "Female", "lighting": "Daylight", "hour": "4:00pm-4:59pm", "month": "February", "crash_group": "Motorist Overtaking Bicyclist", "crash_type": "Motorist Overtaking - Misjudged Space"}}, {"type": "Feature", "geometry": {"type": "Point", "coordinates": [-116.5454, 33.9023]}, "properties": {"year": 2022, "state": "California", "age_band": "25-44", "sex": "Female", "lighting": "Dark - Lighted", "hour": "5:00am-5:59am", "month": "March", "crash_group": "Bicyclist Failed to Yield - Sign-Controlled Intersection", "crash_type": "Bicyclist Ride Out - Sign-Controlled Intersection"}}, {"type": "Feature", "geometry": {"type": "Point", "coordinates": [-117.9414, 33.8105]}, "properties": {"year": 2022, "state": "California", "age_band": "65+", "sex": "Male", "lighting": "Daylight", "hour": "8:00am-8:59am", "month": "May", "crash_group": "Crossing Paths - Other Circumstances", "crash_type": "Signalized Intersection - Other / Unknown"}}, {"type": "Feature", "geometry": {"type": "Point", "coordinates": [-119.0032, 35.3155]}, "properties": {"year": 2022, "state": "California", "age_band": "25-44", "sex": "Female", "lighting": "Dark - Lighted", "hour": "2:00am-2:59am", "month": "March", "crash_group": "Motorist Overtaking Bicyclist", "crash_type": "Motorist Overtaking - Other/ Unknown"}}, {"type": "Feature", "geometry": {"type": "Point", "coordinates": [-121.5447, 39.0739]}, "properties": {"year": 2022, "state": "California", "age_band": "25-44", "sex": "Male", "lighting": "Dark - Lighted", "hour": "9:00pm-9:59pm", "month": "March", "crash_group": "Motorist Overtaking Bicyclist", "crash_type": "Motorist Overtaking - Undetected Bicyclist or Detected - Too Late to Avoid"}}, {"type": "Feature", "geometry": {"type": "Point", "coordinates": [-121.2102, 37.7832]}, "properties": {"year": 2022, "state": "California", "age_band": "25-44", "sex": "Male", "lighting": "Daylight", "hour": "7:00pm-7:59pm", "month": "May", "crash_group": "Wrong-Way / Wrong-Side", "crash_type": "Wrong-Way / Wrong-Side - Bicyclist"}}, {"type": "Feature", "geometry": {"type": "Point", "coordinates": [-118.3991, 34.3509]}, "properties": {"year": 2022, "state": "California", "age_band": "25-44", "sex": "Male", "lighting": "Daylight", "hour": "12:00pm-12:59pm", "month": "April", "crash_group": "Wrong-Way / Wrong-Side", "crash_type": "Wrong-Way / Wrong-Side - Bicyclist"}}, {"type": "Feature", "geometry": {"type": "Point", "coordinates": [-117.5854, 33.8638]}, "properties": {"year": 2022, "state": "California", "age_band": "13-17 (teen)", "sex": "Male", "lighting": "Dusk", "hour": "4:00pm-4:59pm", "month": "January", "crash_group": "Bicyclist Failed to Yield - Signalized Intersection", "crash_type": "Bicyclist Ride Through - Signalized Intersection"}}, {"type": "Feature", "geometry": {"type": "Point", "coordinates": [-116.9279, 33.7903]}, "properties": {"year": 2022, "state": "California", "age_band": "65+", "sex": "Male", "lighting": "Daylight", "hour": "6:00pm-6:59pm", "month": "March", "crash_group": "Bicyclist Left Turn / Merge", "crash_type": "Bicyclist Left Turn - Same Direction"}}, {"type": "Feature", "geometry": {"type": "Point", "coordinates": [-122.3467, 37.968]}, "properties": {"year": 2022, "state": "California", "age_band": "65+", "sex": "Male", "lighting": "Dark - Lighted", "hour": "0:00am-0:59am", "month": "May", "crash_group": "Parallel Paths - Other Circumstances", "crash_type": "Parallel Paths - Other / Unknown"}}, {"type": "Feature", "geometry": {"type": "Point", "coordinates": [-120.559, 35.0892]}, "properties": {"year": 2022, "state": "California", "age_band": "18-24", "sex": "Male", "lighting": "Dark - Not Lighted", "hour": "11:00pm-11:59pm", "month": "May", "crash_group": "Motorist Overtaking Bicyclist", "crash_type": "Motorist Overtaking - Other/ Unknown"}}, {"type": "Feature", "geometry": {"type": "Point", "coordinates": [-124.1879, 40.758]}, "properties": {"year": 2022, "state": "California", "age_band": "65+", "sex": "Male", "lighting": "Daylight", "hour": "4:00pm-4:59pm", "month": "March", "crash_group": "Loss of Control / Turning Error", "crash_type": "Bicyclist Turning Error - Left turn"}}, {"type": "Feature", "geometry": {"type": "Point", "coordinates": [-121.5197, 39.0693]}, "properties": {"year": 2022, "state": "California", "age_band": "25-44", "sex": "Male", "lighting": "Dark - Lighted", "hour": "4:00am-4:59am", "month": "July", "crash_group": "Motorist Overtaking Bicyclist", "crash_type": "Motorist Overtaking - Undetected Bicyclist or Detected - Too Late to Avoid"}}, {"type": "Feature", "geometry": {"type": "Point", "coordinates": [-117.954, 33.687]}, "properties": {"year": 2022, "state": "California", "age_band": "65+", "sex": "Male", "lighting": "Daylight", "hour": "6:00am-6:59am", "month": "July", "crash_group": "Motorist Left Turn / Merge", "crash_type": "Motorist Left Turn- Opposite Direction"}}, {"type": "Feature", "geometry": {"type": "Point", "coordinates": [-119.4306, 36.5684]}, "properties": {"year": 2022, "state": "California", "age_band": "18-24", "sex": "Male", "lighting": "Dark - Not Lighted", "hour": "9:00pm-9:59pm", "month": "July", "crash_group": "Bicyclist Failed to Yield - Midblock", "crash_type": "Bicyclist Ride Out - Other Midblock"}}, {"type": "Feature", "geometry": {"type": "Point", "coordinates": [-119.2843, 36.3268]}, "properties": {"year": 2022, "state": "California", "age_band": "25-44", "sex": "Male", "lighting": "Dark - Lighted", "hour": "5:00am-5:59am", "month": "July", "crash_group": "Motorist Overtaking Bicyclist", "crash_type": "Motorist Overtaking - Undetected Bicyclist or Detected - Too Late to Avoid"}}, {"type": "Feature", "geometry": {"type": "Point", "coordinates": [-119.7903, 36.8372]}, "properties": {"year": 2022, "state": "California", "age_band": "65+", "sex": "Male", "lighting": "Dawn", "hour": "5:00am-5:59am", "month": "May", "crash_group": "Bicyclist Failed to Yield - Signalized Intersection", "crash_type": "Bicyclist Ride Through - Signalized Intersection"}}, {"type": "Feature", "geometry": {"type": "Point", "coordinates": [-118.1851, 34.1086]}, "properties": {"year": 2022, "state": "California", "age_band": "25-44", "sex": "Male", "lighting": "Dark - Lighted", "hour": "0:00am-0:59am", "month": "February", "crash_group": "Motorist Overtaking Bicyclist", "crash_type": "Motorist Overtaking - Undetected Bicyclist or Detected - Too Late to Avoid"}}, {"type": "Feature", "geometry": {"type": "Point", "coordinates": [-117.3966, 34.0403]}, "properties": {"year": 2022, "state": "California", "age_band": "45-64", "sex": "Male", "lighting": "Dark - Lighted", "hour": "9:00pm-9:59pm", "month": "March", "crash_group": "Bicyclist Failed to Yield - Signalized Intersection", "crash_type": "Bicyclist Ride Through - Signalized Intersection"}}, {"type": "Feature", "geometry": {"type": "Point", "coordinates": [-121.3396, 38.6726]}, "properties": {"year": 2022, "state": "California", "age_band": "45-64", "sex": "Male", "lighting": "Daylight", "hour": "12:00pm-12:59pm", "month": "June", "crash_group": "Bicyclist Failed to Yield - Sign-Controlled Intersection", "crash_type": "Bicyclist Ride Through - Sign-Controlled Intersection"}}, {"type": "Feature", "geometry": {"type": "Point", "coordinates": [-117.0502, 33.7266]}, "properties": {"year": 2022, "state": "California", "age_band": "45-64", "sex": "Male", "lighting": "Dark - Not Lighted", "hour": "7:00pm-7:59pm", "month": "February", "crash_group": "Motorist Overtaking Bicyclist", "crash_type": "Motorist Overtaking - Undetected Bicyclist or Detected - Too Late to Avoid"}}, {"type": "Feature", "geometry": {"type": "Point", "coordinates": [-117.576, 34.04]}, "properties": {"year": 2022, "state": "California", "age_band": "45-64", "sex": "Male", "lighting": "Daylight", "hour": "8:00am-8:59am", "month": "July", "crash_group": "Motorist Overtaking Bicyclist", "crash_type": "Motorist Overtaking - Misjudged Space"}}, {"type": "Feature", "geometry": {"type": "Point", "coordinates": [-118.5837, 34.2428]}, "properties": {"year": 2022, "state": "California", "age_band": "25-44", "sex": "Female", "lighting": "Dark - Lighted", "hour": "7:00pm-7:59pm", "month": "January", "crash_group": "Motorist Overtaking Bicyclist", "crash_type": "Motorist Overtaking - Undetected Bicyclist or Detected - Too Late to Avoid"}}, {"type": "Feature", "geometry": {"type": "Point", "coordinates": [-118.5837, 34.2428]}, "properties": {"year": 2022, "state": "California", "age_band": "45-64", "sex": "Male", "lighting": "Dark - Lighted", "hour": "7:00pm-7:59pm", "month": "January", "crash_group": "Motorist Overtaking Bicyclist", "crash_type": "Motorist Overtaking - Undetected Bicyclist or Detected - Too Late to Avoid"}}, {"type": "Feature", "geometry": {"type": "Point", "coordinates": [-118.0232, 33.6724]}, "properties": {"year": 2022, "state": "California", "age_band": "45-64", "sex": "Female", "lighting": "Dark - Not Lighted", "hour": "11:00pm-11:59pm", "month": "January", "crash_group": "Motorist Overtaking Bicyclist", "crash_type": "Motorist Overtaking - Undetected Bicyclist or Detected - Too Late to Avoid"}}, {"type": "Feature", "geometry": {"type": "Point", "coordinates": [-119.6482, 36.3719]}, "properties": {"year": 2022, "state": "California", "age_band": "65+", "sex": "Male", "lighting": "Daylight", "hour": "11:00am-11:59am", "month": "January", "crash_group": "Motorist Overtaking Bicyclist", "crash_type": "Motorist Overtaking - Misjudged Space"}}, {"type": "Feature", "geometry": {"type": "Point", "coordinates": [-118.1303, 34.7185]}, "properties": {"year": 2022, "state": "California", "age_band": "25-44", "sex": "Male", "lighting": "Dark - Not Lighted", "hour": "9:00pm-9:59pm", "month": "February", "crash_group": "Motorist Overtaking Bicyclist", "crash_type": "Motorist Overtaking - Undetected Bicyclist or Detected - Too Late to Avoid"}}, {"type": "Feature", "geometry": {"type": "Point", "coordinates": [-120.6586, 35.6157]}, "properties": {"year": 2022, "state": "California", "age_band": "45-64", "sex": "Male", "lighting": "Daylight", "hour": "12:00pm-12:59pm", "month": "July", "crash_group": "Bicyclist Left Turn / Merge", "crash_type": "Bicyclist Left Turn - Same Direction"}}, {"type": "Feature", "geometry": {"type": "Point", "coordinates": [-119.8445, 36.72]}, "properties": {"year": 2022, "state": "California", "age_band": "65+", "sex": "Male", "lighting": "Dark - Lighted", "hour": "2:00am-2:59am", "month": "August", "crash_group": "Motorist Overtaking Bicyclist", "crash_type": "Motorist Overtaking - Other/ Unknown"}}, {"type": "Feature", "geometry": {"type": "Point", "coordinates": [-117.8683, 33.6426]}, "properties": {"year": 2022, "state": "California", "age_band": "25-44", "sex": "Male", "lighting": "Daylight", "hour": "8:00am-8:59am", "month": "September", "crash_group": "Motorist Overtaking Bicyclist", "crash_type": "Motorist Overtaking - Undetected Bicyclist or Detected - Too Late to Avoid"}}, {"type": "Feature", "geometry": {"type": "Point", "coordinates": [-124.0841, 40.8893]}, "properties": {"year": 2022, "state": "California", "age_band": "45-64", "sex": "Male", "lighting": "Daylight", "hour": "3:00pm-3:59pm", "month": "February", "crash_group": "Bicyclist Left Turn / Merge", "crash_type": "Bicyclist Left Turn - Same Direction"}}, {"type": "Feature", "geometry": {"type": "Point", "coordinates": [-118.9933, 37.0097]}, "properties": {"year": 2022, "state": "California", "age_band": "45-64", "sex": "Male", "lighting": "Daylight", "hour": "10:00am-10:59am", "month": "July", "crash_group": "Loss of Control / Turning Error", "crash_type": "Bicyclist Lost Control - Oversteering, Improper Braking, Speed"}}, {"type": "Feature", "geometry": {"type": "Point", "coordinates": [-117.3262, 33.1196]}, "properties": {"year": 2022, "state": "California", "age_band": "65+", "sex": "Male", "lighting": "Daylight", "hour": "1:00pm-1:59pm", "month": "August", "crash_group": "Bicyclist Left Turn / Merge", "crash_type": "Bicyclist Left Turn - Same Direction"}}, {"type": "Feature", "geometry": {"type": "Point", "coordinates": [-117.6984, 34.0954]}, "properties": {"year": 2022, "state": "California", "age_band": "65+", "sex": "Male", "lighting": "Daylight", "hour": "1:00pm-1:59pm", "month": "February", "crash_group": "Bicyclist Left Turn / Merge", "crash_type": "Bicyclist Left Turn - Same Direction"}}, {"type": "Feature", "geometry": {"type": "Point", "coordinates": [-117.0899, 33.1414]}, "properties": {"year": 2022, "state": "California", "age_band": "65+", "sex": "Male", "lighting": "Daylight", "hour": "10:00am-10:59am", "month": "August", "crash_group": "Motorist Overtaking Bicyclist", "crash_type": "Motorist Overtaking - Other/ Unknown"}}, {"type": "Feature", "geometry": {"type": "Point", "coordinates": [-117.367, 33.993]}, "properties": {"year": 2022, "state": "California", "age_band": "13-17 (teen)", "sex": "Male", "lighting": "Dark - Lighted", "hour": "9:00pm-9:59pm", "month": "March", "crash_group": "Wrong-Way / Wrong-Side", "crash_type": "Wrong-Way / Wrong-Side - Bicyclist"}}, {"type": "Feature", "geometry": {"type": "Point", "coordinates": [-122.0143, 37.3406]}, "properties": {"year": 2022, "state": "California", "age_band": "45-64", "sex": "Male", "lighting": "Daylight", "hour": "5:00pm-5:59pm", "month": "September", "crash_group": "Bicyclist Left Turn / Merge", "crash_type": "Bicyclist Left Turn - Same Direction"}}, {"type": "Feature", "geometry": {"type": "Point", "coordinates": [-122.073, 37.3803]}, "properties": {"year": 2022, "state": "California", "age_band": "13-17 (teen)", "sex": "Male", "lighting": "Daylight", "hour": "8:00am-8:59am", "month": "March", "crash_group": "Motorist Right Turn / Merge", "crash_type": "Motorist Right Turn - Same Direction"}}, {"type": "Feature", "geometry": {"type": "Point", "coordinates": [-122.3381, 37.9605]}, "properties": {"year": 2022, "state": "California", "age_band": "45-64", "sex": "Male", "lighting": "Dark - Lighted", "hour": "3:00am-3:59am", "month": "August", "crash_group": "Other / Unknown - Insufficient Details", "crash_type": "Unknown Approach Paths"}}, {"type": "Feature", "geometry": {"type": "Point", "coordinates": [-117.8852, 33.7273]}, "properties": {"year": 2022, "state": "California", "age_band": "65+", "sex": "Male", "lighting": "Daylight", "hour": "8:00am-8:59am", "month": "June", "crash_group": "Crossing Paths - Other Circumstances", "crash_type": "Crossing Paths - Intersection - Other / Unknown Control"}}, {"type": "Feature", "geometry": {"type": "Point", "coordinates": [-122.6242, 38.0112]}, "properties": {"year": 2022, "state": "California", "age_band": "45-64", "sex": "Male", "lighting": "Daylight", "hour": "11:00am-11:59am", "month": "January", "crash_group": "Motorist Overtaking Bicyclist", "crash_type": "Motorist Overtaking - Other/ Unknown"}}, {"type": "Feature", "geometry": {"type": "Point", "coordinates": [-118.2146, 34.0481]}, "properties": {"year": 2022, "state": "California", "age_band": "25-44", "sex": "Female", "lighting": "Dark - Not Lighted", "hour": "2:00am-2:59am", "month": "March", "crash_group": "Motorist Overtaking Bicyclist", "crash_type": "Motorist Overtaking - Undetected Bicyclist or Detected - Too Late to Avoid"}}, {"type": "Feature", "geometry": {"type": "Point", "coordinates": [-119.0385, 35.3789]}, "properties": {"year": 2022, "state": "California", "age_band": "65+", "sex": "Male", "lighting": "Dark - Lighted", "hour": "0:00am-0:59am", "month": "August", "crash_group": "Parallel Paths - Other Circumstances", "crash_type": "Parallel Paths - Other / Unknown"}}, {"type": "Feature", "geometry": {"type": "Point", "coordinates": [-117.9191, 33.7451]}, "properties": {"year": 2022, "state": "California", "age_band": "45-64", "sex": "Male", "lighting": "Dark - Lighted", "hour": "6:00pm-6:59pm", "month": "January", "crash_group": "Bicyclist Left Turn / Merge", "crash_type": "Bicyclist Left Turn - Same Direction"}}, {"type": "Feature", "geometry": {"type": "Point", "coordinates": [-121.2719, 38.7088]}, "properties": {"year": 2022, "state": "California", "age_band": "45-64", "sex": "Male", "lighting": "Daylight", "hour": "4:00pm-4:59pm", "month": "July", "crash_group": "Bicyclist Failed to Yield - Midblock", "crash_type": "Bicyclist Ride Out - Midblock - Unknown"}}, {"type": "Feature", "geometry": {"type": "Point", "coordinates": [-118.2784, 34.0211]}, "properties": {"year": 2022, "state": "California", "age_band": "25-44", "sex": "Male", "lighting": "Dark - Lighted", "hour": "2:00am-2:59am", "month": "July", "crash_group": "Motorist Overtaking Bicyclist", "crash_type": "Motorist Overtaking - Other/ Unknown"}}, {"type": "Feature", "geometry": {"type": "Point", "coordinates": [-118.0352, 34.0926]}, "properties": {"year": 2022, "state": "California", "age_band": "45-64", "sex": "Male", "lighting": "Dark - Lighted", "hour": "8:00pm-8:59pm", "month": "March", "crash_group": "Motorist Overtaking Bicyclist", "crash_type": "Motorist Overtaking - Misjudged Space"}}, {"type": "Feature", "geometry": {"type": "Point", "coordinates": [-117.9526, 33.731]}, "properties": {"year": 2022, "state": "California", "age_band": "45-64", "sex": "Female", "lighting": "Dark - Lighted", "hour": "4:00am-4:59am", "month": "November", "crash_group": "Parallel Paths - Other Circumstances", "crash_type": "Parallel Paths - Other / Unknown"}}, {"type": "Feature", "geometry": {"type": "Point", "coordinates": [-118.0411, 34.0764]}, "properties": {"year": 2022, "state": "California", "age_band": "45-64", "sex": "Male", "lighting": "Dark - Lighted", "hour": "1:00am-1:59am", "month": "March", "crash_group": "Bicyclist Failed to Yield - Signalized Intersection", "crash_type": "Bicyclist Ride Through - Signalized Intersection"}}, {"type": "Feature", "geometry": {"type": "Point", "coordinates": [-117.7598, 34.0729]}, "properties": {"year": 2022, "state": "California", "age_band": "Unknown", "sex": "Not Reported", "lighting": "Daylight", "hour": "7:00pm-7:59pm", "month": "August", "crash_group": "Loss of Control / Turning Error", "crash_type": "Bicyclist Turning Error - Left turn"}}, {"type": "Feature", "geometry": {"type": "Point", "coordinates": [-120.859, 37.1]}, "properties": {"year": 2022, "state": "California", "age_band": "18-24", "sex": "Female", "lighting": "Dark - Not Lighted", "hour": "7:00pm-7:59pm", "month": "October", "crash_group": "Motorist Overtaking Bicyclist", "crash_type": "Motorist Overtaking - Undetected Bicyclist or Detected - Too Late to Avoid"}}, {"type": "Feature", "geometry": {"type": "Point", "coordinates": [-121.5066, 37.426]}, "properties": {"year": 2022, "state": "California", "age_band": "45-64", "sex": "Female", "lighting": "Daylight", "hour": "2:00pm-2:59pm", "month": "February", "crash_group": "Wrong-Way / Wrong-Side", "crash_type": "Wrong-Way / Wrong-Side - Motorist"}}, {"type": "Feature", "geometry": {"type": "Point", "coordinates": [-118.2655, 33.8867]}, "properties": {"year": 2022, "state": "California", "age_band": "65+", "sex": "Male", "lighting": "Daylight", "hour": "11:00am-11:59am", "month": "October", "crash_group": "Motorist Overtaking Bicyclist", "crash_type": "Motorist Overtaking - Other/ Unknown"}}, {"type": "Feature", "geometry": {"type": "Point", "coordinates": [-117.5907, 33.574]}, "properties": {"year": 2022, "state": "California", "age_band": "0-12 (child)", "sex": "Male", "lighting": "Daylight", "hour": "7:00am-7:59am", "month": "September", "crash_group": "Motorist Left Turn / Merge", "crash_type": "Motorist Left Turn- Opposite Direction"}}, {"type": "Feature", "geometry": {"type": "Point", "coordinates": [-124.1913, 40.7541]}, "properties": {"year": 2022, "state": "California", "age_band": "45-64", "sex": "Male", "lighting": "Dark - Not Lighted", "hour": "7:00pm-7:59pm", "month": "October", "crash_group": "Motorist Overtaking Bicyclist", "crash_type": "Motorist Overtaking - Undetected Bicyclist or Detected - Too Late to Avoid"}}, {"type": "Feature", "geometry": {"type": "Point", "coordinates": [-118.2251, 33.9959]}, "properties": {"year": 2022, "state": "California", "age_band": "45-64", "sex": "Male", "lighting": "Daylight", "hour": "7:00am-7:59am", "month": "April", "crash_group": "Parallel Paths - Other Circumstances", "crash_type": "Bicyclist Ride Out - Parallel Path"}}, {"type": "Feature", "geometry": {"type": "Point", "coordinates": [-119.2446, 35.4789]}, "properties": {"year": 2022, "state": "California", "age_band": "25-44", "sex": "Male", "lighting": "Dark - Not Lighted", "hour": "2:00am-2:59am", "month": "September", "crash_group": "Motorist Overtaking Bicyclist", "crash_type": "Motorist Overtaking - Undetected Bicyclist or Detected - Too Late to Avoid"}}, {"type": "Feature", "geometry": {"type": "Point", "coordinates": [-118.3449, 34.0476]}, "properties": {"year": 2022, "state": "California", "age_band": "45-64", "sex": "Male", "lighting": "Dark - Lighted", "hour": "5:00am-5:59am", "month": "April", "crash_group": "Bicyclist Failed to Yield - Midblock", "crash_type": "Bicyclist Ride Out - Other Midblock"}}, {"type": "Feature", "geometry": {"type": "Point", "coordinates": [-118.4489, 34.2047]}, "properties": {"year": 2022, "state": "California", "age_band": "65+", "sex": "Male", "lighting": "Dark - Lighted", "hour": "8:00pm-8:59pm", "month": "April", "crash_group": "Motorist Left Turn / Merge", "crash_type": "Motorist Left Turn- Opposite Direction"}}, {"type": "Feature", "geometry": {"type": "Point", "coordinates": [-118.2757, 34.1307]}, "properties": {"year": 2022, "state": "California", "age_band": "65+", "sex": "Male", "lighting": "Daylight", "hour": "3:00pm-3:59pm", "month": "April", "crash_group": "Loss of Control / Turning Error", "crash_type": "Motorist Lost Control - Alcohol / Drug Impairment"}}, {"type": "Feature", "geometry": {"type": "Point", "coordinates": [-119.1455, 35.3916]}, "properties": {"year": 2022, "state": "California", "age_band": "25-44", "sex": "Male", "lighting": "Dark - Lighted", "hour": "5:00am-5:59am", "month": "October", "crash_group": "Motorist Overtaking Bicyclist", "crash_type": "Motorist Overtaking - Undetected Bicyclist or Detected - Too Late to Avoid"}}, {"type": "Feature", "geometry": {"type": "Point", "coordinates": [-121.4291, 38.6485]}, "properties": {"year": 2022, "state": "California", "age_band": "25-44", "sex": "Female", "lighting": "Daylight", "hour": "5:00pm-5:59pm", "month": "April", "crash_group": "Wrong-Way / Wrong-Side", "crash_type": "Wrong-Way / Wrong-Side - Bicyclist"}}, {"type": "Feature", "geometry": {"type": "Point", "coordinates": [-122.3917, 37.3318]}, "properties": {"year": 2022, "state": "California", "age_band": "45-64", "sex": "Male", "lighting": "Daylight", "hour": "4:00pm-4:59pm", "month": "June", "crash_group": "Loss of Control / Turning Error", "crash_type": "Motorist Lost Control - Alcohol / Drug Impairment"}}, {"type": "Feature", "geometry": {"type": "Point", "coordinates": [-118.5112, 34.0248]}, "properties": {"year": 2022, "state": "California", "age_band": "25-44", "sex": "Male", "lighting": "Dark - Lighted", "hour": "3:00am-3:59am", "month": "November", "crash_group": "Motorist Overtaking Bicyclist", "crash_type": "Motorist Overtaking - Undetected Bicyclist or Detected - Too Late to Avoid"}}, {"type": "Feature", "geometry": {"type": "Point", "coordinates": [-118.2985, 34.0527]}, "properties": {"year": 2022, "state": "California", "age_band": "25-44", "sex": "Male", "lighting": "Dark - Lighted", "hour": "3:00am-3:59am", "month": "April", "crash_group": "Motorist Overtaking Bicyclist", "crash_type": "Motorist Overtaking - Other/ Unknown"}}, {"type": "Feature", "geometry": {"type": "Point", "coordinates": [-118.2985, 34.0527]}, "properties": {"year": 2022, "state": "California", "age_band": "18-24", "sex": "Male", "lighting": "Dark - Lighted", "hour": "3:00am-3:59am", "month": "April", "crash_group": "Motorist Overtaking Bicyclist", "crash_type": "Motorist Overtaking - Other/ Unknown"}}, {"type": "Feature", "geometry": {"type": "Point", "coordinates": [-116.9719, 33.7852]}, "properties": {"year": 2022, "state": "California", "age_band": "25-44", "sex": "Male", "lighting": "Dark - Not Lighted", "hour": "8:00pm-8:59pm", "month": "December", "crash_group": "Crossing Paths - Other Circumstances", "crash_type": "Crossing Paths - Intersection - Other / Unknown Control"}}, {"type": "Feature", "geometry": {"type": "Point", "coordinates": [-122.0656, 38.2306]}, "properties": {"year": 2022, "state": "California", "age_band": "25-44", "sex": "Male", "lighting": "Dusk", "hour": "5:00pm-5:59pm", "month": "December", "crash_group": "Motorist Overtaking Bicyclist", "crash_type": "Motorist Overtaking - Other/ Unknown"}}, {"type": "Feature", "geometry": {"type": "Point", "coordinates": [-116.5097, 33.816]}, "properties": {"year": 2022, "state": "California", "age_band": "45-64", "sex": "Male", "lighting": "Dark - Not Lighted", "hour": "5:00pm-5:59pm", "month": "December", "crash_group": "Bicyclist Left Turn / Merge", "crash_type": "Bicyclist Left Turn - Opposite Direction"}}, {"type": "Feature", "geometry": {"type": "Point", "coordinates": [-118.2566, 34.055]}, "properties": {"year": 2022, "state": "California", "age_band": "65+", "sex": "Male", "lighting": "Dark - Not Lighted", "hour": "0:00am-0:59am", "month": "December", "crash_group": "Motorist Overtaking Bicyclist", "crash_type": "Motorist Overtaking - Other/ Unknown"}}, {"type": "Feature", "geometry": {"type": "Point", "coordinates": [-117.2877, 33.8369]}, "properties": {"year": 2022, "state": "California", "age_band": "65+", "sex": "Male", "lighting": "Daylight", "hour": "11:00am-11:59am", "month": "June", "crash_group": "Motorist Overtaking Bicyclist", "crash_type": "Motorist Overtaking - Other/ Unknown"}}, {"type": "Feature", "geometry": {"type": "Point", "coordinates": [-116.3074, 33.6922]}, "properties": {"year": 2022, "state": "California", "age_band": "65+", "sex": "Female", "lighting": "Daylight", "hour": "10:00am-10:59am", "month": "November", "crash_group": "Motorist Overtaking Bicyclist", "crash_type": "Motorist Overtaking - Other/ Unknown"}}, {"type": "Feature", "geometry": {"type": "Point", "coordinates": [-117.5213, 33.8848]}, "properties": {"year": 2022, "state": "California", "age_band": "25-44", "sex": "Male", "lighting": "Dark - Lighted", "hour": "1:00am-1:59am", "month": "April", "crash_group": "Other / Unknown - Insufficient Details", "crash_type": "Unknown Approach Paths"}}, {"type": "Feature", "geometry": {"type": "Point", "coordinates": [-122.3651, 40.5855]}, "properties": {"year": 2022, "state": "California", "age_band": "25-44", "sex": "Male", "lighting": "Dark - Not Lighted", "hour": "5:00pm-5:59pm", "month": "December", "crash_group": "Wrong-Way / Wrong-Side", "crash_type": "Wrong-Way / Wrong-Side - Bicyclist"}}, {"type": "Feature", "geometry": {"type": "Point", "coordinates": [-118.2188, 33.953]}, "properties": {"year": 2022, "state": "California", "age_band": "25-44", "sex": "Male", "lighting": "Dark - Lighted", "hour": "0:00am-0:59am", "month": "December", "crash_group": "Motorist Overtaking Bicyclist", "crash_type": "Motorist Overtaking - Other/ Unknown"}}, {"type": "Feature", "geometry": {"type": "Point", "coordinates": [-119.6479, 36.7073]}, "properties": {"year": 2022, "state": "California", "age_band": "25-44", "sex": "Male", "lighting": "Dark - Not Lighted", "hour": "3:00am-3:59am", "month": "July", "crash_group": "Motorist Overtaking Bicyclist", "crash_type": "Motorist Overtaking - Undetected Bicyclist or Detected - Too Late to Avoid"}}, {"type": "Feature", "geometry": {"type": "Point", "coordinates": [-121.2858, 37.9377]}, "properties": {"year": 2022, "state": "California", "age_band": "65+", "sex": "Male", "lighting": "Daylight", "hour": "10:00am-10:59am", "month": "November", "crash_group": "Motorist Failed to Yield - Sign-Controlled Intersection", "crash_type": "Motorist Drive Through - Sign-Controlled Intersection"}}, {"type": "Feature", "geometry": {"type": "Point", "coordinates": [-117.0236, 33.2438]}, "properties": {"year": 2022, "state": "California", "age_band": "65+", "sex": "Male", "lighting": "Dark - Not Lighted", "hour": "5:00pm-5:59pm", "month": "December", "crash_group": "Motorist Overtaking Bicyclist", "crash_type": "Motorist Overtaking - Other/ Unknown"}}, {"type": "Feature", "geometry": {"type": "Point", "coordinates": [-121.0377, 37.6532]}, "properties": {"year": 2022, "state": "California", "age_band": "25-44", "sex": "Female", "lighting": "Daylight", "hour": "5:00pm-5:59pm", "month": "March", "crash_group": "Loss of Control / Turning Error", "crash_type": "Bicyclist Turning Error - Right turn"}}, {"type": "Feature", "geometry": {"type": "Point", "coordinates": [-121.4262, 38.4773]}, "properties": {"year": 2022, "state": "California", "age_band": "45-64", "sex": "Male", "lighting": "Dark - Lighted", "hour": "5:00am-5:59am", "month": "December", "crash_group": "Crossing Paths - Other Circumstances", "crash_type": "Crossing Paths - Midblock - Other / Unknown"}}, {"type": "Feature", "geometry": {"type": "Point", "coordinates": [-121.4089, 38.471]}, "properties": {"year": 2022, "state": "California", "age_band": "45-64", "sex": "Female", "lighting": "Dark - Not Lighted", "hour": "5:00pm-5:59pm", "month": "December", "crash_group": "Motorist Overtaking Bicyclist", "crash_type": "Motorist Overtaking - Undetected Bicyclist or Detected - Too Late to Avoid"}}, {"type": "Feature", "geometry": {"type": "Point", "coordinates": [-122.5111, 37.5252]}, "properties": {"year": 2022, "state": "California", "age_band": "45-64", "sex": "Male", "lighting": "Daylight", "hour": "11:00am-11:59am", "month": "September", "crash_group": "Loss of Control / Turning Error", "crash_type": "Motorist Lost Control - Other / Unknown"}}, {"type": "Feature", "geometry": {"type": "Point", "coordinates": [-121.3716, 38.4626]}, "properties": {"year": 2022, "state": "California", "age_band": "18-24", "sex": "Male", "lighting": "Dark - Lighted", "hour": "10:00pm-10:59pm", "month": "April", "crash_group": "Motorist Overtaking Bicyclist", "crash_type": "Motorist Overtaking - Other/ Unknown"}}, {"type": "Feature", "geometry": {"type": "Point", "coordinates": [-117.2089, 34.1117]}, "properties": {"year": 2022, "state": "California", "age_band": "25-44", "sex": "Male", "lighting": "Dark - Lighted", "hour": "11:00pm-11:59pm", "month": "May", "crash_group": "Wrong-Way / Wrong-Side", "crash_type": "Wrong-Way / Wrong-Side - Unknown"}}, {"type": "Feature", "geometry": {"type": "Point", "coordinates": [-120.6961, 35.6722]}, "properties": {"year": 2022, "state": "California", "age_band": "65+", "sex": "Male", "lighting": "Dark - Not Lighted", "hour": "10:00pm-10:59pm", "month": "December", "crash_group": "Motorist Overtaking Bicyclist", "crash_type": "Motorist Overtaking - Undetected Bicyclist or Detected - Too Late to Avoid"}}, {"type": "Feature", "geometry": {"type": "Point", "coordinates": [-117.166, 33.1435]}, "properties": {"year": 2022, "state": "California", "age_band": "25-44", "sex": "Male", "lighting": "Dark - Lighted", "hour": "8:00pm-8:59pm", "month": "March", "crash_group": "Loss of Control / Turning Error", "crash_type": "Bicyclist Turning Error - Left turn"}}, {"type": "Feature", "geometry": {"type": "Point", "coordinates": [-121.2846, 38.5816]}, "properties": {"year": 2022, "state": "California", "age_band": "45-64", "sex": "Male", "lighting": "Dark - Lighted", "hour": "7:00pm-7:59pm", "month": "January", "crash_group": "Bicyclist Failed to Yield - Signalized Intersection", "crash_type": "Bicyclist Ride Through - Signalized Intersection"}}, {"type": "Feature", "geometry": {"type": "Point", "coordinates": [-117.0069, 33.7294]}, "properties": {"year": 2022, "state": "California", "age_band": "25-44", "sex": "Male", "lighting": "Dark - Lighted", "hour": "3:00am-3:59am", "month": "February", "crash_group": "Motorist Overtaking Bicyclist", "crash_type": "Motorist Overtaking - Undetected Bicyclist or Detected - Too Late to Avoid"}}, {"type": "Feature", "geometry": {"type": "Point", "coordinates": [-121.2705, 38.6117]}, "properties": {"year": 2022, "state": "California", "age_band": "25-44", "sex": "Female", "lighting": "Dark - Unknown Lighting", "hour": "6:00pm-6:59pm", "month": "December", "crash_group": "Bicyclist Left Turn / Merge", "crash_type": "Bicyclist Left Turn - Same Direction"}}, {"type": "Feature", "geometry": {"type": "Point", "coordinates": [-120.8058, 38.3818]}, "properties": {"year": 2022, "state": "California", "age_band": "13-17 (teen)", "sex": "Male", "lighting": "Dark - Lighted", "hour": "8:00pm-8:59pm", "month": "May", "crash_group": "Bicyclist Failed to Yield - Signalized Intersection", "crash_type": "Bicyclist Ride Through - Signalized Intersection"}}, {"type": "Feature", "geometry": {"type": "Point", "coordinates": [-118.1533, 33.7827]}, "properties": {"year": 2022, "state": "California", "age_band": "25-44", "sex": "Male", "lighting": "Dark - Lighted", "hour": "0:00am-0:59am", "month": "May", "crash_group": "Wrong-Way / Wrong-Side", "crash_type": "Wrong-Way / Wrong-Side - Bicyclist"}}, {"type": "Feature", "geometry": {"type": "Point", "coordinates": [-121.6175, 39.1123]}, "properties": {"year": 2022, "state": "California", "age_band": "45-64", "sex": "Male", "lighting": "Dark - Lighted", "hour": "0:00am-0:59am", "month": "May", "crash_group": "Motorist Overtaking Bicyclist", "crash_type": "Motorist Overtaking - Other/ Unknown"}}, {"type": "Feature", "geometry": {"type": "Point", "coordinates": [-120.0391, 36.981]}, "properties": {"year": 2022, "state": "California", "age_band": "45-64", "sex": "Male", "lighting": "Dark - Not Lighted", "hour": "4:00am-4:59am", "month": "May", "crash_group": "Loss of Control / Turning Error", "crash_type": "Motorist Lost Control - Other / Unknown"}}, {"type": "Feature", "geometry": {"type": "Point", "coordinates": [-117.2739, 34.1825]}, "properties": {"year": 2022, "state": "California", "age_band": "18-24", "sex": "Male", "lighting": "Dusk", "hour": "5:00pm-5:59pm", "month": "February", "crash_group": "Bicyclist Failed to Yield - Sign-Controlled Intersection", "crash_type": "Bicyclist Ride Out - Sign-Controlled Intersection"}}, {"type": "Feature", "geometry": {"type": "Point", "coordinates": [-122.2645, 37.8404]}, "properties": {"year": 2022, "state": "California", "age_band": "45-64", "sex": "Male", "lighting": "Dark - Lighted", "hour": "10:00pm-10:59pm", "month": "May", "crash_group": "Bicyclist Left Turn / Merge", "crash_type": "Bicyclist Left Turn - Opposite Direction"}}, {"type": "Feature", "geometry": {"type": "Point", "coordinates": [-117.9722, 33.7521]}, "properties": {"year": 2022, "state": "California", "age_band": "65+", "sex": "Male", "lighting": "Dark - Lighted", "hour": "7:00pm-7:59pm", "month": "October", "crash_group": "Bicyclist Failed to Yield - Signalized Intersection", "crash_type": "Bicyclist Ride Through - Signalized Intersection"}}, {"type": "Feature", "geometry": {"type": "Point", "coordinates": [-117.6198, 34.1045]}, "properties": {"year": 2022, "state": "California", "age_band": "45-64", "sex": "Male", "lighting": "Dark - Lighted", "hour": "10:00pm-10:59pm", "month": "May", "crash_group": "Bicyclist Left Turn / Merge", "crash_type": "Bicyclist Left Turn - Same Direction"}}, {"type": "Feature", "geometry": {"type": "Point", "coordinates": [-121.3487, 38.6593]}, "properties": {"year": 2022, "state": "California", "age_band": "45-64", "sex": "Male", "lighting": "Dark - Lighted", "hour": "5:00pm-5:59pm", "month": "December", "crash_group": "Bicyclist Failed to Yield - Midblock", "crash_type": "Bicyclist Ride Out - Other Midblock"}}, {"type": "Feature", "geometry": {"type": "Point", "coordinates": [-118.2398, 34.018]}, "properties": {"year": 2022, "state": "California", "age_band": "25-44", "sex": "Male", "lighting": "Daylight", "hour": "2:00pm-2:59pm", "month": "June", "crash_group": "Motorist Left Turn / Merge", "crash_type": "Motorist Left Turn- Opposite Direction"}}, {"type": "Feature", "geometry": {"type": "Point", "coordinates": [-121.4575, 38.4678]}, "properties": {"year": 2022, "state": "California", "age_band": "18-24", "sex": "Male", "lighting": "Daylight", "hour": "8:00am-8:59am", "month": "May", "crash_group": "Motorist Left Turn / Merge", "crash_type": "Motorist Left Turn- Same Direction"}}, {"type": "Feature", "geometry": {"type": "Point", "coordinates": [-118.0291, 33.9016]}, "properties": {"year": 2022, "state": "California", "age_band": "25-44", "sex": "Male", "lighting": "Dusk", "hour": "8:00pm-8:59pm", "month": "June", "crash_group": "Bicyclist Left Turn / Merge", "crash_type": "Bicyclist Left Turn - Same Direction"}}, {"type": "Feature", "geometry": {"type": "Point", "coordinates": [-118.2872, 34.0111]}, "properties": {"year": 2022, "state": "California", "age_band": "25-44", "sex": "Male", "lighting": "Dark - Lighted", "hour": "11:00pm-11:59pm", "month": "June", "crash_group": "Motorist Failed to Yield - Signalized Intersection", "crash_type": "Motorist Drive Out - Signalized Intersection"}}, {"type": "Feature", "geometry": {"type": "Point", "coordinates": [-117.2875, 34.4783]}, "properties": {"year": 2022, "state": "California", "age_band": "18-24", "sex": "Male", "lighting": "Dark - Not Lighted", "hour": "0:00am-0:59am", "month": "June", "crash_group": "Motorist Overtaking Bicyclist", "crash_type": "Motorist Overtaking - Undetected Bicyclist or Detected - Too Late to Avoid"}}, {"type": "Feature", "geometry": {"type": "Point", "coordinates": [-117.3341, 34.0887]}, "properties": {"year": 2022, "state": "California", "age_band": "25-44", "sex": "Male", "lighting": "Dark - Lighted", "hour": "0:00am-0:59am", "month": "June", "crash_group": "Motorist Overtaking Bicyclist", "crash_type": "Motorist Overtaking - Other/ Unknown"}}, {"type": "Feature", "geometry": {"type": "Point", "coordinates": [-117.3898, 34.0225]}, "properties": {"year": 2022, "state": "California", "age_band": "Unknown", "sex": "Male", "lighting": "Dark - Not Lighted", "hour": "8:00pm-8:59pm", "month": "June", "crash_group": "Crossing Paths - Other Circumstances", "crash_type": "Crossing Paths - Intersection - Other / Unknown Control"}}, {"type": "Feature", "geometry": {"type": "Point", "coordinates": [-119.7829, 36.8607]}, "properties": {"year": 2022, "state": "California", "age_band": "45-64", "sex": "Male", "lighting": "Daylight", "hour": "1:00pm-1:59pm", "month": "January", "crash_group": "Motorist Right Turn / Merge", "crash_type": "Motorist Right Turn - Same Direction"}}, {"type": "Feature", "geometry": {"type": "Point", "coordinates": [-119.4676, 36.8546]}, "properties": {"year": 2022, "state": "California", "age_band": "45-64", "sex": "Female", "lighting": "Daylight", "hour": "10:00am-10:59am", "month": "October", "crash_group": "Wrong-Way / Wrong-Side", "crash_type": "Wrong-Way / Wrong-Side - Motorist"}}, {"type": "Feature", "geometry": {"type": "Point", "coordinates": [-121.5206, 39.291]}, "properties": {"year": 2022, "state": "California", "age_band": "25-44", "sex": "Male", "lighting": "Dark - Lighted", "hour": "Unknown Hours", "month": "August", "crash_group": "Motorist Overtaking Bicyclist", "crash_type": "Motorist Overtaking - Other/ Unknown"}}, {"type": "Feature", "geometry": {"type": "Point", "coordinates": [-121.8235, 37.299]}, "properties": {"year": 2022, "state": "California", "age_band": "45-64", "sex": "Male", "lighting": "Dark - Lighted", "hour": "9:00pm-9:59pm", "month": "May", "crash_group": "Crossing Paths - Other Circumstances", "crash_type": "Crossing Paths - Intersection - Other / Unknown Control"}}, {"type": "Feature", "geometry": {"type": "Point", "coordinates": [-119.8985, 36.808]}, "properties": {"year": 2022, "state": "California", "age_band": "18-24", "sex": "Male", "lighting": "Dusk", "hour": "8:00pm-8:59pm", "month": "June", "crash_group": "Bicyclist Left Turn / Merge", "crash_type": "Bicyclist Left Turn - Opposite Direction"}}, {"type": "Feature", "geometry": {"type": "Point", "coordinates": [-121.9513, 37.5155]}, "properties": {"year": 2022, "state": "California", "age_band": "0-12 (child)", "sex": "Male", "lighting": "Daylight", "hour": "3:00pm-3:59pm", "month": "May", "crash_group": "Bicyclist Failed to Yield - Sign-Controlled Intersection", "crash_type": "Bicyclist Ride Through - Sign-Controlled Intersection"}}, {"type": "Feature", "geometry": {"type": "Point", "coordinates": [-117.5935, 34.1254]}, "properties": {"year": 2022, "state": "California", "age_band": "65+", "sex": "Female", "lighting": "Daylight", "hour": "6:00pm-6:59pm", "month": "June", "crash_group": "Crossing Paths - Other Circumstances", "crash_type": "Crossing Paths - Midblock - Other / Unknown"}}, {"type": "Feature", "geometry": {"type": "Point", "coordinates": [-120.6261, 37.8375]}, "properties": {"year": 2022, "state": "California", "age_band": "65+", "sex": "Male", "lighting": "Daylight", "hour": "10:00am-10:59am", "month": "November", "crash_group": "Bicyclist Left Turn / Merge", "crash_type": "Bicyclist Left Turn - Same Direction"}}, {"type": "Feature", "geometry": {"type": "Point", "coordinates": [-121.5066, 38.574]}, "properties": {"year": 2022, "state": "California", "age_band": "45-64", "sex": "Male", "lighting": "Daylight", "hour": "3:00pm-3:59pm", "month": "June", "crash_group": "Bicyclist Failed to Yield - Sign-Controlled Intersection", "crash_type": "Bicyclist Ride Through - Sign-Controlled Intersection"}}, {"type": "Feature", "geometry": {"type": "Point", "coordinates": [-117.3322, 33.1632]}, "properties": {"year": 2022, "state": "California", "age_band": "25-44", "sex": "Female", "lighting": "Daylight", "hour": "5:00pm-5:59pm", "month": "August", "crash_group": "Motorist Failed to Yield - Sign-Controlled Intersection", "crash_type": "Motorist Drive Through - Sign-Controlled Intersection"}}, {"type": "Feature", "geometry": {"type": "Point", "coordinates": [-117.3322, 33.1632]}, "properties": {"year": 2022, "state": "California", "age_band": "0-12 (child)", "sex": "Female", "lighting": "Daylight", "hour": "5:00pm-5:59pm", "month": "August", "crash_group": "Motorist Failed to Yield - Sign-Controlled Intersection", "crash_type": "Motorist Drive Through - Sign-Controlled Intersection"}}, {"type": "Feature", "geometry": {"type": "Point", "coordinates": [-120.6157, 35.1162]}, "properties": {"year": 2022, "state": "California", "age_band": "25-44", "sex": "Male", "lighting": "Dark - Lighted", "hour": "10:00pm-10:59pm", "month": "July", "crash_group": "Bicyclist Failed to Yield - Sign-Controlled Intersection", "crash_type": "Bicyclist Ride Through - Sign-Controlled Intersection"}}, {"type": "Feature", "geometry": {"type": "Point", "coordinates": [-121.3506, 38.6464]}, "properties": {"year": 2022, "state": "California", "age_band": "25-44", "sex": "Male", "lighting": "Dark - Not Lighted", "hour": "9:00pm-9:59pm", "month": "November", "crash_group": "Motorist Overtaking Bicyclist", "crash_type": "Motorist Overtaking - Other/ Unknown"}}, {"type": "Feature", "geometry": {"type": "Point", "coordinates": [-117.3213, 34.1472]}, "properties": {"year": 2022, "state": "California", "age_band": "25-44", "sex": "Male", "lighting": "Dark - Lighted", "hour": "1:00am-1:59am", "month": "December", "crash_group": "Crossing Paths - Other Circumstances", "crash_type": "Crossing Paths - Midblock - Other / Unknown"}}, {"type": "Feature", "geometry": {"type": "Point", "coordinates": [-119.7723, 36.7942]}, "properties": {"year": 2022, "state": "California", "age_band": "45-64", "sex": "Male", "lighting": "Dark - Lighted", "hour": "0:00am-0:59am", "month": "March", "crash_group": "Bicyclist Failed to Yield - Signalized Intersection", "crash_type": "Bicyclist Ride Through - Signalized Intersection"}}, {"type": "Feature", "geometry": {"type": "Point", "coordinates": [-118.1381, 34.6894]}, "properties": {"year": 2022, "state": "California", "age_band": "25-44", "sex": "Male", "lighting": "Dark - Lighted", "hour": "10:00pm-10:59pm", "month": "July", "crash_group": "Bicyclist Failed to Yield - Sign-Controlled Intersection", "crash_type": "Bicyclist Ride Through - Sign-Controlled Intersection"}}, {"type": "Feature", "geometry": {"type": "Point", "coordinates": [-117.9373, 33.7249]}, "properties": {"year": 2022, "state": "California", "age_band": "65+", "sex": "Male", "lighting": "Dark - Lighted", "hour": "5:00am-5:59am", "month": "January", "crash_group": "Motorist Overtaking Bicyclist", "crash_type": "Motorist Overtaking - Other/ Unknown"}}, {"type": "Feature", "geometry": {"type": "Point", "coordinates": [-117.1491, 32.6993]}, "properties": {"year": 2022, "state": "California", "age_band": "45-64", "sex": "Male", "lighting": "Daylight", "hour": "9:00am-9:59am", "month": "June", "crash_group": "Bicyclist Overtaking Motor Vehicle", "crash_type": "Bicyclist Overtaking - Other / Unknown"}}, {"type": "Feature", "geometry": {"type": "Point", "coordinates": [-117.2375, 34.1213]}, "properties": {"year": 2022, "state": "California", "age_band": "45-64", "sex": "Male", "lighting": "Dark - Lighted", "hour": "8:00pm-8:59pm", "month": "July", "crash_group": "Motorist Overtaking Bicyclist", "crash_type": "Motorist Overtaking - Other/ Unknown"}}, {"type": "Feature", "geometry": {"type": "Point", "coordinates": [-117.1061, 32.6752]}, "properties": {"year": 2022, "state": "California", "age_band": "45-64", "sex": "Male", "lighting": "Daylight", "hour": "6:00pm-6:59pm", "month": "August", "crash_group": "Bicyclist Failed to Yield - Midblock", "crash_type": "Bicyclist Ride Out - Other Midblock"}}, {"type": "Feature", "geometry": {"type": "Point", "coordinates": [-117.6534, 33.6483]}, "properties": {"year": 2022, "state": "California", "age_band": "65+", "sex": "Male", "lighting": "Daylight", "hour": "8:00am-8:59am", "month": "August", "crash_group": "Bicyclist Left Turn / Merge", "crash_type": "Bicyclist Left Turn - Same Direction"}}, {"type": "Feature", "geometry": {"type": "Point", "coordinates": [-118.2903, 33.7243]}, "properties": {"year": 2022, "state": "California", "age_band": "45-64", "sex": "Male", "lighting": "Dark - Lighted", "hour": "9:00pm-9:59pm", "month": "August", "crash_group": "Bicyclist Failed to Yield - Sign-Controlled Intersection", "crash_type": "Bicyclist Ride Out - Sign-Controlled Intersection"}}, {"type": "Feature", "geometry": {"type": "Point", "coordinates": [-119.0095, 35.3684]}, "properties": {"year": 2022, "state": "California", "age_band": "45-64", "sex": "Male", "lighting": "Daylight", "hour": "12:00pm-12:59pm", "month": "January", "crash_group": "Crossing Paths - Other Circumstances", "crash_type": "Crossing Paths - Intersection - Other / Unknown Control"}}, {"type": "Feature", "geometry": {"type": "Point", "coordinates": [-121.9307, 38.3513]}, "properties": {"year": 2022, "state": "California", "age_band": "25-44", "sex": "Male", "lighting": "Daylight", "hour": "8:00am-8:59am", "month": "August", "crash_group": "Motorist Overtaking Bicyclist", "crash_type": "Motorist Overtaking - Other/ Unknown"}}, {"type": "Feature", "geometry": {"type": "Point", "coordinates": [-117.3435, 34.1214]}, "properties": {"year": 2022, "state": "California", "age_band": "45-64", "sex": "Male", "lighting": "Dark - Not Lighted", "hour": "9:00pm-9:59pm", "month": "August", "crash_group": "Motorist Overtaking Bicyclist", "crash_type": "Motorist Overtaking - Undetected Bicyclist or Detected - Too Late to Avoid"}}, {"type": "Feature", "geometry": {"type": "Point", "coordinates": [-117.6006, 33.4562]}, "properties": {"year": 2022, "state": "California", "age_band": "25-44", "sex": "Male", "lighting": "Dark - Lighted", "hour": "1:00am-1:59am", "month": "June", "crash_group": "Crossing Paths - Other Circumstances", "crash_type": "Signalized Intersection - Other / Unknown"}}, {"type": "Feature", "geometry": {"type": "Point", "coordinates": [-117.2355, 34.1214]}, "properties": {"year": 2022, "state": "California", "age_band": "25-44", "sex": "Male", "lighting": "Dark - Lighted", "hour": "10:00pm-10:59pm", "month": "August", "crash_group": "Wrong-Way / Wrong-Side", "crash_type": "Wrong-Way / Wrong-Side - Bicyclist"}}, {"type": "Feature", "geometry": {"type": "Point", "coordinates": [-117.5737, 34.0992]}, "properties": {"year": 2022, "state": "California", "age_band": "25-44", "sex": "Male", "lighting": "Dark - Lighted", "hour": "1:00am-1:59am", "month": "August", "crash_group": "Motorist Overtaking Bicyclist", "crash_type": "Motorist Overtaking - Undetected Bicyclist or Detected - Too Late to Avoid"}}, {"type": "Feature", "geometry": {"type": "Point", "coordinates": [-118.0606, 34.1122]}, "properties": {"year": 2022, "state": "California", "age_band": "45-64", "sex": "Female", "lighting": "Daylight", "hour": "6:00pm-6:59pm", "month": "August", "crash_group": "Wrong-Way / Wrong-Side", "crash_type": "Wrong-Way / Wrong-Side - Motorist"}}, {"type": "Feature", "geometry": {"type": "Point", "coordinates": [-117.8935, 33.8743]}, "properties": {"year": 2022, "state": "California", "age_band": "65+", "sex": "Male", "lighting": "Dark - Lighted", "hour": "5:00am-5:59am", "month": "August", "crash_group": "Motorist Overtaking Bicyclist", "crash_type": "Motorist Overtaking - Other/ Unknown"}}, {"type": "Feature", "geometry": {"type": "Point", "coordinates": [-121.3903, 36.838]}, "properties": {"year": 2022, "state": "California", "age_band": "45-64", "sex": "Male", "lighting": "Daylight", "hour": "9:00am-9:59am", "month": "August", "crash_group": "Crossing Paths - Other Circumstances", "crash_type": "Sign-Controlled Intersection - Other / Unknown"}}, {"type": "Feature", "geometry": {"type": "Point", "coordinates": [-117.0663, 32.7581]}, "properties": {"year": 2022, "state": "California", "age_band": "65+", "sex": "Male", "lighting": "Daylight", "hour": "2:00pm-2:59pm", "month": "August", "crash_group": "Motorist Overtaking Bicyclist", "crash_type": "Motorist Overtaking - Misjudged Space"}}, {"type": "Feature", "geometry": {"type": "Point", "coordinates": [-118.3614, 33.8971]}, "properties": {"year": 2022, "state": "California", "age_band": "18-24", "sex": "Male", "lighting": "Dark - Lighted", "hour": "0:00am-0:59am", "month": "August", "crash_group": "Motorist Overtaking Bicyclist", "crash_type": "Motorist Overtaking - Other/ Unknown"}}, {"type": "Feature", "geometry": {"type": "Point", "coordinates": [-120.0773, 36.9747]}, "properties": {"year": 2022, "state": "California", "age_band": "45-64", "sex": "Male", "lighting": "Dark - Lighted", "hour": "8:00pm-8:59pm", "month": "September", "crash_group": "Bicyclist Failed to Yield - Signalized Intersection", "crash_type": "Bicyclist Ride Through - Signalized Intersection"}}, {"type": "Feature", "geometry": {"type": "Point", "coordinates": [-118.4029, 34.03]}, "properties": {"year": 2022, "state": "California", "age_band": "18-24", "sex": "Male", "lighting": "Daylight", "hour": "11:00am-11:59am", "month": "September", "crash_group": "Motorist Left Turn / Merge", "crash_type": "Motorist Left Turn- Opposite Direction"}}, {"type": "Feature", "geometry": {"type": "Point", "coordinates": [-117.188, 33.1348]}, "properties": {"year": 2022, "state": "California", "age_band": "65+", "sex": "Male", "lighting": "Daylight", "hour": "9:00am-9:59am", "month": "September", "crash_group": "Motorist Left Turn / Merge", "crash_type": "Motorist Left Turn- Opposite Direction"}}, {"type": "Feature", "geometry": {"type": "Point", "coordinates": [-118.2829, 33.7908]}, "properties": {"year": 2022, "state": "California", "age_band": "45-64", "sex": "Male", "lighting": "Dark - Lighted", "hour": "11:00pm-11:59pm", "month": "September", "crash_group": "Crossing Paths - Other Circumstances", "crash_type": "Crossing Paths - Intersection - Other / Unknown Control"}}, {"type": "Feature", "geometry": {"type": "Point", "coordinates": [-118.4311, 34.0004]}, "properties": {"year": 2022, "state": "California", "age_band": "45-64", "sex": "Male", "lighting": "Dark - Lighted", "hour": "0:00am-0:59am", "month": "September", "crash_group": "Motorist Overtaking Bicyclist", "crash_type": "Motorist Overtaking - Other/ Unknown"}}, {"type": "Feature", "geometry": {"type": "Point", "coordinates": [-117.5454, 34.1288]}, "properties": {"year": 2022, "state": "California", "age_band": "45-64", "sex": "Male", "lighting": "Daylight", "hour": "5:00pm-5:59pm", "month": "October", "crash_group": "Parallel Paths - Other Circumstances", "crash_type": "Bicyclist Ride Out - Parallel Path"}}, {"type": "Feature", "geometry": {"type": "Point", "coordinates": [-121.8634, 37.3234]}, "properties": {"year": 2022, "state": "California", "age_band": "45-64", "sex": "Male", "lighting": "Dark - Lighted", "hour": "0:00am-0:59am", "month": "October", "crash_group": "Motorist Overtaking Bicyclist", "crash_type": "Motorist Overtaking - Other/ Unknown"}}, {"type": "Feature", "geometry": {"type": "Point", "coordinates": [-119.3449, 35.58]}, "properties": {"year": 2022, "state": "California", "age_band": "65+", "sex": "Male", "lighting": "Dark - Not Lighted", "hour": "8:00pm-8:59pm", "month": "August", "crash_group": "Wrong-Way / Wrong-Side", "crash_type": "Wrong-Way / Wrong-Side - Bicyclist"}}, {"type": "Feature", "geometry": {"type": "Point", "coordinates": [-118.4793, 34.051]}, "properties": {"year": 2022, "state": "California", "age_band": "45-64", "sex": "Male", "lighting": "Dark - Lighted", "hour": "8:00pm-8:59pm", "month": "September", "crash_group": "Bicyclist Left Turn / Merge", "crash_type": "Bicyclist Left Turn - Same Direction"}}, {"type": "Feature", "geometry": {"type": "Point", "coordinates": [-118.4491, 34.2899]}, "properties": {"year": 2022, "state": "California", "age_band": "25-44", "sex": "Male", "lighting": "Daylight", "hour": "1:00pm-1:59pm", "month": "October", "crash_group": "Motorist Left Turn / Merge", "crash_type": "Motorist Left Turn- Opposite Direction"}}, {"type": "Feature", "geometry": {"type": "Point", "coordinates": [-119.7487, 36.8231]}, "properties": {"year": 2022, "state": "California", "age_band": "25-44", "sex": "Male", "lighting": "Dawn", "hour": "6:00am-6:59am", "month": "October", "crash_group": "Motorist Overtaking Bicyclist", "crash_type": "Motorist Overtaking - Other/ Unknown"}}, {"type": "Feature", "geometry": {"type": "Point", "coordinates": [-119.8709, 34.4345]}, "properties": {"year": 2022, "state": "California", "age_band": "25-44", "sex": "Male", "lighting": "Daylight", "hour": "3:00pm-3:59pm", "month": "October", "crash_group": "Bicyclist Failed to Yield - Signalized Intersection", "crash_type": "Bicyclist Ride Through - Signalized Intersection"}}, {"type": "Feature", "geometry": {"type": "Point", "coordinates": [-118.4676, 35.1272]}, "properties": {"year": 2022, "state": "California", "age_band": "13-17 (teen)", "sex": "Male", "lighting": "Daylight", "hour": "3:00pm-3:59pm", "month": "October", "crash_group": "Crossing Paths - Other Circumstances", "crash_type": "Crossing Paths - Uncontrolled Intersection"}}, {"type": "Feature", "geometry": {"type": "Point", "coordinates": [-118.3627, 34.0326]}, "properties": {"year": 2022, "state": "California", "age_band": "45-64", "sex": "Male", "lighting": "Dark - Lighted", "hour": "11:00pm-11:59pm", "month": "November", "crash_group": "Bicyclist Failed to Yield - Signalized Intersection", "crash_type": "Bicyclist Ride Out - Signalized Intersection"}}, {"type": "Feature", "geometry": {"type": "Point", "coordinates": [-121.4246, 38.6248]}, "properties": {"year": 2022, "state": "California", "age_band": "65+", "sex": "Female", "lighting": "Daylight", "hour": "4:00pm-4:59pm", "month": "November", "crash_group": "Loss of Control / Turning Error", "crash_type": "Bicyclist Lost Control - Other / Unknown"}}, {"type": "Feature", "geometry": {"type": "Point", "coordinates": [-119.3487, 36.205]}, "properties": {"year": 2022, "state": "California", "age_band": "65+", "sex": "Male", "lighting": "Daylight", "hour": "4:00pm-4:59pm", "month": "November", "crash_group": "Bicyclist Failed to Yield - Sign-Controlled Intersection", "crash_type": "Bicyclist Ride Out - Sign-Controlled Intersection"}}, {"type": "Feature", "geometry": {"type": "Point", "coordinates": [-122.2407, 37.4118]}, "properties": {"year": 2022, "state": "California", "age_band": "65+", "sex": "Male", "lighting": "Daylight", "hour": "12:00pm-12:59pm", "month": "November", "crash_group": "Parallel Paths - Other Circumstances", "crash_type": "Motorist Turn / Merge - Other / Unknown"}}, {"type": "Feature", "geometry": {"type": "Point", "coordinates": [-120.6839, 35.2482]}, "properties": {"year": 2022, "state": "California", "age_band": "45-64", "sex": "Male", "lighting": "Dark - Lighted", "hour": "7:00pm-7:59pm", "month": "November", "crash_group": "Bicyclist Left Turn / Merge", "crash_type": "Bicyclist Left Turn - Same Direction"}}, {"type": "Feature", "geometry": {"type": "Point", "coordinates": [-121.4072, 38.6365]}, "properties": {"year": 2022, "state": "California", "age_band": "25-44", "sex": "Female", "lighting": "Daylight", "hour": "12:00pm-12:59pm", "month": "October", "crash_group": "Bicyclist Left Turn / Merge", "crash_type": "Bicyclist Left Turn - Same Direction"}}, {"type": "Feature", "geometry": {"type": "Point", "coordinates": [-117.5961, 33.6435]}, "properties": {"year": 2022, "state": "California", "age_band": "65+", "sex": "Male", "lighting": "Daylight", "hour": "11:00am-11:59am", "month": "November", "crash_group": "Motorist Overtaking Bicyclist", "crash_type": "Motorist Overtaking - Other/ Unknown"}}, {"type": "Feature", "geometry": {"type": "Point", "coordinates": [-118.1253, 33.9048]}, "properties": {"year": 2022, "state": "California", "age_band": "25-44", "sex": "Male", "lighting": "Dark - Lighted", "hour": "6:00pm-6:59pm", "month": "November", "crash_group": "Bicyclist Failed to Yield - Midblock", "crash_type": "Bicyclist Ride Out - Other Midblock"}}, {"type": "Feature", "geometry": {"type": "Point", "coordinates": [-120.849, 37.4836]}, "properties": {"year": 2022, "state": "California", "age_band": "45-64", "sex": "Male", "lighting": "Daylight", "hour": "2:00pm-2:59pm", "month": "December", "crash_group": "Crossing Paths - Other Circumstances", "crash_type": "Crossing Paths - Uncontrolled Intersection"}}, {"type": "Feature", "geometry": {"type": "Point", "coordinates": [-117.8538, 33.7456]}, "properties": {"year": 2022, "state": "California", "age_band": "18-24", "sex": "Female", "lighting": "Daylight", "hour": "2:00pm-2:59pm", "month": "April", "crash_group": "Loss of Control / Turning Error", "crash_type": "Bicyclist Lost Control - Alcohol / Drug Impairment"}}, {"type": "Feature", "geometry": {"type": "Point", "coordinates": [-117.9514, 33.9319]}, "properties": {"year": 2022, "state": "California", "age_band": "45-64", "sex": "Male", "lighting": "Daylight", "hour": "4:00pm-4:59pm", "month": "August", "crash_group": "Bicyclist Failed to Yield - Midblock", "crash_type": "Bicyclist Ride Out - Other Midblock"}}, {"type": "Feature", "geometry": {"type": "Point", "coordinates": [-117.1529, 34.0484]}, "properties": {"year": 2022, "state": "California", "age_band": "13-17 (teen)", "sex": "Male", "lighting": "Daylight", "hour": "8:00am-8:59am", "month": "December", "crash_group": "Loss of Control / Turning Error", "crash_type": "Motorist Lost Control - Other / Unknown"}}, {"type": "Feature", "geometry": {"type": "Point", "coordinates": [-118.2882, 33.9528]}, "properties": {"year": 2022, "state": "California", "age_band": "13-17 (teen)", "sex": "Male", "lighting": "Dark - Lighted", "hour": "5:00pm-5:59pm", "month": "December", "crash_group": "Motorist Left Turn / Merge", "crash_type": "Motorist Left Turn- Opposite Direction"}}, {"type": "Feature", "geometry": {"type": "Point", "coordinates": [-118.201, 33.7879]}, "properties": {"year": 2022, "state": "California", "age_band": "18-24", "sex": "Male", "lighting": "Daylight", "hour": "7:00am-7:59am", "month": "February", "crash_group": "Bicyclist Failed to Yield - Sign-Controlled Intersection", "crash_type": "Bicyclist Ride Out - Sign-Controlled Intersection"}}, {"type": "Feature", "geometry": {"type": "Point", "coordinates": [-117.696, 33.5915]}, "properties": {"year": 2022, "state": "California", "age_band": "65+", "sex": "Male", "lighting": "Daylight", "hour": "9:00am-9:59am", "month": "September", "crash_group": "Motorist Overtaking Bicyclist", "crash_type": "Motorist Overtaking - Misjudged Space"}}, {"type": "Feature", "geometry": {"type": "Point", "coordinates": [-117.2987, 34.1083]}, "properties": {"year": 2022, "state": "California", "age_band": "25-44", "sex": "Male", "lighting": "Dark - Lighted", "hour": "9:00pm-9:59pm", "month": "September", "crash_group": "Bicyclist Failed to Yield - Signalized Intersection", "crash_type": "Bicyclist Ride Through - Signalized Intersection"}}, {"type": "Feature", "geometry": {"type": "Point", "coordinates": [-117.7243, 34.0007]}, "properties": {"year": 2022, "state": "California", "age_band": "25-44", "sex": "Male", "lighting": "Dark - Lighted", "hour": "9:00pm-9:59pm", "month": "December", "crash_group": "Bicyclist Failed to Yield - Signalized Intersection", "crash_type": "Bicyclist Ride Through - Signalized Intersection"}}, {"type": "Feature", "geometry": {"type": "Point", "coordinates": [-122.2747, 37.8057]}, "properties": {"year": 2022, "state": "California", "age_band": "25-44", "sex": "Male", "lighting": "Daylight", "hour": "8:00pm-8:59pm", "month": "June", "crash_group": "Motorist Failed to Yield - Signalized Intersection", "crash_type": "Motorist Drive Through - Signalized Intersection"}}, {"type": "Feature", "geometry": {"type": "Point", "coordinates": [-116.967, 33.8024]}, "properties": {"year": 2022, "state": "California", "age_band": "0-12 (child)", "sex": "Male", "lighting": "Daylight", "hour": "11:00am-11:59am", "month": "January", "crash_group": "Bicyclist Failed to Yield - Midblock", "crash_type": "Bicyclist Ride Out - Midblock - Unknown"}}, {"type": "Feature", "geometry": {"type": "Point", "coordinates": [-118.2432, 33.9456]}, "properties": {"year": 2022, "state": "California", "age_band": "45-64", "sex": "Female", "lighting": "Dark - Lighted", "hour": "8:00pm-8:59pm", "month": "December", "crash_group": "Other / Unknown - Insufficient Details", "crash_type": "Unknown Approach Paths"}}, {"type": "Feature", "geometry": {"type": "Point", "coordinates": [-117.1391, 33.5119]}, "properties": {"year": 2022, "state": "California", "age_band": "45-64", "sex": "Male", "lighting": "Dark - Lighted", "hour": "8:00pm-8:59pm", "month": "January", "crash_group": "Bicyclist Failed to Yield - Midblock", "crash_type": "Bicyclist Ride Out - Other Midblock"}}, {"type": "Feature", "geometry": {"type": "Point", "coordinates": [-121.9047, 37.3682]}, "properties": {"year": 2022, "state": "California", "age_band": "45-64", "sex": "Male", "lighting": "Dark - Lighted", "hour": "6:00pm-6:59pm", "month": "January", "crash_group": "Loss of Control / Turning Error", "crash_type": "Motorist Turning Error - Left turn"}}, {"type": "Feature", "geometry": {"type": "Point", "coordinates": [-121.8801, 37.2779]}, "properties": {"year": 2022, "state": "California", "age_band": "45-64", "sex": "Male", "lighting": "Dark - Unknown Lighting", "hour": "8:00pm-8:59pm", "month": "February", "crash_group": "Bicyclist Failed to Yield - Signalized Intersection", "crash_type": "Bicyclist Ride Out - Signalized Intersection"}}, {"type": "Feature", "geometry": {"type": "Point", "coordinates": [-120.9394, 37.6644]}, "properties": {"year": 2022, "state": "California", "age_band": "45-64", "sex": "Male", "lighting": "Dark - Lighted", "hour": "9:00pm-9:59pm", "month": "April", "crash_group": "Motorist Overtaking Bicyclist", "crash_type": "Motorist Overtaking - Misjudged Space"}}, {"type": "Feature", "geometry": {"type": "Point", "coordinates": [-120.9943, 37.6936]}, "properties": {"year": 2022, "state": "California", "age_band": "45-64", "sex": "Male", "lighting": "Dark - Lighted", "hour": "6:00pm-6:59pm", "month": "November", "crash_group": "Bicyclist Left Turn / Merge", "crash_type": "Bicyclist Left Turn - Opposite Direction"}}, {"type": "Feature", "geometry": {"type": "Point", "coordinates": [-117.3704, 34.0968]}, "properties": {"year": 2022, "state": "California", "age_band": "45-64", "sex": "Male", "lighting": "Dark - Lighted", "hour": "8:00pm-8:59pm", "month": "March", "crash_group": "Motorist Overtaking Bicyclist", "crash_type": "Motorist Overtaking - Other/ Unknown"}}, {"type": "Feature", "geometry": {"type": "Point", "coordinates": [-120.9609, 37.6381]}, "properties": {"year": 2022, "state": "California", "age_band": "45-64", "sex": "Male", "lighting": "Daylight", "hour": "10:00am-10:59am", "month": "August", "crash_group": "Bicyclist Left Turn / Merge", "crash_type": "Bicyclist Left Turn - Same Direction"}}, {"type": "Feature", "geometry": {"type": "Point", "coordinates": [-122.2652, 37.802]}, "properties": {"year": 2022, "state": "California", "age_band": "45-64", "sex": "Male", "lighting": "Dark - Lighted", "hour": "11:00pm-11:59pm", "month": "July", "crash_group": "Bicyclist Left Turn / Merge", "crash_type": "Bicyclist Left Turn - Same Direction"}}, {"type": "Feature", "geometry": {"type": "Point", "coordinates": [-117.0, 34.5358]}, "properties": {"year": 2022, "state": "California", "age_band": "45-64", "sex": "Male", "lighting": "Dark - Unknown Lighting", "hour": "10:00pm-10:59pm", "month": "August", "crash_group": "Other / Unknown - Insufficient Details", "crash_type": "Unknown Location"}}, {"type": "Feature", "geometry": {"type": "Point", "coordinates": [-105.0576, 40.0002]}, "properties": {"year": 2022, "state": "Colorado", "age_band": "45-64", "sex": "Male", "lighting": "Daylight", "hour": "6:00am-6:59am", "month": "June", "crash_group": "Bicyclist Left Turn / Merge", "crash_type": "Bicyclist Left Turn - Same Direction"}}, {"type": "Feature", "geometry": {"type": "Point", "coordinates": [-108.5059, 39.0942]}, "properties": {"year": 2022, "state": "Colorado", "age_band": "45-64", "sex": "Male", "lighting": "Dark - Lighted", "hour": "11:00pm-11:59pm", "month": "July", "crash_group": "Motorist Overtaking Bicyclist", "crash_type": "Motorist Overtaking - Undetected Bicyclist or Detected - Too Late to Avoid"}}, {"type": "Feature", "geometry": {"type": "Point", "coordinates": [-107.8615, 37.292]}, "properties": {"year": 2022, "state": "Colorado", "age_band": "45-64", "sex": "Male", "lighting": "Dark - Lighted", "hour": "2:00am-2:59am", "month": "August", "crash_group": "Motorist Overtaking Bicyclist", "crash_type": "Motorist Overtaking - Undetected Bicyclist or Detected - Too Late to Avoid"}}, {"type": "Feature", "geometry": {"type": "Point", "coordinates": [-108.561, 39.0827]}, "properties": {"year": 2022, "state": "Colorado", "age_band": "65+", "sex": "Male", "lighting": "Daylight", "hour": "6:00pm-6:59pm", "month": "August", "crash_group": "Bicyclist Left Turn / Merge", "crash_type": "Bicyclist Left Turn - Same Direction"}}, {"type": "Feature", "geometry": {"type": "Point", "coordinates": [-105.0254, 39.7251]}, "properties": {"year": 2022, "state": "Colorado", "age_band": "65+", "sex": "Male", "lighting": "Dark - Lighted", "hour": "1:00am-1:59am", "month": "August", "crash_group": "Other / Unusual Circumstances", "crash_type": "Unusual Circumstances"}}, {"type": "Feature", "geometry": {"type": "Point", "coordinates": [-104.8987, 39.7372]}, "properties": {"year": 2022, "state": "Colorado", "age_band": "45-64", "sex": "Male", "lighting": "Daylight", "hour": "7:00am-7:59am", "month": "August", "crash_group": "Motorist Failed to Yield - Signalized Intersection", "crash_type": "Motorist Drive Through - Signalized Intersection"}}, {"type": "Feature", "geometry": {"type": "Point", "coordinates": [-105.1156, 40.4944]}, "properties": {"year": 2022, "state": "Colorado", "age_band": "25-44", "sex": "Male", "lighting": "Daylight", "hour": "5:00pm-5:59pm", "month": "August", "crash_group": "Bicyclist Left Turn / Merge", "crash_type": "Bicyclist Left Turn - Opposite Direction"}}, {"type": "Feature", "geometry": {"type": "Point", "coordinates": [-106.1108, 39.7027]}, "properties": {"year": 2022, "state": "Colorado", "age_band": "65+", "sex": "Male", "lighting": "Daylight", "hour": "5:00pm-5:59pm", "month": "September", "crash_group": "Motorist Overtaking Bicyclist", "crash_type": "Motorist Overtaking - Undetected Bicyclist or Detected - Too Late to Avoid"}}, {"type": "Feature", "geometry": {"type": "Point", "coordinates": [-104.9402, 39.9863]}, "properties": {"year": 2022, "state": "Colorado", "age_band": "25-44", "sex": "Male", "lighting": "Daylight", "hour": "12:00pm-12:59pm", "month": "September", "crash_group": "Bicyclist Failed to Yield - Signalized Intersection", "crash_type": "Bicyclist Ride Through - Signalized Intersection"}}, {"type": "Feature", "geometry": {"type": "Point", "coordinates": [-104.7597, 38.8679]}, "properties": {"year": 2022, "state": "Colorado", "age_band": "25-44", "sex": "Male", "lighting": "Dark - Not Lighted", "hour": "10:00pm-10:59pm", "month": "September", "crash_group": "Motorist Overtaking Bicyclist", "crash_type": "Motorist Overtaking - Undetected Bicyclist or Detected - Too Late to Avoid"}}, {"type": "Feature", "geometry": {"type": "Point", "coordinates": [-104.8477, 38.9241]}, "properties": {"year": 2022, "state": "Colorado", "age_band": "25-44", "sex": "Female", "lighting": "Daylight", "hour": "3:00pm-3:59pm", "month": "October", "crash_group": "Motorist Left Turn / Merge", "crash_type": "Motorist Left Turn- Opposite Direction"}}, {"type": "Feature", "geometry": {"type": "Point", "coordinates": [-104.9952, 39.7257]}, "properties": {"year": 2022, "state": "Colorado", "age_band": "25-44", "sex": "Male", "lighting": "Dark - Lighted", "hour": "1:00am-1:59am", "month": "June", "crash_group": "Bicyclist Failed to Yield - Signalized Intersection", "crash_type": "Bicyclist Ride Through - Signalized Intersection"}}, {"type": "Feature", "geometry": {"type": "Point", "coordinates": [-106.8987, 38.8102]}, "properties": {"year": 2022, "state": "Colorado", "age_band": "65+", "sex": "Male", "lighting": "Daylight", "hour": "12:00pm-12:59pm", "month": "November", "crash_group": "Motorist Overtaking Bicyclist", "crash_type": "Motorist Overtaking - Other/ Unknown"}}, {"type": "Feature", "geometry": {"type": "Point", "coordinates": [-104.6827, 38.7373]}, "properties": {"year": 2022, "state": "Colorado", "age_band": "45-64", "sex": "Male", "lighting": "Dark - Lighted", "hour": "5:00pm-5:59pm", "month": "December", "crash_group": "Bicyclist Failed to Yield - Signalized Intersection", "crash_type": "Bicyclist Ride Through - Signalized Intersection"}}, {"type": "Feature", "geometry": {"type": "Point", "coordinates": [-105.0253, 39.7656]}, "properties": {"year": 2022, "state": "Colorado", "age_band": "25-44", "sex": "Female", "lighting": "Daylight", "hour": "2:00pm-2:59pm", "month": "December", "crash_group": "Motorist Failed to Yield - Signalized Intersection", "crash_type": "Motorist Drive Through - Signalized Intersection"}}, {"type": "Feature", "geometry": {"type": "Point", "coordinates": [-105.0532, 39.7692]}, "properties": {"year": 2022, "state": "Colorado", "age_band": "25-44", "sex": "Male", "lighting": "Dark - Lighted", "hour": "8:00pm-8:59pm", "month": "December", "crash_group": "Motorist Failed to Yield - Signalized Intersection", "crash_type": "Motorist Drive Through - Signalized Intersection"}}, {"type": "Feature", "geometry": {"type": "Point", "coordinates": [-72.2985, 41.966]}, "properties": {"year": 2022, "state": "Connecticut", "age_band": "25-44", "sex": "Male", "lighting": "Daylight", "hour": "2:00pm-2:59pm", "month": "April", "crash_group": "Bicyclist Failed to Yield - Midblock", "crash_type": "Bicyclist Ride Out - Residential Driveway"}}, {"type": "Feature", "geometry": {"type": "Point", "coordinates": [-73.0252, 41.552]}, "properties": {"year": 2022, "state": "Connecticut", "age_band": "45-64", "sex": "Male", "lighting": "Daylight", "hour": "7:00pm-7:59pm", "month": "July", "crash_group": "Motorist Overtaking Bicyclist", "crash_type": "Motorist Overtaking - Bicyclist Swerved"}}, {"type": "Feature", "geometry": {"type": "Point", "coordinates": [-72.8942, 41.2619]}, "properties": {"year": 2022, "state": "Connecticut", "age_band": "13-17 (teen)", "sex": "Male", "lighting": "Daylight", "hour": "8:00pm-8:59pm", "month": "May", "crash_group": "Bicyclist Left Turn / Merge", "crash_type": "Bicyclist Left Turn - Opposite Direction"}}, {"type": "Feature", "geometry": {"type": "Point", "coordinates": [-72.7551, 41.5977]}, "properties": {"year": 2022, "state": "Connecticut", "age_band": "13-17 (teen)", "sex": "Male", "lighting": "Dark - Lighted", "hour": "3:00am-3:59am", "month": "August", "crash_group": "Crossing Paths - Other Circumstances", "crash_type": "Signalized Intersection - Other / Unknown"}}, {"type": "Feature", "geometry": {"type": "Point", "coordinates": [-75.6974, 39.6538]}, "properties": {"year": 2022, "state": "Delaware", "age_band": "25-44", "sex": "Male", "lighting": "Dark - Not Lighted", "hour": "10:00pm-10:59pm", "month": "February", "crash_group": "Other / Unknown - Insufficient Details", "crash_type": "Unknown Approach Paths"}}, {"type": "Feature", "geometry": {"type": "Point", "coordinates": [-75.5981, 39.1195]}, "properties": {"year": 2022, "state": "Delaware", "age_band": "45-64", "sex": "Male", "lighting": "Daylight", "hour": "8:00am-8:59am", "month": "September", "crash_group": "Loss of Control / Turning Error", "crash_type": "Bicyclist Lost Control - Other / Unknown"}}, {"type": "Feature", "geometry": {"type": "Point", "coordinates": [-75.2178, 38.72]}, "properties": {"year": 2022, "state": "Delaware", "age_band": "45-64", "sex": "Male", "lighting": "Daylight", "hour": "6:00pm-6:59pm", "month": "September", "crash_group": "Parallel Paths - Other Circumstances", "crash_type": "Parallel Paths - Other / Unknown"}}, {"type": "Feature", "geometry": {"type": "Point", "coordinates": [-75.5121, 39.1595]}, "properties": {"year": 2022, "state": "Delaware", "age_band": "65+", "sex": "Female", "lighting": "Daylight", "hour": "3:00pm-3:59pm", "month": "October", "crash_group": "Parallel Paths - Other Circumstances", "crash_type": "Bicyclist Ride Out - Parallel Path"}}, {"type": "Feature", "geometry": {"type": "Point", "coordinates": [-75.4268, 38.9446]}, "properties": {"year": 2022, "state": "Delaware", "age_band": "25-44", "sex": "Male", "lighting": "Dark - Not Lighted", "hour": "6:00pm-6:59pm", "month": "October", "crash_group": "Bicyclist Left Turn / Merge", "crash_type": "Bicyclist Left Turn - Same Direction"}}, {"type": "Feature", "geometry": {"type": "Point", "coordinates": [-75.5285, 39.1324]}, "properties": {"year": 2022, "state": "Delaware", "age_band": "25-44", "sex": "Male", "lighting": "Dark - Not Lighted", "hour": "6:00pm-6:59pm", "month": "December", "crash_group": "Motorist Failed to Yield - Signalized Intersection", "crash_type": "Motorist Drive Through - Signalized Intersection"}}, {"type": "Feature", "geometry": {"type": "Point", "coordinates": [-75.5285, 39.1324]}, "properties": {"year": 2022, "state": "Delaware", "age_band": "25-44", "sex": "Male", "lighting": "Dark - Not Lighted", "hour": "6:00pm-6:59pm", "month": "December", "crash_group": "Other / Unusual Circumstances", "crash_type": "Unusual Circumstances"}}, {"type": "Feature", "geometry": {"type": "Point", "coordinates": [-76.9426, 38.9019]}, "properties": {"year": 2022, "state": "District of Columbia", "age_band": "65+", "sex": "Male", "lighting": "Daylight", "hour": "5:00pm-5:59pm", "month": "July", "crash_group": "Motorist Failed to Yield - Signalized Intersection", "crash_type": "Motorist Drive Out - Signalized Intersection"}}, {"type": "Feature", "geometry": {"type": "Point", "coordinates": [-77.0218, 38.9123]}, "properties": {"year": 2022, "state": "District of Columbia", "age_band": "65+", "sex": "Male", "lighting": "Dark - Lighted", "hour": "2:00am-2:59am", "month": "July", "crash_group": "Motorist Right Turn / Merge", "crash_type": "Motorist Right Turn - Same Direction"}}, {"type": "Feature", "geometry": {"type": "Point", "coordinates": [-77.0467, 38.9007]}, "properties": {"year": 2022, "state": "District of Columbia", "age_band": "25-44", "sex": "Female", "lighting": "Daylight", "hour": "8:00am-8:59am", "month": "July", "crash_group": "Bicyclist Overtaking Motor Vehicle", "crash_type": "Bicyclist Overtaking - Passing on Right"}}, {"type": "Feature", "geometry": {"type": "Point", "coordinates": [-80.5096, 27.9693]}, "properties": {"year": 2022, "state": "Florida", "age_band": "45-64", "sex": "Male", "lighting": "Daylight", "hour": "9:00am-9:59am", "month": "January", "crash_group": "Motorist Overtaking Bicyclist", "crash_type": "Motorist Overtaking - Undetected Bicyclist or Detected - Too Late to Avoid"}}, {"type": "Feature", "geometry": {"type": "Point", "coordinates": [-80.3298, 26.0138]}, "properties": {"year": 2022, "state": "Florida", "age_band": "0-12 (child)", "sex": "Female", "lighting": "Daylight", "hour": "2:00pm-2:59pm", "month": "January", "crash_group": "Loss of Control / Turning Error", "crash_type": "Motorist Lost Control - Other / Unknown"}}, {"type": "Feature", "geometry": {"type": "Point", "coordinates": [-82.573, 27.5312]}, "properties": {"year": 2022, "state": "Florida", "age_band": "65+", "sex": "Male", "lighting": "Daylight", "hour": "9:00am-9:59am", "month": "January", "crash_group": "Parallel Paths - Other Circumstances", "crash_type": "Bicyclist Ride Out - Parallel Path"}}, {"type": "Feature", "geometry": {"type": "Point", "coordinates": [-80.1379, 26.6316]}, "properties": {"year": 2022, "state": "Florida", "age_band": "45-64", "sex": "Male", "lighting": "Daylight", "hour": "12:00pm-12:59pm", "month": "January", "crash_group": "Bicyclist Failed to Yield - Signalized Intersection", "crash_type": "Bicyclist Ride Through - Signalized Intersection"}}, {"type": "Feature", "geometry": {"type": "Point", "coordinates": [-81.0071, 29.111]}, "properties": {"year": 2022, "state": "Florida", "age_band": "25-44", "sex": "Male", "lighting": "Dark - Not Lighted", "hour": "7:00pm-7:59pm", "month": "January", "crash_group": "Wrong-Way / Wrong-Side", "crash_type": "Wrong-Way / Wrong-Side - Bicyclist"}}, {"type": "Feature", "geometry": {"type": "Point", "coordinates": [-82.6167, 27.4959]}, "properties": {"year": 2022, "state": "Florida", "age_band": "Unknown", "sex": "Not Reported", "lighting": "Daylight", "hour": "3:00pm-3:59pm", "month": "January", "crash_group": "Parallel Paths - Other Circumstances", "crash_type": "Bicyclist Ride Out - Parallel Path"}}, {"type": "Feature", "geometry": {"type": "Point", "coordinates": [-82.5478, 27.9655]}, "properties": {"year": 2022, "state": "Florida", "age_band": "45-64", "sex": "Male", "lighting": "Daylight", "hour": "3:00pm-3:59pm", "month": "January", "crash_group": "Motorist Overtaking Bicyclist", "crash_type": "Motorist Overtaking - Bicyclist Swerved"}}, {"type": "Feature", "geometry": {"type": "Point", "coordinates": [-80.7749, 28.3557]}, "properties": {"year": 2022, "state": "Florida", "age_band": "45-64", "sex": "Male", "lighting": "Dark - Not Lighted", "hour": "6:00pm-6:59pm", "month": "January", "crash_group": "Motorist Overtaking Bicyclist", "crash_type": "Motorist Overtaking - Undetected Bicyclist or Detected - Too Late to Avoid"}}, {"type": "Feature", "geometry": {"type": "Point", "coordinates": [-81.7204, 28.5712]}, "properties": {"year": 2022, "state": "Florida", "age_band": "65+", "sex": "Female", "lighting": "Daylight", "hour": "4:00pm-4:59pm", "month": "January", "crash_group": "Bicyclist Failed to Yield - Signalized Intersection", "crash_type": "Bicyclist Ride Through - Signalized Intersection"}}, {"type": "Feature", "geometry": {"type": "Point", "coordinates": [-82.4162, 28.0306]}, "properties": {"year": 2022, "state": "Florida", "age_band": "65+", "sex": "Male", "lighting": "Daylight", "hour": "9:00am-9:59am", "month": "January", "crash_group": "Motorist Left Turn / Merge", "crash_type": "Motorist Left Turn- Opposite Direction"}}, {"type": "Feature", "geometry": {"type": "Point", "coordinates": [-81.446, 29.6783]}, "properties": {"year": 2022, "state": "Florida", "age_band": "13-17 (teen)", "sex": "Male", "lighting": "Dark - Not Lighted", "hour": "6:00pm-6:59pm", "month": "January", "crash_group": "Motorist Overtaking Bicyclist", "crash_type": "Motorist Overtaking - Other/ Unknown"}}, {"type": "Feature", "geometry": {"type": "Point", "coordinates": [-80.477, 25.4553]}, "properties": {"year": 2022, "state": "Florida", "age_band": "45-64", "sex": "Male", "lighting": "Daylight", "hour": "4:00pm-4:59pm", "month": "January", "crash_group": "Motorist Failed to Yield - Sign-Controlled Intersection", "crash_type": "Motorist Drive Out - Sign-Controlled Intersection"}}, {"type": "Feature", "geometry": {"type": "Point", "coordinates": [-81.8667, 30.114]}, "properties": {"year": 2022, "state": "Florida", "age_band": "25-44", "sex": "Male", "lighting": "Dark - Not Lighted", "hour": "7:00pm-7:59pm", "month": "January", "crash_group": "Motorist Overtaking Bicyclist", "crash_type": "Motorist Overtaking - Bicyclist Swerved"}}, {"type": "Feature", "geometry": {"type": "Point", "coordinates": [-81.9155, 26.4323]}, "properties": {"year": 2022, "state": "Florida", "age_band": "45-64", "sex": "Female", "lighting": "Dark - Not Lighted", "hour": "9:00pm-9:59pm", "month": "January", "crash_group": "Motorist Overtaking Bicyclist", "crash_type": "Motorist Overtaking - Other/ Unknown"}}, {"type": "Feature", "geometry": {"type": "Point", "coordinates": [-82.1412, 28.0474]}, "properties": {"year": 2022, "state": "Florida", "age_band": "25-44", "sex": "Male", "lighting": "Dawn", "hour": "7:00am-7:59am", "month": "February", "crash_group": "Bicyclist Left Turn / Merge", "crash_type": "Bicyclist Left Turn - Opposite Direction"}}, {"type": "Feature", "geometry": {"type": "Point", "coordinates": [-81.476, 30.359]}, "properties": {"year": 2022, "state": "Florida", "age_band": "45-64", "sex": "Male", "lighting": "Dark - Lighted", "hour": "7:00pm-7:59pm", "month": "February", "crash_group": "Wrong-Way / Wrong-Side", "crash_type": "Wrong-Way / Wrong-Side - Bicyclist"}}, {"type": "Feature", "geometry": {"type": "Point", "coordinates": [-81.7465, 26.3315]}, "properties": {"year": 2022, "state": "Florida", "age_band": "45-64", "sex": "Male", "lighting": "Dark - Not Lighted", "hour": "4:00am-4:59am", "month": "February", "crash_group": "Parallel Paths - Other Circumstances", "crash_type": "Bicyclist Ride Out - Parallel Path"}}, {"type": "Feature", "geometry": {"type": "Point", "coordinates": [-82.0952, 27.0159]}, "properties": {"year": 2022, "state": "Florida", "age_band": "45-64", "sex": "Male", "lighting": "Dark - Lighted", "hour": "8:00pm-8:59pm", "month": "January", "crash_group": "Motorist Overtaking Bicyclist", "crash_type": "Motorist Overtaking - Undetected Bicyclist or Detected - Too Late to Avoid"}}, {"type": "Feature", "geometry": {"type": "Point", "coordinates": [-82.0952, 27.0159]}, "properties": {"year": 2022, "state": "Florida", "age_band": "45-64", "sex": "Female", "lighting": "Dark - Lighted", "hour": "8:00pm-8:59pm", "month": "January", "crash_group": "Motorist Overtaking Bicyclist", "crash_type": "Motorist Overtaking - Undetected Bicyclist or Detected - Too Late to Avoid"}}, {"type": "Feature", "geometry": {"type": "Point", "coordinates": [-81.908, 30.0774]}, "properties": {"year": 2022, "state": "Florida", "age_band": "45-64", "sex": "Male", "lighting": "Dark - Not Lighted", "hour": "7:00pm-7:59pm", "month": "January", "crash_group": "Motorist Overtaking Bicyclist", "crash_type": "Motorist Overtaking - Other/ Unknown"}}, {"type": "Feature", "geometry": {"type": "Point", "coordinates": [-81.8974, 26.682]}, "properties": {"year": 2022, "state": "Florida", "age_band": "18-24", "sex": "Male", "lighting": "Dark - Not Lighted", "hour": "7:00pm-7:59pm", "month": "February", "crash_group": "Bicyclist Failed to Yield - Signalized Intersection", "crash_type": "Bicyclist Ride Through - Signalized Intersection"}}, {"type": "Feature", "geometry": {"type": "Point", "coordinates": [-80.2837, 26.1716]}, "properties": {"year": 2022, "state": "Florida", "age_band": "65+", "sex": "Male", "lighting": "Dark - Lighted", "hour": "6:00am-6:59am", "month": "February", "crash_group": "Motorist Overtaking Bicyclist", "crash_type": "Motorist Overtaking - Undetected Bicyclist or Detected - Too Late to Avoid"}}, {"type": "Feature", "geometry": {"type": "Point", "coordinates": [-80.1126, 26.6629]}, "properties": {"year": 2022, "state": "Florida", "age_band": "13-17 (teen)", "sex": "Male", "lighting": "Dark - Lighted", "hour": "5:00am-5:59am", "month": "February", "crash_group": "Motorist Overtaking Bicyclist", "crash_type": "Motorist Overtaking - Undetected Bicyclist or Detected - Too Late to Avoid"}}, {"type": "Feature", "geometry": {"type": "Point", "coordinates": [-86.154, 30.5045]}, "properties": {"year": 2022, "state": "Florida", "age_band": "45-64", "sex": "Male", "lighting": "Daylight", "hour": "1:00pm-1:59pm", "month": "January", "crash_group": "Motorist Overtaking Bicyclist", "crash_type": "Motorist Overtaking - Undetected Bicyclist or Detected - Too Late to Avoid"}}, {"type": "Feature", "geometry": {"type": "Point", "coordinates": [-82.5469, 27.3516]}, "properties": {"year": 2022, "state": "Florida", "age_band": "25-44", "sex": "Female", "lighting": "Dark - Lighted", "hour": "6:00pm-6:59pm", "month": "January", "crash_group": "Loss of Control / Turning Error", "crash_type": "Bicyclist Lost Control - Mechanical problems"}}, {"type": "Feature", "geometry": {"type": "Point", "coordinates": [-81.0176, 29.2317]}, "properties": {"year": 2022, "state": "Florida", "age_band": "18-24", "sex": "Male", "lighting": "Dark - Not Lighted", "hour": "9:00pm-9:59pm", "month": "February", "crash_group": "Motorist Failed to Yield - Signalized Intersection", "crash_type": "Motorist Drive Through - Signalized Intersection"}}, {"type": "Feature", "geometry": {"type": "Point", "coordinates": [-80.0927, 26.3866]}, "properties": {"year": 2022, "state": "Florida", "age_band": "65+", "sex": "Female", "lighting": "Daylight", "hour": "12:00pm-12:59pm", "month": "February", "crash_group": "Motorist Overtaking Bicyclist", "crash_type": "Motorist Overtaking - Misjudged Space"}}, {"type": "Feature", "geometry": {"type": "Point", "coordinates": [-81.4162, 28.3675]}, "properties": {"year": 2022, "state": "Florida", "age_band": "13-17 (teen)", "sex": "Male", "lighting": "Daylight", "hour": "3:00pm-3:59pm", "month": "February", "crash_group": "Motorist Failed to Yield - Sign-Controlled Intersection", "crash_type": "Motorist Drive Out - Sign-Controlled Intersection"}}, {"type": "Feature", "geometry": {"type": "Point", "coordinates": [-82.141, 27.0104]}, "properties": {"year": 2022, "state": "Florida", "age_band": "13-17 (teen)", "sex": "Male", "lighting": "Dark - Lighted", "hour": "5:00am-5:59am", "month": "February", "crash_group": "Bicyclist Failed to Yield - Signalized Intersection", "crash_type": "Bicyclist Ride Through - Signalized Intersection"}}, {"type": "Feature", "geometry": {"type": "Point", "coordinates": [-82.7367, 27.8179]}, "properties": {"year": 2022, "state": "Florida", "age_band": "45-64", "sex": "Male", "lighting": "Dark - Not Lighted", "hour": "7:00pm-7:59pm", "month": "February", "crash_group": "Motorist Overtaking Bicyclist", "crash_type": "Motorist Overtaking - Other/ Unknown"}}, {"type": "Feature", "geometry": {"type": "Point", "coordinates": [-85.7998, 30.1926]}, "properties": {"year": 2022, "state": "Florida", "age_band": "25-44", "sex": "Female", "lighting": "Dark - Not Lighted", "hour": "2:00am-2:59am", "month": "February", "crash_group": "Wrong-Way / Wrong-Side", "crash_type": "Wrong-Way / Wrong-Side - Bicyclist"}}, {"type": "Feature", "geometry": {"type": "Point", "coordinates": [-80.1442, 25.7919]}, "properties": {"year": 2022, "state": "Florida", "age_band": "45-64", "sex": "Male", "lighting": "Daylight", "hour": "11:00am-11:59am", "month": "February", "crash_group": "Motorist Right Turn / Merge", "crash_type": "Motorist Right Turn - Same Direction"}}, {"type": "Feature", "geometry": {"type": "Point", "coordinates": [-82.5101, 27.389]}, "properties": {"year": 2022, "state": "Florida", "age_band": "65+", "sex": "Male", "lighting": "Dark - Not Lighted", "hour": "8:00pm-8:59pm", "month": "February", "crash_group": "Bicyclist Failed to Yield - Midblock", "crash_type": "Bicyclist Ride Out - Other Midblock"}}, {"type": "Feature", "geometry": {"type": "Point", "coordinates": [-81.4399, 28.1583]}, "properties": {"year": 2022, "state": "Florida", "age_band": "65+", "sex": "Male", "lighting": "Dark - Lighted", "hour": "10:00pm-10:59pm", "month": "February", "crash_group": "Bicyclist Failed to Yield - Signalized Intersection", "crash_type": "Bicyclist Ride Through - Signalized Intersection"}}, {"type": "Feature", "geometry": {"type": "Point", "coordinates": [-82.5246, 27.3888]}, "properties": {"year": 2022, "state": "Florida", "age_band": "45-64", "sex": "Male", "lighting": "Dark - Not Lighted", "hour": "11:00pm-11:59pm", "month": "February", "crash_group": "Motorist Overtaking Bicyclist", "crash_type": "Motorist Overtaking - Other/ Unknown"}}, {"type": "Feature", "geometry": {"type": "Point", "coordinates": [-80.1139, 26.2752]}, "properties": {"year": 2022, "state": "Florida", "age_band": "Unknown", "sex": "Not Reported", "lighting": "Daylight", "hour": "9:00am-9:59am", "month": "March", "crash_group": "Crossing Paths - Other Circumstances", "crash_type": "Signalized Intersection - Other / Unknown"}}, {"type": "Feature", "geometry": {"type": "Point", "coordinates": [-85.6638, 30.2237]}, "properties": {"year": 2022, "state": "Florida", "age_band": "18-24", "sex": "Male", "lighting": "Dark - Not Lighted", "hour": "9:00pm-9:59pm", "month": "February", "crash_group": "Motorist Overtaking Bicyclist", "crash_type": "Motorist Overtaking - Undetected Bicyclist or Detected - Too Late to Avoid"}}, {"type": "Feature", "geometry": {"type": "Point", "coordinates": [-82.7469, 27.8063]}, "properties": {"year": 2022, "state": "Florida", "age_band": "45-64", "sex": "Male", "lighting": "Dark - Lighted", "hour": "4:00am-4:59am", "month": "February", "crash_group": "Motorist Overtaking Bicyclist", "crash_type": "Motorist Overtaking - Misjudged Space"}}, {"type": "Feature", "geometry": {"type": "Point", "coordinates": [-82.6579, 28.3897]}, "properties": {"year": 2022, "state": "Florida", "age_band": "65+", "sex": "Male", "lighting": "Daylight", "hour": "5:00pm-5:59pm", "month": "February", "crash_group": "Motorist Left Turn / Merge", "crash_type": "Motorist Left Turn- Opposite Direction"}}, {"type": "Feature", "geometry": {"type": "Point", "coordinates": [-81.7219, 24.5768]}, "properties": {"year": 2022, "state": "Florida", "age_band": "18-24", "sex": "Male", "lighting": "Daylight", "hour": "12:00pm-12:59pm", "month": "March", "crash_group": "Loss of Control / Turning Error", "crash_type": "Motorist Lost Control - Other / Unknown"}}, {"type": "Feature", "geometry": {"type": "Point", "coordinates": [-80.5063, 27.6392]}, "properties": {"year": 2022, "state": "Florida", "age_band": "25-44", "sex": "Female", "lighting": "Daylight", "hour": "5:00pm-5:59pm", "month": "February", "crash_group": "Bicyclist Failed to Yield - Midblock", "crash_type": "Bicyclist Ride Out - Other Midblock"}}, {"type": "Feature", "geometry": {"type": "Point", "coordinates": [-82.356, 27.9493]}, "properties": {"year": 2022, "state": "Florida", "age_band": "25-44", "sex": "Male", "lighting": "Daylight", "hour": "4:00pm-4:59pm", "month": "February", "crash_group": "Crossing Paths - Other Circumstances", "crash_type": "Crossing Paths - Intersection - Other / Unknown Control"}}, {"type": "Feature", "geometry": {"type": "Point", "coordinates": [-82.7876, 27.9279]}, "properties": {"year": 2022, "state": "Florida", "age_band": "Unknown", "sex": "Not Reported", "lighting": "Dark - Lighted", "hour": "6:00am-6:59am", "month": "March", "crash_group": "Bicyclist Failed to Yield - Signalized Intersection", "crash_type": "Bicyclist Ride Out - Signalized Intersection"}}, {"type": "Feature", "geometry": {"type": "Point", "coordinates": [-82.248, 28.196]}, "properties": {"year": 2022, "state": "Florida", "age_band": "25-44", "sex": "Male", "lighting": "Dark - Not Lighted", "hour": "9:00pm-9:59pm", "month": "March", "crash_group": "Crossing Paths - Other Circumstances", "crash_type": "Crossing Paths - Uncontrolled Intersection"}}, {"type": "Feature", "geometry": {"type": "Point", "coordinates": [-82.4019, 27.9193]}, "properties": {"year": 2022, "state": "Florida", "age_band": "65+", "sex": "Male", "lighting": "Daylight", "hour": "8:00am-8:59am", "month": "February", "crash_group": "Crossing Paths - Other Circumstances", "crash_type": "Sign-Controlled Intersection - Other / Unknown"}}, {"type": "Feature", "geometry": {"type": "Point", "coordinates": [-82.4429, 27.9705]}, "properties": {"year": 2022, "state": "Florida", "age_band": "25-44", "sex": "Female", "lighting": "Daylight", "hour": "8:00am-8:59am", "month": "March", "crash_group": "Motorist Right Turn / Merge", "crash_type": "Motorist right Turn - Opposite Direction"}}, {"type": "Feature", "geometry": {"type": "Point", "coordinates": [-81.7725, 28.0522]}, "properties": {"year": 2022, "state": "Florida", "age_band": "45-64", "sex": "Male", "lighting": "Dark - Lighted", "hour": "5:00am-5:59am", "month": "March", "crash_group": "Motorist Overtaking Bicyclist", "crash_type": "Motorist Overtaking - Other/ Unknown"}}, {"type": "Feature", "geometry": {"type": "Point", "coordinates": [-80.0659, 26.7142]}, "properties": {"year": 2022, "state": "Florida", "age_band": "Unknown", "sex": "Male", "lighting": "Daylight", "hour": "7:00am-7:59am", "month": "March", "crash_group": "Loss of Control / Turning Error", "crash_type": "Bicyclist Lost Control - Other / Unknown"}}, {"type": "Feature", "geometry": {"type": "Point", "coordinates": [-82.5259, 27.6014]}, "properties": {"year": 2022, "state": "Florida", "age_band": "25-44", "sex": "Male", "lighting": "Dark - Not Lighted", "hour": "8:00pm-8:59pm", "month": "March", "crash_group": "Motorist Overtaking Bicyclist", "crash_type": "Motorist Overtaking - Other/ Unknown"}}, {"type": "Feature", "geometry": {"type": "Point", "coordinates": [-82.2794, 26.9324]}, "properties": {"year": 2022, "state": "Florida", "age_band": "45-64", "sex": "Male", "lighting": "Dark - Lighted", "hour": "9:00pm-9:59pm", "month": "March", "crash_group": "Loss of Control / Turning Error", "crash_type": "Motorist Turning Error - Left turn"}}, {"type": "Feature", "geometry": {"type": "Point", "coordinates": [-80.1783, 26.1364]}, "properties": {"year": 2022, "state": "Florida", "age_band": "Unknown", "sex": "Male", "lighting": "Daylight", "hour": "5:00pm-5:59pm", "month": "March", "crash_group": "Crossing Paths - Other Circumstances", "crash_type": "Signalized Intersection - Other / Unknown"}}, {"type": "Feature", "geometry": {"type": "Point", "coordinates": [-82.3136, 28.8506]}, "properties": {"year": 2022, "state": "Florida", "age_band": "25-44", "sex": "Male", "lighting": "Dark - Not Lighted", "hour": "6:00am-6:59am", "month": "January", "crash_group": "Motorist Overtaking Bicyclist", "crash_type": "Motorist Overtaking - Undetected Bicyclist or Detected - Too Late to Avoid"}}, {"type": "Feature", "geometry": {"type": "Point", "coordinates": [-82.6363, 30.1432]}, "properties": {"year": 2022, "state": "Florida", "age_band": "25-44", "sex": "Male", "lighting": "Dark - Not Lighted", "hour": "11:00pm-11:59pm", "month": "March", "crash_group": "Wrong-Way / Wrong-Side", "crash_type": "Wrong-Way / Wrong-Side - Bicyclist"}}, {"type": "Feature", "geometry": {"type": "Point", "coordinates": [-80.2165, 25.8301]}, "properties": {"year": 2022, "state": "Florida", "age_band": "45-64", "sex": "Male", "lighting": "Dawn", "hour": "6:00am-6:59am", "month": "April", "crash_group": "Bicyclist Failed to Yield - Sign-Controlled Intersection", "crash_type": "Bicyclist Ride Through - Sign-Controlled Intersection"}}, {"type": "Feature", "geometry": {"type": "Point", "coordinates": [-80.1077, 26.1196]}, "properties": {"year": 2022, "state": "Florida", "age_band": "Unknown", "sex": "Male", "lighting": "Dark - Lighted", "hour": "2:00am-2:59am", "month": "March", "crash_group": "Motorist Overtaking Bicyclist", "crash_type": "Motorist Overtaking - Other/ Unknown"}}, {"type": "Feature", "geometry": {"type": "Point", "coordinates": [-81.6823, 28.5542]}, "properties": {"year": 2022, "state": "Florida", "age_band": "45-64", "sex": "Male", "lighting": "Daylight", "hour": "3:00pm-3:59pm", "month": "March", "crash_group": "Bicyclist Failed to Yield - Midblock", "crash_type": "Bicyclist Ride Out - Other Midblock"}}, {"type": "Feature", "geometry": {"type": "Point", "coordinates": [-87.0845, 30.6027]}, "properties": {"year": 2022, "state": "Florida", "age_band": "45-64", "sex": "Male", "lighting": "Daylight", "hour": "12:00pm-12:59pm", "month": "April", "crash_group": "Bicyclist Left Turn / Merge", "crash_type": "Bicyclist Left Turn - Same Direction"}}, {"type": "Feature", "geometry": {"type": "Point", "coordinates": [-82.23, 28.227]}, "properties": {"year": 2022, "state": "Florida", "age_band": "45-64", "sex": "Female", "lighting": "Dark - Not Lighted", "hour": "7:00pm-7:59pm", "month": "February", "crash_group": "Loss of Control / Turning Error", "crash_type": "Bicyclist Lost Control - Other / Unknown"}}, {"type": "Feature", "geometry": {"type": "Point", "coordinates": [-80.0488, 26.8364]}, "properties": {"year": 2022, "state": "Florida", "age_band": "65+", "sex": "Male", "lighting": "Daylight", "hour": "9:00am-9:59am", "month": "March", "crash_group": "Bicyclist Left Turn / Merge", "crash_type": "Bicyclist Left Turn - Same Direction"}}, {"type": "Feature", "geometry": {"type": "Point", "coordinates": [-81.7793, 26.331]}, "properties": {"year": 2022, "state": "Florida", "age_band": "25-44", "sex": "Male", "lighting": "Dusk", "hour": "7:00pm-7:59pm", "month": "April", "crash_group": "Bicyclist Failed to Yield - Signalized Intersection", "crash_type": "Bicyclist Ride Through - Signalized Intersection"}}, {"type": "Feature", "geometry": {"type": "Point", "coordinates": [-82.29, 28.0042]}, "properties": {"year": 2022, "state": "Florida", "age_band": "45-64", "sex": "Male", "lighting": "Dusk", "hour": "6:00pm-6:59pm", "month": "January", "crash_group": "Bicyclist Failed to Yield - Midblock", "crash_type": "Bicyclist Ride Out - Other Midblock"}}, {"type": "Feature", "geometry": {"type": "Point", "coordinates": [-82.1862, 29.7763]}, "properties": {"year": 2022, "state": "Florida", "age_band": "25-44", "sex": "Male", "lighting": "Dark - Not Lighted", "hour": "9:00pm-9:59pm", "month": "April", "crash_group": "Motorist Overtaking Bicyclist", "crash_type": "Motorist Overtaking - Other/ Unknown"}}, {"type": "Feature", "geometry": {"type": "Point", "coordinates": [-82.3816, 28.0545]}, "properties": {"year": 2022, "state": "Florida", "age_band": "25-44", "sex": "Male", "lighting": "Dark - Lighted", "hour": "9:00pm-9:59pm", "month": "April", "crash_group": "Crossing Paths - Other Circumstances", "crash_type": "Crossing Paths - Uncontrolled Intersection"}}, {"type": "Feature", "geometry": {"type": "Point", "coordinates": [-80.117, 26.1675]}, "properties": {"year": 2022, "state": "Florida", "age_band": "45-64", "sex": "Not Reported", "lighting": "Dark - Lighted", "hour": "3:00am-3:59am", "month": "April", "crash_group": "Other / Unknown - Insufficient Details", "crash_type": "Unknown Approach Paths"}}, {"type": "Feature", "geometry": {"type": "Point", "coordinates": [-82.4615, 28.4346]}, "properties": {"year": 2022, "state": "Florida", "age_band": "45-64", "sex": "Male", "lighting": "Dark - Not Lighted", "hour": "6:00am-6:59am", "month": "March", "crash_group": "Motorist Overtaking Bicyclist", "crash_type": "Motorist Overtaking - Undetected Bicyclist or Detected - Too Late to Avoid"}}, {"type": "Feature", "geometry": {"type": "Point", "coordinates": [-80.2145, 25.8813]}, "properties": {"year": 2022, "state": "Florida", "age_band": "25-44", "sex": "Male", "lighting": "Dark - Not Lighted", "hour": "9:00pm-9:59pm", "month": "April", "crash_group": "Crossing Paths - Other Circumstances", "crash_type": "Crossing Paths - Uncontrolled Intersection"}}, {"type": "Feature", "geometry": {"type": "Point", "coordinates": [-80.2145, 25.8813]}, "properties": {"year": 2022, "state": "Florida", "age_band": "0-12 (child)", "sex": "Female", "lighting": "Dark - Not Lighted", "hour": "9:00pm-9:59pm", "month": "April", "crash_group": "Crossing Paths - Other Circumstances", "crash_type": "Crossing Paths - Uncontrolled Intersection"}}, {"type": "Feature", "geometry": {"type": "Point", "coordinates": [-80.2393, 25.7814]}, "properties": {"year": 2022, "state": "Florida", "age_band": "45-64", "sex": "Male", "lighting": "Daylight", "hour": "1:00pm-1:59pm", "month": "May", "crash_group": "Crossing Paths - Other Circumstances", "crash_type": "Sign-Controlled Intersection - Other / Unknown"}}, {"type": "Feature", "geometry": {"type": "Point", "coordinates": [-80.2155, 25.8019]}, "properties": {"year": 2022, "state": "Florida", "age_band": "45-64", "sex": "Male", "lighting": "Daylight", "hour": "11:00am-11:59am", "month": "May", "crash_group": "Motorist Overtaking Bicyclist", "crash_type": "Motorist Overtaking - Bicyclist Swerved"}}, {"type": "Feature", "geometry": {"type": "Point", "coordinates": [-82.492, 27.5468]}, "properties": {"year": 2022, "state": "Florida", "age_band": "45-64", "sex": "Female", "lighting": "Dark - Not Lighted", "hour": "11:00pm-11:59pm", "month": "May", "crash_group": "Motorist Overtaking Bicyclist", "crash_type": "Motorist Overtaking - Misjudged Space"}}, {"type": "Feature", "geometry": {"type": "Point", "coordinates": [-80.1921, 25.7462]}, "properties": {"year": 2022, "state": "Florida", "age_band": "45-64", "sex": "Male", "lighting": "Daylight", "hour": "4:00pm-4:59pm", "month": "May", "crash_group": "Motorist Overtaking Bicyclist", "crash_type": "Motorist Overtaking - Undetected Bicyclist or Detected - Too Late to Avoid"}}, {"type": "Feature", "geometry": {"type": "Point", "coordinates": [-80.1921, 25.7462]}, "properties": {"year": 2022, "state": "Florida", "age_band": "45-64", "sex": "Male", "lighting": "Daylight", "hour": "4:00pm-4:59pm", "month": "May", "crash_group": "Motorist Overtaking Bicyclist", "crash_type": "Motorist Overtaking - Undetected Bicyclist or Detected - Too Late to Avoid"}}, {"type": "Feature", "geometry": {"type": "Point", "coordinates": [-81.4897, 30.3222]}, "properties": {"year": 2022, "state": "Florida", "age_band": "45-64", "sex": "Male", "lighting": "Daylight", "hour": "3:00pm-3:59pm", "month": "May", "crash_group": "Bicyclist Left Turn / Merge", "crash_type": "Bicyclist Left Turn - Same Direction"}}, {"type": "Feature", "geometry": {"type": "Point", "coordinates": [-82.3901, 27.9119]}, "properties": {"year": 2022, "state": "Florida", "age_band": "25-44", "sex": "Male", "lighting": "Dark - Not Lighted", "hour": "2:00am-2:59am", "month": "May", "crash_group": "Motorist Overtaking Bicyclist", "crash_type": "Motorist Overtaking - Other/ Unknown"}}, {"type": "Feature", "geometry": {"type": "Point", "coordinates": [-81.767, 26.1588]}, "properties": {"year": 2022, "state": "Florida", "age_band": "65+", "sex": "Female", "lighting": "Dark - Not Lighted", "hour": "5:00am-5:59am", "month": "May", "crash_group": "Motorist Overtaking Bicyclist", "crash_type": "Motorist Overtaking - Other/ Unknown"}}, {"type": "Feature", "geometry": {"type": "Point", "coordinates": [-80.2442, 25.8053]}, "properties": {"year": 2022, "state": "Florida", "age_band": "65+", "sex": "Male", "lighting": "Daylight", "hour": "1:00pm-1:59pm", "month": "February", "crash_group": "Crossing Paths - Other Circumstances", "crash_type": "Sign-Controlled Intersection - Other / Unknown"}}, {"type": "Feature", "geometry": {"type": "Point", "coordinates": [-82.3524, 27.8983]}, "properties": {"year": 2022, "state": "Florida", "age_band": "18-24", "sex": "Female", "lighting": "Dawn", "hour": "7:00am-7:59am", "month": "March", "crash_group": "Bicyclist Failed to Yield - Midblock", "crash_type": "Bicyclist Ride Out - Other Midblock"}}, {"type": "Feature", "geometry": {"type": "Point", "coordinates": [-82.1406, 29.1871]}, "properties": {"year": 2022, "state": "Florida", "age_band": "18-24", "sex": "Male", "lighting": "Dark - Lighted", "hour": "4:00am-4:59am", "month": "April", "crash_group": "Bicyclist Failed to Yield - Signalized Intersection", "crash_type": "Bicyclist Ride Through - Signalized Intersection"}}, {"type": "Feature", "geometry": {"type": "Point", "coordinates": [-80.2821, 26.1065]}, "properties": {"year": 2022, "state": "Florida", "age_band": "25-44", "sex": "Not Reported", "lighting": "Dark - Lighted", "hour": "5:00am-5:59am", "month": "May", "crash_group": "Bicyclist Failed to Yield - Signalized Intersection", "crash_type": "Bicyclist Ride Through - Signalized Intersection"}}, {"type": "Feature", "geometry": {"type": "Point", "coordinates": [-82.7996, 27.9094]}, "properties": {"year": 2022, "state": "Florida", "age_band": "Unknown", "sex": "Male", "lighting": "Daylight", "hour": "12:00pm-12:59pm", "month": "April", "crash_group": "Bicyclist Failed to Yield - Midblock", "crash_type": "Bicyclist Ride Out - Other Midblock"}}, {"type": "Feature", "geometry": {"type": "Point", "coordinates": [-81.8594, 27.2139]}, "properties": {"year": 2022, "state": "Florida", "age_band": "45-64", "sex": "Male", "lighting": "Daylight", "hour": "4:00pm-4:59pm", "month": "June", "crash_group": "Bicyclist Failed to Yield - Signalized Intersection", "crash_type": "Bicyclist Ride Through - Signalized Intersection"}}, {"type": "Feature", "geometry": {"type": "Point", "coordinates": [-80.373, 25.6025]}, "properties": {"year": 2022, "state": "Florida", "age_band": "45-64", "sex": "Male", "lighting": "Dawn", "hour": "5:00am-5:59am", "month": "May", "crash_group": "Motorist Overtaking Bicyclist", "crash_type": "Motorist Overtaking - Other/ Unknown"}}, {"type": "Feature", "geometry": {"type": "Point", "coordinates": [-81.6547, 26.0346]}, "properties": {"year": 2022, "state": "Florida", "age_band": "65+", "sex": "Male", "lighting": "Daylight", "hour": "10:00am-10:59am", "month": "June", "crash_group": "Bicyclist Failed to Yield - Sign-Controlled Intersection", "crash_type": "Bicyclist Ride Through - Sign-Controlled Intersection"}}, {"type": "Feature", "geometry": {"type": "Point", "coordinates": [-80.0893, 26.6069]}, "properties": {"year": 2022, "state": "Florida", "age_band": "45-64", "sex": "Male", "lighting": "Daylight", "hour": "5:00pm-5:59pm", "month": "June", "crash_group": "Bicyclist Failed to Yield - Midblock", "crash_type": "Bicyclist Ride Out - Other Midblock"}}, {"type": "Feature", "geometry": {"type": "Point", "coordinates": [-80.7122, 28.3565]}, "properties": {"year": 2022, "state": "Florida", "age_band": "45-64", "sex": "Male", "lighting": "Dark - Not Lighted", "hour": "9:00pm-9:59pm", "month": "June", "crash_group": "Motorist Overtaking Bicyclist", "crash_type": "Motorist Overtaking - Other/ Unknown"}}, {"type": "Feature", "geometry": {"type": "Point", "coordinates": [-81.4805, 28.255]}, "properties": {"year": 2022, "state": "Florida", "age_band": "45-64", "sex": "Male", "lighting": "Dark - Not Lighted", "hour": "11:00pm-11:59pm", "month": "March", "crash_group": "Motorist Overtaking Bicyclist", "crash_type": "Motorist Overtaking - Undetected Bicyclist or Detected - Too Late to Avoid"}}, {"type": "Feature", "geometry": {"type": "Point", "coordinates": [-81.7153, 29.6763]}, "properties": {"year": 2022, "state": "Florida", "age_band": "65+", "sex": "Male", "lighting": "Daylight", "hour": "7:00am-7:59am", "month": "May", "crash_group": "Bicyclist Failed to Yield - Midblock", "crash_type": "Bicyclist Ride Out - Other Midblock"}}, {"type": "Feature", "geometry": {"type": "Point", "coordinates": [-80.3513, 27.3416]}, "properties": {"year": 2022, "state": "Florida", "age_band": "Unknown", "sex": "Male", "lighting": "Daylight", "hour": "10:00am-10:59am", "month": "March", "crash_group": "Bicyclist Failed to Yield - Sign-Controlled Intersection", "crash_type": "Bicyclist Ride Through - Sign-Controlled Intersection"}}, {"type": "Feature", "geometry": {"type": "Point", "coordinates": [-81.6739, 28.3474]}, "properties": {"year": 2022, "state": "Florida", "age_band": "25-44", "sex": "Male", "lighting": "Dark - Lighted", "hour": "4:00am-4:59am", "month": "June", "crash_group": "Motorist Overtaking Bicyclist", "crash_type": "Motorist Overtaking - Other/ Unknown"}}, {"type": "Feature", "geometry": {"type": "Point", "coordinates": [-80.4279, 27.6355]}, "properties": {"year": 2022, "state": "Florida", "age_band": "45-64", "sex": "Male", "lighting": "Dark - Not Lighted", "hour": "0:00am-0:59am", "month": "July", "crash_group": "Other / Unknown - Insufficient Details", "crash_type": "Unknown Approach Paths"}}, {"type": "Feature", "geometry": {"type": "Point", "coordinates": [-86.2611, 30.3747]}, "properties": {"year": 2022, "state": "Florida", "age_band": "45-64", "sex": "Male", "lighting": "Dark - Not Lighted", "hour": "11:00pm-11:59pm", "month": "June", "crash_group": "Wrong-Way / Wrong-Side", "crash_type": "Wrong-Way / Wrong-Side - Bicyclist"}}, {"type": "Feature", "geometry": {"type": "Point", "coordinates": [-80.0873, 26.7563]}, "properties": {"year": 2022, "state": "Florida", "age_band": "65+", "sex": "Male", "lighting": "Daylight", "hour": "10:00am-10:59am", "month": "July", "crash_group": "Crossing Paths - Other Circumstances", "crash_type": "Crossing Paths - Uncontrolled Intersection"}}, {"type": "Feature", "geometry": {"type": "Point", "coordinates": [-81.4047, 28.3885]}, "properties": {"year": 2022, "state": "Florida", "age_band": "45-64", "sex": "Male", "lighting": "Daylight", "hour": "7:00pm-7:59pm", "month": "June", "crash_group": "Bicyclist Left Turn / Merge", "crash_type": "Bicyclist Left Turn - Same Direction"}}, {"type": "Feature", "geometry": {"type": "Point", "coordinates": [-82.1991, 29.2671]}, "properties": {"year": 2022, "state": "Florida", "age_band": "25-44", "sex": "Male", "lighting": "Dark - Not Lighted", "hour": "10:00pm-10:59pm", "month": "June", "crash_group": "Motorist Overtaking Bicyclist", "crash_type": "Motorist Overtaking - Misjudged Space"}}, {"type": "Feature", "geometry": {"type": "Point", "coordinates": [-82.5821, 29.2469]}, "properties": {"year": 2022, "state": "Florida", "age_band": "45-64", "sex": "Female", "lighting": "Daylight", "hour": "7:00pm-7:59pm", "month": "June", "crash_group": "Motorist Overtaking Bicyclist", "crash_type": "Motorist Overtaking - Other/ Unknown"}}, {"type": "Feature", "geometry": {"type": "Point", "coordinates": [-81.4571, 28.589]}, "properties": {"year": 2022, "state": "Florida", "age_band": "45-64", "sex": "Male", "lighting": "Dark - Lighted", "hour": "10:00pm-10:59pm", "month": "July", "crash_group": "Crossing Paths - Other Circumstances", "crash_type": "Crossing Paths - Uncontrolled Intersection"}}, {"type": "Feature", "geometry": {"type": "Point", "coordinates": [-81.0813, 29.1839]}, "properties": {"year": 2022, "state": "Florida", "age_band": "65+", "sex": "Male", "lighting": "Daylight", "hour": "10:00am-10:59am", "month": "April", "crash_group": "Bicyclist Failed to Yield - Midblock", "crash_type": "Bicyclist Ride Out - Other Midblock"}}, {"type": "Feature", "geometry": {"type": "Point", "coordinates": [-82.1448, 29.184]}, "properties": {"year": 2022, "state": "Florida", "age_band": "45-64", "sex": "Male", "lighting": "Daylight", "hour": "4:00pm-4:59pm", "month": "May", "crash_group": "Bicyclist Failed to Yield - Sign-Controlled Intersection", "crash_type": "Bicyclist Ride Through - Sign-Controlled Intersection"}}, {"type": "Feature", "geometry": {"type": "Point", "coordinates": [-81.2941, 28.8694]}, "properties": {"year": 2022, "state": "Florida", "age_band": "65+", "sex": "Male", "lighting": "Daylight", "hour": "10:00am-10:59am", "month": "May", "crash_group": "Crossing Paths - Other Circumstances", "crash_type": "Crossing Paths - Uncontrolled Intersection"}}, {"type": "Feature", "geometry": {"type": "Point", "coordinates": [-80.3664, 27.2564]}, "properties": {"year": 2022, "state": "Florida", "age_band": "65+", "sex": "Not Reported", "lighting": "Daylight", "hour": "1:00pm-1:59pm", "month": "May", "crash_group": "Bicyclist Left Turn / Merge", "crash_type": "Bicyclist Left Turn - Same Direction"}}, {"type": "Feature", "geometry": {"type": "Point", "coordinates": [-81.7893, 28.1236]}, "properties": {"year": 2022, "state": "Florida", "age_band": "25-44", "sex": "Male", "lighting": "Dark - Not Lighted", "hour": "7:00am-7:59am", "month": "June", "crash_group": "Motorist Overtaking Bicyclist", "crash_type": "Motorist Overtaking - Other/ Unknown"}}, {"type": "Feature", "geometry": {"type": "Point", "coordinates": [-86.5691, 30.4853]}, "properties": {"year": 2022, "state": "Florida", "age_band": "45-64", "sex": "Male", "lighting": "Daylight", "hour": "5:00pm-5:59pm", "month": "July", "crash_group": "Motorist Overtaking Bicyclist", "crash_type": "Motorist Overtaking - Bicyclist Swerved"}}, {"type": "Feature", "geometry": {"type": "Point", "coordinates": [-82.1798, 28.2732]}, "properties": {"year": 2022, "state": "Florida", "age_band": "18-24", "sex": "Male", "lighting": "Dark - Not Lighted", "hour": "9:00pm-9:59pm", "month": "July", "crash_group": "Motorist Overtaking Bicyclist", "crash_type": "Motorist Overtaking - Undetected Bicyclist or Detected - Too Late to Avoid"}}, {"type": "Feature", "geometry": {"type": "Point", "coordinates": [-86.4218, 30.3895]}, "properties": {"year": 2022, "state": "Florida", "age_band": "18-24", "sex": "Male", "lighting": "Dark - Not Lighted", "hour": "0:00am-0:59am", "month": "July", "crash_group": "Parallel Paths - Other Circumstances", "crash_type": "Motorist Turn / Merge - Other / Unknown"}}, {"type": "Feature", "geometry": {"type": "Point", "coordinates": [-87.3284, 30.5808]}, "properties": {"year": 2022, "state": "Florida", "age_band": "0-12 (child)", "sex": "Male", "lighting": "Daylight", "hour": "6:00pm-6:59pm", "month": "July", "crash_group": "Bicyclist Failed to Yield - Sign-Controlled Intersection", "crash_type": "Bicyclist Ride Through - Sign-Controlled Intersection"}}, {"type": "Feature", "geometry": {"type": "Point", "coordinates": [-81.2825, 29.0246]}, "properties": {"year": 2022, "state": "Florida", "age_band": "25-44", "sex": "Male", "lighting": "Dark - Lighted", "hour": "9:00pm-9:59pm", "month": "July", "crash_group": "Other / Unusual Circumstances", "crash_type": "Unusual Circumstances"}}, {"type": "Feature", "geometry": {"type": "Point", "coordinates": [-80.0562, 26.6452]}, "properties": {"year": 2022, "state": "Florida", "age_band": "65+", "sex": "Male", "lighting": "Daylight", "hour": "11:00am-11:59am", "month": "August", "crash_group": "Crossing Paths - Other Circumstances", "crash_type": "Sign-Controlled Intersection - Other / Unknown"}}, {"type": "Feature", "geometry": {"type": "Point", "coordinates": [-82.4646, 27.2987]}, "properties": {"year": 2022, "state": "Florida", "age_band": "45-64", "sex": "Male", "lighting": "Daylight", "hour": "10:00am-10:59am", "month": "July", "crash_group": "Other / Unusual Circumstances", "crash_type": "Unusual Circumstances"}}, {"type": "Feature", "geometry": {"type": "Point", "coordinates": [-80.2223, 25.7588]}, "properties": {"year": 2022, "state": "Florida", "age_band": "65+", "sex": "Male", "lighting": "Daylight", "hour": "7:00pm-7:59pm", "month": "July", "crash_group": "Loss of Control / Turning Error", "crash_type": "Bicyclist Lost Control - Other / Unknown"}}, {"type": "Feature", "geometry": {"type": "Point", "coordinates": [-85.2985, 30.4245]}, "properties": {"year": 2022, "state": "Florida", "age_band": "65+", "sex": "Male", "lighting": "Dark - Not Lighted", "hour": "9:00pm-9:59pm", "month": "July", "crash_group": "Motorist Overtaking Bicyclist", "crash_type": "Motorist Overtaking - Other/ Unknown"}}, {"type": "Feature", "geometry": {"type": "Point", "coordinates": [-80.0943, 26.5883]}, "properties": {"year": 2022, "state": "Florida", "age_band": "13-17 (teen)", "sex": "Male", "lighting": "Daylight", "hour": "3:00pm-3:59pm", "month": "August", "crash_group": "Motorist Right Turn / Merge", "crash_type": "Motorist Right Turn - Same Direction"}}, {"type": "Feature", "geometry": {"type": "Point", "coordinates": [-80.1558, 26.0333]}, "properties": {"year": 2022, "state": "Florida", "age_band": "Unknown", "sex": "Male", "lighting": "Dark - Unknown Lighting", "hour": "1:00am-1:59am", "month": "July", "crash_group": "Bicyclist Failed to Yield - Midblock", "crash_type": "Bicyclist Ride Out - Other Midblock"}}, {"type": "Feature", "geometry": {"type": "Point", "coordinates": [-81.2951, 28.5391]}, "properties": {"year": 2022, "state": "Florida", "age_band": "18-24", "sex": "Male", "lighting": "Daylight", "hour": "4:00pm-4:59pm", "month": "February", "crash_group": "Other / Unknown - Insufficient Details", "crash_type": "Unknown Approach Paths"}}, {"type": "Feature", "geometry": {"type": "Point", "coordinates": [-81.2951, 28.5391]}, "properties": {"year": 2022, "state": "Florida", "age_band": "Unknown", "sex": "Male", "lighting": "Daylight", "hour": "4:00pm-4:59pm", "month": "February", "crash_group": "Other / Unknown - Insufficient Details", "crash_type": "Unknown Approach Paths"}}, {"type": "Feature", "geometry": {"type": "Point", "coordinates": [-82.7957, 27.939]}, "properties": {"year": 2022, "state": "Florida", "age_band": "65+", "sex": "Male", "lighting": "Daylight", "hour": "8:00am-8:59am", "month": "July", "crash_group": "Bicyclist Failed to Yield - Sign-Controlled Intersection", "crash_type": "Bicyclist Ride Through - Sign-Controlled Intersection"}}, {"type": "Feature", "geometry": {"type": "Point", "coordinates": [-82.7022, 28.3118]}, "properties": {"year": 2022, "state": "Florida", "age_band": "45-64", "sex": "Male", "lighting": "Reported as Unknown", "hour": "8:00am-8:59am", "month": "July", "crash_group": "Motorist Overtaking Bicyclist", "crash_type": "Motorist Overtaking - Other/ Unknown"}}, {"type": "Feature", "geometry": {"type": "Point", "coordinates": [-81.6077, 30.2732]}, "properties": {"year": 2022, "state": "Florida", "age_band": "45-64", "sex": "Male", "lighting": "Daylight", "hour": "7:00pm-7:59pm", "month": "August", "crash_group": "Bicyclist Left Turn / Merge", "crash_type": "Bicyclist Left Turn - Same Direction"}}, {"type": "Feature", "geometry": {"type": "Point", "coordinates": [-81.4425, 27.4713]}, "properties": {"year": 2022, "state": "Florida", "age_band": "65+", "sex": "Male", "lighting": "Daylight", "hour": "3:00pm-3:59pm", "month": "July", "crash_group": "Bicyclist Failed to Yield - Midblock", "crash_type": "Bicyclist Ride Out - Other Midblock"}}, {"type": "Feature", "geometry": {"type": "Point", "coordinates": [-82.5643, 28.8038]}, "properties": {"year": 2022, "state": "Florida", "age_band": "25-44", "sex": "Male", "lighting": "Dark - Not Lighted", "hour": "11:00pm-11:59pm", "month": "July", "crash_group": "Motorist Overtaking Bicyclist", "crash_type": "Motorist Overtaking - Undetected Bicyclist or Detected - Too Late to Avoid"}}, {"type": "Feature", "geometry": {"type": "Point", "coordinates": [-80.4635, 27.0184]}, "properties": {"year": 2022, "state": "Florida", "age_band": "25-44", "sex": "Male", "lighting": "Dark - Lighted", "hour": "10:00pm-10:59pm", "month": "August", "crash_group": "Bicyclist Failed to Yield - Midblock", "crash_type": "Bicyclist Ride Out - Other Midblock"}}, {"type": "Feature", "geometry": {"type": "Point", "coordinates": [-82.2074, 27.9961]}, "properties": {"year": 2022, "state": "Florida", "age_band": "25-44", "sex": "Male", "lighting": "Dark - Lighted", "hour": "9:00pm-9:59pm", "month": "August", "crash_group": "Motorist Overtaking Bicyclist", "crash_type": "Motorist Overtaking - Undetected Bicyclist or Detected - Too Late to Avoid"}}, {"type": "Feature", "geometry": {"type": "Point", "coordinates": [-81.3339, 28.2024]}, "properties": {"year": 2022, "state": "Florida", "age_band": "25-44", "sex": "Male", "lighting": "Dawn", "hour": "6:00am-6:59am", "month": "August", "crash_group": "Motorist Overtaking Bicyclist", "crash_type": "Motorist Overtaking - Undetected Bicyclist or Detected - Too Late to Avoid"}}, {"type": "Feature", "geometry": {"type": "Point", "coordinates": [-81.4581, 28.5426]}, "properties": {"year": 2022, "state": "Florida", "age_band": "65+", "sex": "Male", "lighting": "Dark - Not Lighted", "hour": "8:00pm-8:59pm", "month": "August", "crash_group": "Motorist Overtaking Bicyclist", "crash_type": "Motorist Overtaking - Misjudged Space"}}, {"type": "Feature", "geometry": {"type": "Point", "coordinates": [-82.6402, 27.8643]}, "properties": {"year": 2022, "state": "Florida", "age_band": "65+", "sex": "Not Reported", "lighting": "Dusk", "hour": "8:00pm-8:59pm", "month": "August", "crash_group": "Motorist Failed to Yield - Sign-Controlled Intersection", "crash_type": "Motorist Drive Out - Sign-Controlled Intersection"}}, {"type": "Feature", "geometry": {"type": "Point", "coordinates": [-87.1892, 30.4258]}, "properties": {"year": 2022, "state": "Florida", "age_band": "25-44", "sex": "Male", "lighting": "Dark - Lighted", "hour": "2:00am-2:59am", "month": "August", "crash_group": "Other / Unknown - Insufficient Details", "crash_type": "Unknown Approach Paths"}}, {"type": "Feature", "geometry": {"type": "Point", "coordinates": [-81.4336, 26.4242]}, "properties": {"year": 2022, "state": "Florida", "age_band": "65+", "sex": "Male", "lighting": "Dark - Lighted", "hour": "9:00pm-9:59pm", "month": "August", "crash_group": "Bicyclist Failed to Yield - Midblock", "crash_type": "Bicyclist Ride Out - Midblock - Unknown"}}, {"type": "Feature", "geometry": {"type": "Point", "coordinates": [-82.4821, 27.1963]}, "properties": {"year": 2022, "state": "Florida", "age_band": "13-17 (teen)", "sex": "Female", "lighting": "Daylight", "hour": "4:00pm-4:59pm", "month": "August", "crash_group": "Bicyclist Failed to Yield - Sign-Controlled Intersection", "crash_type": "Bicyclist Ride Out - Sign-Controlled Intersection"}}, {"type": "Feature", "geometry": {"type": "Point", "coordinates": [-80.2561, 25.9114]}, "properties": {"year": 2022, "state": "Florida", "age_band": "45-64", "sex": "Male", "lighting": "Dark - Lighted", "hour": "10:00pm-10:59pm", "month": "August", "crash_group": "Bicyclist Right Turn / Merge", "crash_type": "Bicyclist Right Turn - Same Direction"}}, {"type": "Feature", "geometry": {"type": "Point", "coordinates": [-85.7078, 30.1808]}, "properties": {"year": 2022, "state": "Florida", "age_band": "25-44", "sex": "Male", "lighting": "Dark - Lighted", "hour": "10:00pm-10:59pm", "month": "July", "crash_group": "Bicyclist Failed to Yield - Midblock", "crash_type": "Bicyclist Ride Out - Other Midblock"}}, {"type": "Feature", "geometry": {"type": "Point", "coordinates": [-82.4016, 27.9722]}, "properties": {"year": 2022, "state": "Florida", "age_band": "45-64", "sex": "Male", "lighting": "Daylight", "hour": "7:00pm-7:59pm", "month": "July", "crash_group": "Wrong-Way / Wrong-Side", "crash_type": "Wrong-Way / Wrong-Side - Bicyclist"}}, {"type": "Feature", "geometry": {"type": "Point", "coordinates": [-82.7067, 27.8719]}, "properties": {"year": 2022, "state": "Florida", "age_band": "25-44", "sex": "Male", "lighting": "Daylight", "hour": "11:00am-11:59am", "month": "August", "crash_group": "Bicyclist Failed to Yield - Signalized Intersection", "crash_type": "Bicyclist Ride Through - Signalized Intersection"}}, {"type": "Feature", "geometry": {"type": "Point", "coordinates": [-82.7398, 28.1171]}, "properties": {"year": 2022, "state": "Florida", "age_band": "0-12 (child)", "sex": "Male", "lighting": "Daylight", "hour": "5:00pm-5:59pm", "month": "August", "crash_group": "Motorist Overtaking Bicyclist", "crash_type": "Motorist Overtaking - Other/ Unknown"}}, {"type": "Feature", "geometry": {"type": "Point", "coordinates": [-82.4324, 28.0545]}, "properties": {"year": 2022, "state": "Florida", "age_band": "45-64", "sex": "Male", "lighting": "Daylight", "hour": "2:00pm-2:59pm", "month": "August", "crash_group": "Bicyclist Failed to Yield - Midblock", "crash_type": "Bicyclist Ride Out - Other Midblock"}}, {"type": "Feature", "geometry": {"type": "Point", "coordinates": [-82.3208, 27.0494]}, "properties": {"year": 2022, "state": "Florida", "age_band": "45-64", "sex": "Male", "lighting": "Daylight", "hour": "3:00pm-3:59pm", "month": "September", "crash_group": "Bicyclist Failed to Yield - Signalized Intersection", "crash_type": "Bicyclist Ride Through - Signalized Intersection"}}, {"type": "Feature", "geometry": {"type": "Point", "coordinates": [-82.7959, 27.9691]}, "properties": {"year": 2022, "state": "Florida", "age_band": "45-64", "sex": "Male", "lighting": "Daylight", "hour": "2:00pm-2:59pm", "month": "August", "crash_group": "Motorist Left Turn / Merge", "crash_type": "Motorist Left Turn- Same Direction"}}, {"type": "Feature", "geometry": {"type": "Point", "coordinates": [-81.3287, 29.0233]}, "properties": {"year": 2022, "state": "Florida", "age_band": "45-64", "sex": "Male", "lighting": "Daylight", "hour": "9:00am-9:59am", "month": "September", "crash_group": "Bicyclist Failed to Yield - Sign-Controlled Intersection", "crash_type": "Bicyclist Ride Through - Sign-Controlled Intersection"}}, {"type": "Feature", "geometry": {"type": "Point", "coordinates": [-82.4102, 28.0034]}, "properties": {"year": 2022, "state": "Florida", "age_band": "45-64", "sex": "Male", "lighting": "Daylight", "hour": "7:00pm-7:59pm", "month": "September", "crash_group": "Wrong-Way / Wrong-Side", "crash_type": "Wrong-Way / Wrong-Side - Bicyclist"}}, {"type": "Feature", "geometry": {"type": "Point", "coordinates": [-80.2399, 25.7989]}, "properties": {"year": 2022, "state": "Florida", "age_band": "65+", "sex": "Male", "lighting": "Daylight", "hour": "8:00am-8:59am", "month": "July", "crash_group": "Crossing Paths - Other Circumstances", "crash_type": "Signalized Intersection - Other / Unknown"}}, {"type": "Feature", "geometry": {"type": "Point", "coordinates": [-80.4787, 25.4621]}, "properties": {"year": 2022, "state": "Florida", "age_band": "25-44", "sex": "Female", "lighting": "Dark - Lighted", "hour": "11:00pm-11:59pm", "month": "July", "crash_group": "Motorist Overtaking Bicyclist", "crash_type": "Motorist Overtaking - Other/ Unknown"}}, {"type": "Feature", "geometry": {"type": "Point", "coordinates": [-81.6635, 26.6586]}, "properties": {"year": 2022, "state": "Florida", "age_band": "25-44", "sex": "Male", "lighting": "Dawn", "hour": "6:00am-6:59am", "month": "September", "crash_group": "Motorist Overtaking Bicyclist", "crash_type": "Motorist Overtaking - Other/ Unknown"}}, {"type": "Feature", "geometry": {"type": "Point", "coordinates": [-82.7771, 29.3228]}, "properties": {"year": 2022, "state": "Florida", "age_band": "45-64", "sex": "Female", "lighting": "Dark - Not Lighted", "hour": "4:00am-4:59am", "month": "September", "crash_group": "Motorist Overtaking Bicyclist", "crash_type": "Motorist Overtaking - Misjudged Space"}}, {"type": "Feature", "geometry": {"type": "Point", "coordinates": [-80.193, 25.8523]}, "properties": {"year": 2022, "state": "Florida", "age_band": "25-44", "sex": "Male", "lighting": "Dark - Not Lighted", "hour": "10:00pm-10:59pm", "month": "August", "crash_group": "Motorist Overtaking Bicyclist", "crash_type": "Motorist Overtaking - Other/ Unknown"}}, {"type": "Feature", "geometry": {"type": "Point", "coordinates": [-80.1878, 25.9175]}, "properties": {"year": 2022, "state": "Florida", "age_band": "45-64", "sex": "Male", "lighting": "Dark - Lighted", "hour": "9:00pm-9:59pm", "month": "August", "crash_group": "Motorist Overtaking Bicyclist", "crash_type": "Motorist Overtaking - Undetected Bicyclist or Detected - Too Late to Avoid"}}, {"type": "Feature", "geometry": {"type": "Point", "coordinates": [-81.0312, 29.1878]}, "properties": {"year": 2022, "state": "Florida", "age_band": "45-64", "sex": "Male", "lighting": "Dark - Not Lighted", "hour": "0:00am-0:59am", "month": "September", "crash_group": "Bicyclist Failed to Yield - Midblock", "crash_type": "Multiple Threat -  Midblock"}}, {"type": "Feature", "geometry": {"type": "Point", "coordinates": [-81.9899, 28.0415]}, "properties": {"year": 2022, "state": "Florida", "age_band": "45-64", "sex": "Male", "lighting": "Dark - Lighted", "hour": "10:00pm-10:59pm", "month": "May", "crash_group": "Bicyclist Failed to Yield - Signalized Intersection", "crash_type": "Bicyclist Ride Out - Signalized Intersection"}}, {"type": "Feature", "geometry": {"type": "Point", "coordinates": [-82.7204, 28.276]}, "properties": {"year": 2022, "state": "Florida", "age_band": "45-64", "sex": "Male", "lighting": "Dark - Lighted", "hour": "9:00pm-9:59pm", "month": "August", "crash_group": "Bicyclist Failed to Yield - Midblock", "crash_type": "Bicyclist Ride Out - Other Midblock"}}, {"type": "Feature", "geometry": {"type": "Point", "coordinates": [-82.7572, 27.8945]}, "properties": {"year": 2022, "state": "Florida", "age_band": "65+", "sex": "Male", "lighting": "Daylight", "hour": "9:00am-9:59am", "month": "September", "crash_group": "Bicyclist Left Turn / Merge", "crash_type": "Bicyclist Left Turn - Same Direction"}}, {"type": "Feature", "geometry": {"type": "Point", "coordinates": [-81.7392, 27.9937]}, "properties": {"year": 2022, "state": "Florida", "age_band": "45-64", "sex": "Female", "lighting": "Dark - Not Lighted", "hour": "8:00pm-8:59pm", "month": "September", "crash_group": "Bicyclist Failed to Yield - Midblock", "crash_type": "Bicyclist Ride Out - Midblock - Unknown"}}, {"type": "Feature", "geometry": {"type": "Point", "coordinates": [-81.3301, 28.2625]}, "properties": {"year": 2022, "state": "Florida", "age_band": "25-44", "sex": "Male", "lighting": "Dark - Lighted", "hour": "5:00am-5:59am", "month": "September", "crash_group": "Motorist Overtaking Bicyclist", "crash_type": "Motorist Overtaking - Other/ Unknown"}}, {"type": "Feature", "geometry": {"type": "Point", "coordinates": [-81.3921, 27.4647]}, "properties": {"year": 2022, "state": "Florida", "age_band": "25-44", "sex": "Male", "lighting": "Dark - Not Lighted", "hour": "6:00am-6:59am", "month": "September", "crash_group": "Motorist Overtaking Bicyclist", "crash_type": "Motorist Overtaking - Misjudged Space"}}, {"type": "Feature", "geometry": {"type": "Point", "coordinates": [-82.5402, 27.891]}, "properties": {"year": 2022, "state": "Florida", "age_band": "45-64", "sex": "Female", "lighting": "Daylight", "hour": "9:00am-9:59am", "month": "September", "crash_group": "Motorist Overtaking Bicyclist", "crash_type": "Motorist Overtaking - Bicyclist Swerved"}}, {"type": "Feature", "geometry": {"type": "Point", "coordinates": [-80.9788, 29.1262]}, "properties": {"year": 2022, "state": "Florida", "age_band": "65+", "sex": "Female", "lighting": "Daylight", "hour": "9:00am-9:59am", "month": "September", "crash_group": "Crossing Paths - Other Circumstances", "crash_type": "Sign-Controlled Intersection - Other / Unknown"}}, {"type": "Feature", "geometry": {"type": "Point", "coordinates": [-81.1314, 29.1393]}, "properties": {"year": 2022, "state": "Florida", "age_band": "45-64", "sex": "Male", "lighting": "Dark - Not Lighted", "hour": "8:00am-8:59am", "month": "September", "crash_group": "Motorist Overtaking Bicyclist", "crash_type": "Motorist Overtaking - Other/ Unknown"}}, {"type": "Feature", "geometry": {"type": "Point", "coordinates": [-81.8135, 26.6758]}, "properties": {"year": 2022, "state": "Florida", "age_band": "65+", "sex": "Male", "lighting": "Dusk", "hour": "8:00pm-8:59pm", "month": "September", "crash_group": "Crossing Paths - Other Circumstances", "crash_type": "Crossing Paths - Uncontrolled Intersection"}}, {"type": "Feature", "geometry": {"type": "Point", "coordinates": [-80.21, 26.0176]}, "properties": {"year": 2022, "state": "Florida", "age_band": "45-64", "sex": "Male", "lighting": "Dark - Lighted", "hour": "8:00pm-8:59pm", "month": "September", "crash_group": "Bicyclist Left Turn / Merge", "crash_type": "Bicyclist Left Turn - Opposite Direction"}}, {"type": "Feature", "geometry": {"type": "Point", "coordinates": [-80.2973, 26.1265]}, "properties": {"year": 2022, "state": "Florida", "age_band": "25-44", "sex": "Male", "lighting": "Dusk", "hour": "7:00pm-7:59pm", "month": "September", "crash_group": "Motorist Overtaking Bicyclist", "crash_type": "Motorist Overtaking - Misjudged Space"}}, {"type": "Feature", "geometry": {"type": "Point", "coordinates": [-82.5754, 27.4584]}, "properties": {"year": 2022, "state": "Florida", "age_band": "65+", "sex": "Male", "lighting": "Daylight", "hour": "9:00am-9:59am", "month": "October", "crash_group": "Motorist Overtaking Bicyclist", "crash_type": "Motorist Overtaking - Misjudged Space"}}, {"type": "Feature", "geometry": {"type": "Point", "coordinates": [-80.0942, 26.5882]}, "properties": {"year": 2022, "state": "Florida", "age_band": "45-64", "sex": "Male", "lighting": "Dark - Lighted", "hour": "8:00pm-8:59pm", "month": "October", "crash_group": "Bicyclist Failed to Yield - Signalized Intersection", "crash_type": "Bicyclist Ride Through - Signalized Intersection"}}, {"type": "Feature", "geometry": {"type": "Point", "coordinates": [-81.6172, 30.2084]}, "properties": {"year": 2022, "state": "Florida", "age_band": "13-17 (teen)", "sex": "Male", "lighting": "Dark - Lighted", "hour": "3:00am-3:59am", "month": "September", "crash_group": "Motorist Overtaking Bicyclist", "crash_type": "Motorist Overtaking - Undetected Bicyclist or Detected - Too Late to Avoid"}}, {"type": "Feature", "geometry": {"type": "Point", "coordinates": [-81.904, 27.2267]}, "properties": {"year": 2022, "state": "Florida", "age_band": "45-64", "sex": "Male", "lighting": "Dawn", "hour": "6:00am-6:59am", "month": "October", "crash_group": "Motorist Overtaking Bicyclist", "crash_type": "Motorist Overtaking - Other/ Unknown"}}, {"type": "Feature", "geometry": {"type": "Point", "coordinates": [-87.2595, 30.4268]}, "properties": {"year": 2022, "state": "Florida", "age_band": "45-64", "sex": "Male", "lighting": "Daylight", "hour": "9:00am-9:59am", "month": "October", "crash_group": "Bicyclist Failed to Yield - Sign-Controlled Intersection", "crash_type": "Bicyclist Ride Through - Sign-Controlled Intersection"}}, {"type": "Feature", "geometry": {"type": "Point", "coordinates": [-81.3972, 28.5364]}, "properties": {"year": 2022, "state": "Florida", "age_band": "65+", "sex": "Male", "lighting": "Dark - Lighted", "hour": "0:00am-0:59am", "month": "October", "crash_group": "Parallel Paths - Other Circumstances", "crash_type": "Bicyclist Ride Out - Parallel Path"}}, {"type": "Feature", "geometry": {"type": "Point", "coordinates": [-80.2089, 26.1892]}, "properties": {"year": 2022, "state": "Florida", "age_band": "Unknown", "sex": "Not Reported", "lighting": "Dark - Lighted", "hour": "10:00pm-10:59pm", "month": "October", "crash_group": "Crossing Paths - Other Circumstances", "crash_type": "Signalized Intersection - Other / Unknown"}}, {"type": "Feature", "geometry": {"type": "Point", "coordinates": [-82.0546, 28.5291]}, "properties": {"year": 2022, "state": "Florida", "age_band": "Unknown", "sex": "Male", "lighting": "Dark - Not Lighted", "hour": "9:00pm-9:59pm", "month": "October", "crash_group": "Motorist Overtaking Bicyclist", "crash_type": "Motorist Overtaking - Undetected Bicyclist or Detected - Too Late to Avoid"}}, {"type": "Feature", "geometry": {"type": "Point", "coordinates": [-81.0344, 28.275]}, "properties": {"year": 2022, "state": "Florida", "age_band": "45-64", "sex": "Male", "lighting": "Dark - Not Lighted", "hour": "6:00am-6:59am", "month": "October", "crash_group": "Motorist Overtaking Bicyclist", "crash_type": "Motorist Overtaking - Other/ Unknown"}}, {"type": "Feature", "geometry": {"type": "Point", "coordinates": [-82.5064, 27.8849]}, "properties": {"year": 2022, "state": "Florida", "age_band": "25-44", "sex": "Male", "lighting": "Dark - Lighted", "hour": "5:00am-5:59am", "month": "October", "crash_group": "Bicyclist Right Turn / Merge", "crash_type": "Bicyclist Right Turn - Opposite Direction"}}, {"type": "Feature", "geometry": {"type": "Point", "coordinates": [-80.3115, 27.2827]}, "properties": {"year": 2022, "state": "Florida", "age_band": "13-17 (teen)", "sex": "Male", "lighting": "Dark - Not Lighted", "hour": "5:00am-5:59am", "month": "September", "crash_group": "Crossing Paths - Other Circumstances", "crash_type": "Sign-Controlled Intersection - Other / Unknown"}}, {"type": "Feature", "geometry": {"type": "Point", "coordinates": [-85.7824, 30.1762]}, "properties": {"year": 2022, "state": "Florida", "age_band": "45-64", "sex": "Male", "lighting": "Daylight", "hour": "8:00am-8:59am", "month": "October", "crash_group": "Wrong-Way / Wrong-Side", "crash_type": "Wrong-Way / Wrong-Side - Bicyclist"}}, {"type": "Feature", "geometry": {"type": "Point", "coordinates": [-81.3623, 28.6331]}, "properties": {"year": 2022, "state": "Florida", "age_band": "0-12 (child)", "sex": "Male", "lighting": "Daylight", "hour": "3:00pm-3:59pm", "month": "June", "crash_group": "Other / Unknown - Insufficient Details", "crash_type": "Unknown Approach Paths"}}, {"type": "Feature", "geometry": {"type": "Point", "coordinates": [-87.3576, 30.361]}, "properties": {"year": 2022, "state": "Florida", "age_band": "25-44", "sex": "Male", "lighting": "Dark - Not Lighted", "hour": "7:00pm-7:59pm", "month": "October", "crash_group": "Motorist Overtaking Bicyclist", "crash_type": "Motorist Overtaking - Undetected Bicyclist or Detected - Too Late to Avoid"}}, {"type": "Feature", "geometry": {"type": "Point", "coordinates": [-87.3576, 30.361]}, "properties": {"year": 2022, "state": "Florida", "age_band": "25-44", "sex": "Male", "lighting": "Dark - Not Lighted", "hour": "7:00pm-7:59pm", "month": "October", "crash_group": "Motorist Overtaking Bicyclist", "crash_type": "Motorist Overtaking - Undetected Bicyclist or Detected - Too Late to Avoid"}}, {"type": "Feature", "geometry": {"type": "Point", "coordinates": [-80.2385, 25.9949]}, "properties": {"year": 2022, "state": "Florida", "age_band": "25-44", "sex": "Male", "lighting": "Dark - Lighted", "hour": "5:00am-5:59am", "month": "November", "crash_group": "Motorist Overtaking Bicyclist", "crash_type": "Motorist Overtaking - Misjudged Space"}}, {"type": "Feature", "geometry": {"type": "Point", "coordinates": [-82.5508, 28.3007]}, "properties": {"year": 2022, "state": "Florida", "age_band": "65+", "sex": "Female", "lighting": "Daylight", "hour": "9:00am-9:59am", "month": "November", "crash_group": "Bicyclist Failed to Yield - Midblock", "crash_type": "Bicyclist Ride Out - Other Midblock"}}, {"type": "Feature", "geometry": {"type": "Point", "coordinates": [-82.4514, 28.005]}, "properties": {"year": 2022, "state": "Florida", "age_band": "45-64", "sex": "Male", "lighting": "Daylight", "hour": "4:00pm-4:59pm", "month": "November", "crash_group": "Motorist Overtaking Bicyclist", "crash_type": "Motorist Overtaking - Misjudged Space"}}, {"type": "Feature", "geometry": {"type": "Point", "coordinates": [-80.1892, 25.7989]}, "properties": {"year": 2022, "state": "Florida", "age_band": "18-24", "sex": "Female", "lighting": "Dark - Lighted", "hour": "3:00am-3:59am", "month": "October", "crash_group": "Motorist Overtaking Bicyclist", "crash_type": "Motorist Overtaking - Other/ Unknown"}}, {"type": "Feature", "geometry": {"type": "Point", "coordinates": [-81.3459, 28.3237]}, "properties": {"year": 2022, "state": "Florida", "age_band": "65+", "sex": "Male", "lighting": "Dawn", "hour": "7:00am-7:59am", "month": "October", "crash_group": "Motorist Overtaking Bicyclist", "crash_type": "Motorist Overtaking - Misjudged Space"}}, {"type": "Feature", "geometry": {"type": "Point", "coordinates": [-82.5754, 27.4525]}, "properties": {"year": 2022, "state": "Florida", "age_band": "25-44", "sex": "Male", "lighting": "Dark - Lighted", "hour": "9:00pm-9:59pm", "month": "October", "crash_group": "Bicyclist Failed to Yield - Midblock", "crash_type": "Bicyclist Ride Out - Other Midblock"}}, {"type": "Feature", "geometry": {"type": "Point", "coordinates": [-81.7376, 24.574]}, "properties": {"year": 2022, "state": "Florida", "age_band": "45-64", "sex": "Male", "lighting": "Dark - Lighted", "hour": "9:00pm-9:59pm", "month": "November", "crash_group": "Motorist Overtaking Bicyclist", "crash_type": "Motorist Overtaking - Undetected Bicyclist or Detected - Too Late to Avoid"}}, {"type": "Feature", "geometry": {"type": "Point", "coordinates": [-82.687, 27.8283]}, "properties": {"year": 2022, "state": "Florida", "age_band": "45-64", "sex": "Male", "lighting": "Dark - Not Lighted", "hour": "2:00am-2:59am", "month": "September", "crash_group": "Motorist Overtaking Bicyclist", "crash_type": "Motorist Overtaking - Other/ Unknown"}}, {"type": "Feature", "geometry": {"type": "Point", "coordinates": [-81.8507, 26.6411]}, "properties": {"year": 2022, "state": "Florida", "age_band": "25-44", "sex": "Male", "lighting": "Dark - Lighted", "hour": "9:00pm-9:59pm", "month": "November", "crash_group": "Bicyclist Left Turn / Merge", "crash_type": "Bicyclist Left Turn - Opposite Direction"}}, {"type": "Feature", "geometry": {"type": "Point", "coordinates": [-81.4167, 27.4151]}, "properties": {"year": 2022, "state": "Florida", "age_band": "25-44", "sex": "Male", "lighting": "Dark - Not Lighted", "hour": "1:00am-1:59am", "month": "November", "crash_group": "Bicyclist Failed to Yield - Midblock", "crash_type": "Bicyclist Ride Out - Other Midblock"}}, {"type": "Feature", "geometry": {"type": "Point", "coordinates": [-82.1402, 27.017]}, "properties": {"year": 2022, "state": "Florida", "age_band": "45-64", "sex": "Male", "lighting": "Dark - Not Lighted", "hour": "6:00pm-6:59pm", "month": "November", "crash_group": "Motorist Overtaking Bicyclist", "crash_type": "Motorist Overtaking - Undetected Bicyclist or Detected - Too Late to Avoid"}}, {"type": "Feature", "geometry": {"type": "Point", "coordinates": [-80.2037, 26.4016]}, "properties": {"year": 2022, "state": "Florida", "age_band": "13-17 (teen)", "sex": "Male", "lighting": "Dark - Lighted", "hour": "5:00pm-5:59pm", "month": "November", "crash_group": "Bicyclist Failed to Yield - Midblock", "crash_type": "Bicyclist Ride Out - Other Midblock"}}, {"type": "Feature", "geometry": {"type": "Point", "coordinates": [-81.04, 29.2105]}, "properties": {"year": 2022, "state": "Florida", "age_band": "25-44", "sex": "Male", "lighting": "Daylight", "hour": "8:00am-8:59am", "month": "October", "crash_group": "Bicyclist Failed to Yield - Midblock", "crash_type": "Bicyclist Ride Out - Other Midblock"}}, {"type": "Feature", "geometry": {"type": "Point", "coordinates": [-82.1686, 29.2013]}, "properties": {"year": 2022, "state": "Florida", "age_band": "65+", "sex": "Male", "lighting": "Dark - Not Lighted", "hour": "6:00pm-6:59pm", "month": "November", "crash_group": "Parallel Paths - Other Circumstances", "crash_type": "Parallel Paths - Other / Unknown"}}, {"type": "Feature", "geometry": {"type": "Point", "coordinates": [-80.1387, 26.2227]}, "properties": {"year": 2022, "state": "Florida", "age_band": "25-44", "sex": "Male", "lighting": "Daylight", "hour": "4:00pm-4:59pm", "month": "May", "crash_group": "Other / Unknown - Insufficient Details", "crash_type": "Unknown Approach Paths"}}, {"type": "Feature", "geometry": {"type": "Point", "coordinates": [-81.7734, 26.6234]}, "properties": {"year": 2022, "state": "Florida", "age_band": "65+", "sex": "Male", "lighting": "Daylight", "hour": "10:00am-10:59am", "month": "November", "crash_group": "Bicyclist Failed to Yield - Midblock", "crash_type": "Bicyclist Ride Out - Other Midblock"}}, {"type": "Feature", "geometry": {"type": "Point", "coordinates": [-82.7371, 28.2172]}, "properties": {"year": 2022, "state": "Florida", "age_band": "45-64", "sex": "Male", "lighting": "Dark - Lighted", "hour": "11:00pm-11:59pm", "month": "October", "crash_group": "Motorist Failed to Yield - Signalized Intersection", "crash_type": "Motorist Drive Through - Signalized Intersection"}}, {"type": "Feature", "geometry": {"type": "Point", "coordinates": [-81.8451, 26.6411]}, "properties": {"year": 2022, "state": "Florida", "age_band": "45-64", "sex": "Male", "lighting": "Dark - Lighted", "hour": "7:00pm-7:59pm", "month": "January", "crash_group": "Bicyclist Failed to Yield - Midblock", "crash_type": "Bicyclist Ride Out - Other Midblock"}}, {"type": "Feature", "geometry": {"type": "Point", "coordinates": [-81.5018, 28.364]}, "properties": {"year": 2022, "state": "Florida", "age_band": "25-44", "sex": "Female", "lighting": "Daylight", "hour": "3:00pm-3:59pm", "month": "November", "crash_group": "Bicyclist Failed to Yield - Signalized Intersection", "crash_type": "Bicyclist Failed to Clear - Trapped"}}, {"type": "Feature", "geometry": {"type": "Point", "coordinates": [-81.4676, 28.5467]}, "properties": {"year": 2022, "state": "Florida", "age_band": "65+", "sex": "Male", "lighting": "Daylight", "hour": "11:00am-11:59am", "month": "November", "crash_group": "Crossing Paths - Other Circumstances", "crash_type": "Crossing Paths - Uncontrolled Intersection"}}, {"type": "Feature", "geometry": {"type": "Point", "coordinates": [-82.3316, 29.6218]}, "properties": {"year": 2022, "state": "Florida", "age_band": "Unknown", "sex": "Male", "lighting": "Reported as Unknown", "hour": "5:00am-5:59am", "month": "November", "crash_group": "Other / Unknown - Insufficient Details", "crash_type": "Unknown Approach Paths"}}, {"type": "Feature", "geometry": {"type": "Point", "coordinates": [-82.5404, 27.334]}, "properties": {"year": 2022, "state": "Florida", "age_band": "45-64", "sex": "Male", "lighting": "Dark - Lighted", "hour": "7:00am-7:59am", "month": "November", "crash_group": "Motorist Failed to Yield - Sign-Controlled Intersection", "crash_type": "Motorist Drive Out - Sign-Controlled Intersection"}}, {"type": "Feature", "geometry": {"type": "Point", "coordinates": [-80.6598, 28.0978]}, "properties": {"year": 2022, "state": "Florida", "age_band": "45-64", "sex": "Male", "lighting": "Dark - Lighted", "hour": "7:00pm-7:59pm", "month": "November", "crash_group": "Motorist Overtaking Bicyclist", "crash_type": "Motorist Overtaking - Bicyclist Swerved"}}, {"type": "Feature", "geometry": {"type": "Point", "coordinates": [-82.0665, 26.9727]}, "properties": {"year": 2022, "state": "Florida", "age_band": "65+", "sex": "Male", "lighting": "Daylight", "hour": "3:00pm-3:59pm", "month": "December", "crash_group": "Bicyclist Failed to Yield - Signalized Intersection", "crash_type": "Bicyclist Ride Through - Signalized Intersection"}}, {"type": "Feature", "geometry": {"type": "Point", "coordinates": [-81.6837, 30.3996]}, "properties": {"year": 2022, "state": "Florida", "age_band": "45-64", "sex": "Male", "lighting": "Daylight", "hour": "11:00am-11:59am", "month": "October", "crash_group": "Motorist Right Turn / Merge", "crash_type": "Motorist Right Turn - Same Direction"}}, {"type": "Feature", "geometry": {"type": "Point", "coordinates": [-80.8899, 28.9623]}, "properties": {"year": 2022, "state": "Florida", "age_band": "25-44", "sex": "Male", "lighting": "Daylight", "hour": "8:00am-8:59am", "month": "April", "crash_group": "Motorist Overtaking Bicyclist", "crash_type": "Motorist Overtaking - Bicyclist Swerved"}}, {"type": "Feature", "geometry": {"type": "Point", "coordinates": [-81.3775, 28.4654]}, "properties": {"year": 2022, "state": "Florida", "age_band": "65+", "sex": "Female", "lighting": "Dark - Not Lighted", "hour": "8:00pm-8:59pm", "month": "October", "crash_group": "Crossing Paths - Other Circumstances", "crash_type": "Signalized Intersection - Other / Unknown"}}, {"type": "Feature", "geometry": {"type": "Point", "coordinates": [-81.507, 28.2603]}, "properties": {"year": 2022, "state": "Florida", "age_band": "45-64", "sex": "Male", "lighting": "Dark - Lighted", "hour": "11:00pm-11:59pm", "month": "December", "crash_group": "Wrong-Way / Wrong-Side", "crash_type": "Wrong-Way / Wrong-Side - Bicyclist"}}, {"type": "Feature", "geometry": {"type": "Point", "coordinates": [-80.3884, 27.6087]}, "properties": {"year": 2022, "state": "Florida", "age_band": "25-44", "sex": "Male", "lighting": "Daylight", "hour": "5:00pm-5:59pm", "month": "December", "crash_group": "Bicyclist Failed to Yield - Midblock", "crash_type": "Bicyclist Ride-Out - Commercial Driveway"}}, {"type": "Feature", "geometry": {"type": "Point", "coordinates": [-80.1856, 26.7091]}, "properties": {"year": 2022, "state": "Florida", "age_band": "Unknown", "sex": "Not Reported", "lighting": "Daylight", "hour": "5:00pm-5:59pm", "month": "December", "crash_group": "Motorist Overtaking Bicyclist", "crash_type": "Motorist Overtaking - Other/ Unknown"}}, {"type": "Feature", "geometry": {"type": "Point", "coordinates": [-81.915, 29.3718]}, "properties": {"year": 2022, "state": "Florida", "age_band": "25-44", "sex": "Female", "lighting": "Dark - Not Lighted", "hour": "4:00am-4:59am", "month": "December", "crash_group": "Motorist Overtaking Bicyclist", "crash_type": "Motorist Overtaking - Undetected Bicyclist or Detected - Too Late to Avoid"}}, {"type": "Feature", "geometry": {"type": "Point", "coordinates": [-81.6895, 26.1896]}, "properties": {"year": 2022, "state": "Florida", "age_band": "45-64", "sex": "Male", "lighting": "Dark - Not Lighted", "hour": "6:00pm-6:59pm", "month": "December", "crash_group": "Motorist Overtaking Bicyclist", "crash_type": "Motorist Overtaking - Undetected Bicyclist or Detected - Too Late to Avoid"}}, {"type": "Feature", "geometry": {"type": "Point", "coordinates": [-81.2407, 28.5325]}, "properties": {"year": 2022, "state": "Florida", "age_band": "25-44", "sex": "Male", "lighting": "Dark - Not Lighted", "hour": "11:00pm-11:59pm", "month": "December", "crash_group": "Wrong-Way / Wrong-Side", "crash_type": "Wrong-Way / Wrong-Side - Motorist"}}, {"type": "Feature", "geometry": {"type": "Point", "coordinates": [-82.563, 27.4971]}, "properties": {"year": 2022, "state": "Florida", "age_band": "25-44", "sex": "Male", "lighting": "Dark - Not Lighted", "hour": "5:00am-5:59am", "month": "November", "crash_group": "Bicyclist Left Turn / Merge", "crash_type": "Bicyclist Left Turn - Same Direction"}}, {"type": "Feature", "geometry": {"type": "Point", "coordinates": [-80.1378, 26.6319]}, "properties": {"year": 2022, "state": "Florida", "age_band": "25-44", "sex": "Male", "lighting": "Daylight", "hour": "1:00pm-1:59pm", "month": "December", "crash_group": "Wrong-Way / Wrong-Side", "crash_type": "Wrong-Way / Wrong-Side - Motorist"}}, {"type": "Feature", "geometry": {"type": "Point", "coordinates": [-81.5361, 27.8944]}, "properties": {"year": 2022, "state": "Florida", "age_band": "65+", "sex": "Male", "lighting": "Dusk", "hour": "5:00pm-5:59pm", "month": "December", "crash_group": "Bicyclist Left Turn / Merge", "crash_type": "Bicyclist Left Turn - Opposite Direction"}}, {"type": "Feature", "geometry": {"type": "Point", "coordinates": [-82.4884, 27.1914]}, "properties": {"year": 2022, "state": "Florida", "age_band": "45-64", "sex": "Male", "lighting": "Dark - Not Lighted", "hour": "8:00pm-8:59pm", "month": "December", "crash_group": "Motorist Overtaking Bicyclist", "crash_type": "Motorist Overtaking - Undetected Bicyclist or Detected - Too Late to Avoid"}}, {"type": "Feature", "geometry": {"type": "Point", "coordinates": [-82.34, 27.8938]}, "properties": {"year": 2022, "state": "Florida", "age_band": "65+", "sex": "Male", "lighting": "Dusk", "hour": "6:00pm-6:59pm", "month": "December", "crash_group": "Crossing Paths - Other Circumstances", "crash_type": "Crossing Paths - Uncontrolled Intersection"}}, {"type": "Feature", "geometry": {"type": "Point", "coordinates": [-81.5093, 28.6731]}, "properties": {"year": 2022, "state": "Florida", "age_band": "25-44", "sex": "Male", "lighting": "Dark - Lighted", "hour": "6:00am-6:59am", "month": "December", "crash_group": "Bicyclist Failed to Yield - Signalized Intersection", "crash_type": "Bicyclist Ride Out - Signalized Intersection"}}, {"type": "Feature", "geometry": {"type": "Point", "coordinates": [-82.7282, 27.7771]}, "properties": {"year": 2022, "state": "Florida", "age_band": "25-44", "sex": "Male", "lighting": "Dark - Lighted", "hour": "6:00pm-6:59pm", "month": "December", "crash_group": "Motorist Right Turn / Merge", "crash_type": "Motorist Right Turn - Same Direction"}}, {"type": "Feature", "geometry": {"type": "Point", "coordinates": [-81.4567, 28.45]}, "properties": {"year": 2022, "state": "Florida", "age_band": "25-44", "sex": "Male", "lighting": "Dark - Not Lighted", "hour": "11:00pm-11:59pm", "month": "December", "crash_group": "Other / Unknown - Insufficient Details", "crash_type": "Unknown Approach Paths"}}, {"type": "Feature", "geometry": {"type": "Point", "coordinates": [-80.9311, 29.0188]}, "properties": {"year": 2022, "state": "Florida", "age_band": "65+", "sex": "Male", "lighting": "Dark - Not Lighted", "hour": "10:00pm-10:59pm", "month": "November", "crash_group": "Crossing Paths - Other Circumstances", "crash_type": "Crossing Paths - Intersection - Other / Unknown Control"}}, {"type": "Feature", "geometry": {"type": "Point", "coordinates": [-82.6659, 28.3207]}, "properties": {"year": 2022, "state": "Florida", "age_band": "45-64", "sex": "Female", "lighting": "Dark - Lighted", "hour": "7:00pm-7:59pm", "month": "December", "crash_group": "Crossing Paths - Other Circumstances", "crash_type": "Sign-Controlled Intersection - Other / Unknown"}}, {"type": "Feature", "geometry": {"type": "Point", "coordinates": [-80.2366, 26.2142]}, "properties": {"year": 2022, "state": "Florida", "age_band": "Unknown", "sex": "Not Reported", "lighting": "Dark - Lighted", "hour": "10:00pm-10:59pm", "month": "December", "crash_group": "Other / Unknown - Insufficient Details", "crash_type": "Unknown Approach Paths"}}, {"type": "Feature", "geometry": {"type": "Point", "coordinates": [-84.4037, 30.4546]}, "properties": {"year": 2022, "state": "Florida", "age_band": "45-64", "sex": "Male", "lighting": "Daylight", "hour": "2:00pm-2:59pm", "month": "December", "crash_group": "Motorist Overtaking Bicyclist", "crash_type": "Motorist Overtaking - Bicyclist Swerved"}}, {"type": "Feature", "geometry": {"type": "Point", "coordinates": [-84.3022, 30.4798]}, "properties": {"year": 2022, "state": "Florida", "age_band": "45-64", "sex": "Male", "lighting": "Dark - Lighted", "hour": "6:00pm-6:59pm", "month": "December", "crash_group": "Crossing Paths - Other Circumstances", "crash_type": "Crossing Paths - Intersection - Other / Unknown Control"}}, {"type": "Feature", "geometry": {"type": "Point", "coordinates": [-82.0703, 29.0208]}, "properties": {"year": 2022, "state": "Florida", "age_band": "18-24", "sex": "Male", "lighting": "Dark - Not Lighted", "hour": "9:00pm-9:59pm", "month": "December", "crash_group": "Motorist Overtaking Bicyclist", "crash_type": "Motorist Overtaking - Undetected Bicyclist or Detected - Too Late to Avoid"}}, {"type": "Feature", "geometry": {"type": "Point", "coordinates": [-81.7662, 26.1267]}, "properties": {"year": 2022, "state": "Florida", "age_band": "25-44", "sex": "Female", "lighting": "Dark - Lighted", "hour": "8:00pm-8:59pm", "month": "December", "crash_group": "Bicyclist Failed to Yield - Signalized Intersection", "crash_type": "Bicyclist Ride Out - Signalized Intersection"}}, {"type": "Feature", "geometry": {"type": "Point", "coordinates": [-80.2201, 25.8688]}, "properties": {"year": 2022, "state": "Florida", "age_band": "25-44", "sex": "Male", "lighting": "Dark - Lighted", "hour": "10:00pm-10:59pm", "month": "December", "crash_group": "Crossing Paths - Other Circumstances", "crash_type": "Crossing Paths - Intersection - Other / Unknown Control"}}, {"type": "Feature", "geometry": {"type": "Point", "coordinates": [-82.1761, 28.2519]}, "properties": {"year": 2022, "state": "Florida", "age_band": "25-44", "sex": "Male", "lighting": "Dark - Not Lighted", "hour": "5:00am-5:59am", "month": "December", "crash_group": "Motorist Overtaking Bicyclist", "crash_type": "Motorist Overtaking - Other/ Unknown"}}, {"type": "Feature", "geometry": {"type": "Point", "coordinates": [-80.3325, 27.4168]}, "properties": {"year": 2022, "state": "Florida", "age_band": "65+", "sex": "Male", "lighting": "Daylight", "hour": "8:00am-8:59am", "month": "October", "crash_group": "Bicyclist Failed to Yield - Sign-Controlled Intersection", "crash_type": "Bicyclist Ride Through - Sign-Controlled Intersection"}}, {"type": "Feature", "geometry": {"type": "Point", "coordinates": [-81.3069, 29.0263]}, "properties": {"year": 2022, "state": "Florida", "age_band": "45-64", "sex": "Female", "lighting": "Dark - Lighted", "hour": "11:00pm-11:59pm", "month": "June", "crash_group": "Wrong-Way / Wrong-Side", "crash_type": "Wrong-Way / Wrong-Side - Bicyclist"}}, {"type": "Feature", "geometry": {"type": "Point", "coordinates": [-80.1782, 26.1298]}, "properties": {"year": 2022, "state": "Florida", "age_band": "45-64", "sex": "Male", "lighting": "Daylight", "hour": "4:00pm-4:59pm", "month": "July", "crash_group": "Loss of Control / Turning Error", "crash_type": "Bicyclist Lost Control - Oversteering, Improper Braking, Speed"}}, {"type": "Feature", "geometry": {"type": "Point", "coordinates": [-81.7597, 24.572]}, "properties": {"year": 2022, "state": "Florida", "age_band": "65+", "sex": "Male", "lighting": "Daylight", "hour": "11:00am-11:59am", "month": "November", "crash_group": "Motorist Failed to Yield - Signalized Intersection", "crash_type": "Motorist Drive Through - Signalized Intersection"}}, {"type": "Feature", "geometry": {"type": "Point", "coordinates": [-81.5581, 28.5514]}, "properties": {"year": 2022, "state": "Florida", "age_band": "25-44", "sex": "Male", "lighting": "Daylight", "hour": "4:00pm-4:59pm", "month": "December", "crash_group": "Motorist Failed to Yield - Signalized Intersection", "crash_type": "Motorist Drive Out - Right-Turn-on-Red"}}, {"type": "Feature", "geometry": {"type": "Point", "coordinates": [-80.136, 26.2807]}, "properties": {"year": 2022, "state": "Florida", "age_band": "45-64", "sex": "Male", "lighting": "Daylight", "hour": "7:00pm-7:59pm", "month": "July", "crash_group": "Motorist Failed to Yield - Midblock", "crash_type": "Motorist Drive-Out - Commercial Driveway"}}, {"type": "Feature", "geometry": {"type": "Point", "coordinates": [-80.2196, 26.1798]}, "properties": {"year": 2022, "state": "Florida", "age_band": "45-64", "sex": "Male", "lighting": "Reported as Unknown", "hour": "9:00am-9:59am", "month": "March", "crash_group": "Other / Unknown - Insufficient Details", "crash_type": "Unknown Approach Paths"}}, {"type": "Feature", "geometry": {"type": "Point", "coordinates": [-85.0122, 34.408]}, "properties": {"year": 2022, "state": "Georgia", "age_band": "45-64", "sex": "Male", "lighting": "Dark - Not Lighted", "hour": "7:00pm-7:59pm", "month": "February", "crash_group": "Other / Unknown - Insufficient Details", "crash_type": "Unknown Approach Paths"}}, {"type": "Feature", "geometry": {"type": "Point", "coordinates": [-83.4332, 33.9667]}, "properties": {"year": 2022, "state": "Georgia", "age_band": "65+", "sex": "Male", "lighting": "Dark - Not Lighted", "hour": "11:00pm-11:59pm", "month": "March", "crash_group": "Motorist Overtaking Bicyclist", "crash_type": "Motorist Overtaking - Misjudged Space"}}, {"type": "Feature", "geometry": {"type": "Point", "coordinates": [-84.2941, 33.2954]}, "properties": {"year": 2022, "state": "Georgia", "age_band": "45-64", "sex": "Male", "lighting": "Dark - Not Lighted", "hour": "11:00pm-11:59pm", "month": "February", "crash_group": "Motorist Overtaking Bicyclist", "crash_type": "Motorist Overtaking - Misjudged Space"}}, {"type": "Feature", "geometry": {"type": "Point", "coordinates": [-85.2261, 34.2804]}, "properties": {"year": 2022, "state": "Georgia", "age_band": "18-24", "sex": "Male", "lighting": "Dark - Not Lighted", "hour": "7:00pm-7:59pm", "month": "March", "crash_group": "Motorist Overtaking Bicyclist", "crash_type": "Motorist Overtaking - Other/ Unknown"}}, {"type": "Feature", "geometry": {"type": "Point", "coordinates": [-81.7856, 32.3959]}, "properties": {"year": 2022, "state": "Georgia", "age_band": "18-24", "sex": "Male", "lighting": "Dark - Not Lighted", "hour": "5:00am-5:59am", "month": "March", "crash_group": "Motorist Overtaking Bicyclist", "crash_type": "Motorist Overtaking - Undetected Bicyclist or Detected - Too Late to Avoid"}}, {"type": "Feature", "geometry": {"type": "Point", "coordinates": [-81.0882, 32.0521]}, "properties": {"year": 2022, "state": "Georgia", "age_band": "45-64", "sex": "Male", "lighting": "Dark - Lighted", "hour": "8:00pm-8:59pm", "month": "April", "crash_group": "Bicyclist Failed to Yield - Sign-Controlled Intersection", "crash_type": "Bicyclist Ride Out - Sign-Controlled Intersection"}}, {"type": "Feature", "geometry": {"type": "Point", "coordinates": [-83.9889, 33.673]}, "properties": {"year": 2022, "state": "Georgia", "age_band": "65+", "sex": "Male", "lighting": "Dark - Not Lighted", "hour": "4:00am-4:59am", "month": "April", "crash_group": "Bicyclist Failed to Yield - Signalized Intersection", "crash_type": "Bicyclist Ride Through - Signalized Intersection"}}, {"type": "Feature", "geometry": {"type": "Point", "coordinates": [-81.9718, 33.4693]}, "properties": {"year": 2022, "state": "Georgia", "age_band": "45-64", "sex": "Male", "lighting": "Dark - Not Lighted", "hour": "10:00pm-10:59pm", "month": "May", "crash_group": "Motorist Overtaking Bicyclist", "crash_type": "Motorist Overtaking - Undetected Bicyclist or Detected - Too Late to Avoid"}}, {"type": "Feature", "geometry": {"type": "Point", "coordinates": [-81.1022, 32.0577]}, "properties": {"year": 2022, "state": "Georgia", "age_band": "Unknown", "sex": "Male", "lighting": "Daylight", "hour": "6:00pm-6:59pm", "month": "June", "crash_group": "Bicyclist Failed to Yield - Signalized Intersection", "crash_type": "Bicyclist Ride Through - Signalized Intersection"}}, {"type": "Feature", "geometry": {"type": "Point", "coordinates": [-84.7847, 34.1808]}, "properties": {"year": 2022, "state": "Georgia", "age_band": "45-64", "sex": "Male", "lighting": "Daylight", "hour": "3:00pm-3:59pm", "month": "July", "crash_group": "Bicyclist Failed to Yield - Midblock", "crash_type": "Bicyclist Ride Out - Residential Driveway"}}, {"type": "Feature", "geometry": {"type": "Point", "coordinates": [-84.3087, 33.6733]}, "properties": {"year": 2022, "state": "Georgia", "age_band": "18-24", "sex": "Male", "lighting": "Dark - Not Lighted", "hour": "10:00pm-10:59pm", "month": "July", "crash_group": "Wrong-Way / Wrong-Side", "crash_type": "Wrong-Way / Wrong-Side - Bicyclist"}}, {"type": "Feature", "geometry": {"type": "Point", "coordinates": [-84.7159, 33.681]}, "properties": {"year": 2022, "state": "Georgia", "age_band": "25-44", "sex": "Male", "lighting": "Dark - Not Lighted", "hour": "9:00pm-9:59pm", "month": "July", "crash_group": "Bicyclist Left Turn / Merge", "crash_type": "Bicyclist Left Turn - Opposite Direction"}}, {"type": "Feature", "geometry": {"type": "Point", "coordinates": [-83.7264, 32.438]}, "properties": {"year": 2022, "state": "Georgia", "age_band": "65+", "sex": "Male", "lighting": "Daylight", "hour": "9:00am-9:59am", "month": "July", "crash_group": "Motorist Overtaking Bicyclist", "crash_type": "Motorist Overtaking - Other/ Unknown"}}, {"type": "Feature", "geometry": {"type": "Point", "coordinates": [-83.6426, 32.7955]}, "properties": {"year": 2022, "state": "Georgia", "age_band": "45-64", "sex": "Male", "lighting": "Daylight", "hour": "5:00pm-5:59pm", "month": "May", "crash_group": "Bicyclist Failed to Yield - Signalized Intersection", "crash_type": "Bicyclist Ride Through - Signalized Intersection"}}, {"type": "Feature", "geometry": {"type": "Point", "coordinates": [-83.4738, 33.3766]}, "properties": {"year": 2022, "state": "Georgia", "age_band": "45-64", "sex": "Female", "lighting": "Daylight", "hour": "7:00pm-7:59pm", "month": "May", "crash_group": "Motorist Left Turn / Merge", "crash_type": "Motorist Left Turn- Opposite Direction"}}, {"type": "Feature", "geometry": {"type": "Point", "coordinates": [-84.866, 34.7114]}, "properties": {"year": 2022, "state": "Georgia", "age_band": "25-44", "sex": "Female", "lighting": "Dark - Not Lighted", "hour": "9:00pm-9:59pm", "month": "August", "crash_group": "Motorist Overtaking Bicyclist", "crash_type": "Motorist Overtaking - Undetected Bicyclist or Detected - Too Late to Avoid"}}, {"type": "Feature", "geometry": {"type": "Point", "coordinates": [-84.866, 34.7114]}, "properties": {"year": 2022, "state": "Georgia", "age_band": "25-44", "sex": "Male", "lighting": "Dark - Not Lighted", "hour": "9:00pm-9:59pm", "month": "August", "crash_group": "Motorist Overtaking Bicyclist", "crash_type": "Motorist Overtaking - Undetected Bicyclist or Detected - Too Late to Avoid"}}, {"type": "Feature", "geometry": {"type": "Point", "coordinates": [-83.9526, 32.9806]}, "properties": {"year": 2022, "state": "Georgia", "age_band": "18-24", "sex": "Male", "lighting": "Dark - Not Lighted", "hour": "10:00pm-10:59pm", "month": "September", "crash_group": "Motorist Overtaking Bicyclist", "crash_type": "Motorist Overtaking - Undetected Bicyclist or Detected - Too Late to Avoid"}}, {"type": "Feature", "geometry": {"type": "Point", "coordinates": [-83.4304, 31.1552]}, "properties": {"year": 2022, "state": "Georgia", "age_band": "65+", "sex": "Male", "lighting": "Dark - Not Lighted", "hour": "8:00pm-8:59pm", "month": "November", "crash_group": "Motorist Overtaking Bicyclist", "crash_type": "Motorist Overtaking - Other/ Unknown"}}, {"type": "Feature", "geometry": {"type": "Point", "coordinates": [-84.0152, 33.2913]}, "properties": {"year": 2022, "state": "Georgia", "age_band": "45-64", "sex": "Male", "lighting": "Dark - Not Lighted", "hour": "7:00pm-7:59pm", "month": "November", "crash_group": "Bicyclist Failed to Yield - Sign-Controlled Intersection", "crash_type": "Bicyclist Ride Through - Sign-Controlled Intersection"}}, {"type": "Feature", "geometry": {"type": "Point", "coordinates": [-85.078, 33.5145]}, "properties": {"year": 2022, "state": "Georgia", "age_band": "25-44", "sex": "Male", "lighting": "Dark - Not Lighted", "hour": "8:00pm-8:59pm", "month": "October", "crash_group": "Bicyclist Failed to Yield - Midblock", "crash_type": "Bicyclist Ride Out - Midblock - Unknown"}}, {"type": "Feature", "geometry": {"type": "Point", "coordinates": [-84.864, 31.0399]}, "properties": {"year": 2022, "state": "Georgia", "age_band": "65+", "sex": "Male", "lighting": "Dawn", "hour": "7:00am-7:59am", "month": "October", "crash_group": "Motorist Overtaking Bicyclist", "crash_type": "Motorist Overtaking - Other/ Unknown"}}, {"type": "Feature", "geometry": {"type": "Point", "coordinates": [-81.5183, 31.2167]}, "properties": {"year": 2022, "state": "Georgia", "age_band": "45-64", "sex": "Male", "lighting": "Dark - Not Lighted", "hour": "5:00am-5:59am", "month": "November", "crash_group": "Crossing Paths - Other Circumstances", "crash_type": "Crossing Paths - Midblock - Other / Unknown"}}, {"type": "Feature", "geometry": {"type": "Point", "coordinates": [-83.7581, 32.6555]}, "properties": {"year": 2022, "state": "Georgia", "age_band": "45-64", "sex": "Male", "lighting": "Dark - Not Lighted", "hour": "9:00pm-9:59pm", "month": "November", "crash_group": "Wrong-Way / Wrong-Side", "crash_type": "Wrong-Way / Wrong-Side - Bicyclist"}}, {"type": "Feature", "geometry": {"type": "Point", "coordinates": [-83.3919, 33.9618]}, "properties": {"year": 2022, "state": "Georgia", "age_band": "65+", "sex": "Male", "lighting": "Daylight", "hour": "7:00am-7:59am", "month": "September", "crash_group": "Bicyclist Failed to Yield - Midblock", "crash_type": "Bicyclist Ride Out - Midblock - Unknown"}}, {"type": "Feature", "geometry": {"type": "Point", "coordinates": [-84.7104, 34.0561]}, "properties": {"year": 2022, "state": "Georgia", "age_band": "45-64", "sex": "Male", "lighting": "Dark - Not Lighted", "hour": "7:00pm-7:59pm", "month": "November", "crash_group": "Motorist Overtaking Bicyclist", "crash_type": "Motorist Overtaking - Undetected Bicyclist or Detected - Too Late to Avoid"}}, {"type": "Feature", "geometry": {"type": "Point", "coordinates": [-84.3772, 33.6206]}, "properties": {"year": 2022, "state": "Georgia", "age_band": "45-64", "sex": "Male", "lighting": "Dark - Not Lighted", "hour": "6:00pm-6:59pm", "month": "December", "crash_group": "Motorist Overtaking Bicyclist", "crash_type": "Motorist Overtaking - Other/ Unknown"}}, {"type": "Feature", "geometry": {"type": "Point", "coordinates": [-83.7227, 34.1176]}, "properties": {"year": 2022, "state": "Georgia", "age_band": "25-44", "sex": "Male", "lighting": "Dark - Not Lighted", "hour": "5:00am-5:59am", "month": "December", "crash_group": "Wrong-Way / Wrong-Side", "crash_type": "Wrong-Way / Wrong-Side - Bicyclist"}}, {"type": "Feature", "geometry": {"type": "Point", "coordinates": [-83.0031, 32.5582]}, "properties": {"year": 2022, "state": "Georgia", "age_band": "45-64", "sex": "Male", "lighting": "Dark - Not Lighted", "hour": "6:00pm-6:59pm", "month": "December", "crash_group": "Motorist Overtaking Bicyclist", "crash_type": "Motorist Overtaking - Other/ Unknown"}}, {"type": "Feature", "geometry": {"type": "Point", "coordinates": [-81.0753, 32.0495]}, "properties": {"year": 2022, "state": "Georgia", "age_band": "45-64", "sex": "Male", "lighting": "Daylight", "hour": "4:00pm-4:59pm", "month": "June", "crash_group": "Bicyclist Left Turn / Merge", "crash_type": "Bicyclist Left Turn - Opposite Direction"}}, {"type": "Feature", "geometry": {"type": "Point", "coordinates": [-156.685, 20.8849]}, "properties": {"year": 2022, "state": "Hawaii", "age_band": "65+", "sex": "Male", "lighting": "Dark - Lighted", "hour": "10:00pm-10:59pm", "month": "January", "crash_group": "Motorist Overtaking Bicyclist", "crash_type": "Motorist Overtaking - Other/ Unknown"}}, {"type": "Feature", "geometry": {"type": "Point", "coordinates": [-157.8853, 21.3271]}, "properties": {"year": 2022, "state": "Hawaii", "age_band": "45-64", "sex": "Male", "lighting": "Dark - Lighted", "hour": "1:00am-1:59am", "month": "January", "crash_group": "Bicyclist Failed to Yield - Signalized Intersection", "crash_type": "Bicyclist Ride Through - Signalized Intersection"}}, {"type": "Feature", "geometry": {"type": "Point", "coordinates": [-157.8681, 21.316]}, "properties": {"year": 2022, "state": "Hawaii", "age_band": "45-64", "sex": "Male", "lighting": "Daylight", "hour": "5:00pm-5:59pm", "month": "February", "crash_group": "Bicyclist Failed to Yield - Sign-Controlled Intersection", "crash_type": "Bicyclist Ride Through - Sign-Controlled Intersection"}}, {"type": "Feature", "geometry": {"type": "Point", "coordinates": [-158.0003, 21.3932]}, "properties": {"year": 2022, "state": "Hawaii", "age_band": "13-17 (teen)", "sex": "Male", "lighting": "Daylight", "hour": "5:00pm-5:59pm", "month": "March", "crash_group": "Bicyclist Overtaking Motor Vehicle", "crash_type": "Bicyclist Overtaking - Passing on Left"}}, {"type": "Feature", "geometry": {"type": "Point", "coordinates": [-155.0865, 19.7268]}, "properties": {"year": 2022, "state": "Hawaii", "age_band": "45-64", "sex": "Female", "lighting": "Dark - Not Lighted", "hour": "2:00am-2:59am", "month": "March", "crash_group": "Parallel Paths - Other Circumstances", "crash_type": "Parallel Paths - Other / Unknown"}}, {"type": "Feature", "geometry": {"type": "Point", "coordinates": [-157.868, 21.3136]}, "properties": {"year": 2022, "state": "Hawaii", "age_band": "65+", "sex": "Male", "lighting": "Daylight", "hour": "3:00pm-3:59pm", "month": "July", "crash_group": "Crossing Paths - Other Circumstances", "crash_type": "Crossing Paths - Uncontrolled Intersection"}}, {"type": "Feature", "geometry": {"type": "Point", "coordinates": [-159.3627, 21.9707]}, "properties": {"year": 2022, "state": "Hawaii", "age_band": "45-64", "sex": "Male", "lighting": "Dark - Lighted", "hour": "8:00pm-8:59pm", "month": "November", "crash_group": "Motorist Overtaking Bicyclist", "crash_type": "Motorist Overtaking - Other/ Unknown"}}, {"type": "Feature", "geometry": {"type": "Point", "coordinates": [-114.6829, 42.096]}, "properties": {"year": 2022, "state": "Idaho", "age_band": "25-44", "sex": "Male", "lighting": "Daylight", "hour": "8:00am-8:59am", "month": "July", "crash_group": "Motorist Overtaking Bicyclist", "crash_type": "Motorist Overtaking - Undetected Bicyclist or Detected - Too Late to Avoid"}}, {"type": "Feature", "geometry": {"type": "Point", "coordinates": [-114.6829, 42.096]}, "properties": {"year": 2022, "state": "Idaho", "age_band": "25-44", "sex": "Female", "lighting": "Daylight", "hour": "8:00am-8:59am", "month": "July", "crash_group": "Motorist Overtaking Bicyclist", "crash_type": "Motorist Overtaking - Undetected Bicyclist or Detected - Too Late to Avoid"}}, {"type": "Feature", "geometry": {"type": "Point", "coordinates": [-114.6829, 42.096]}, "properties": {"year": 2022, "state": "Idaho", "age_band": "0-12 (child)", "sex": "Male", "lighting": "Daylight", "hour": "8:00am-8:59am", "month": "July", "crash_group": "Motorist Overtaking Bicyclist", "crash_type": "Motorist Overtaking - Undetected Bicyclist or Detected - Too Late to Avoid"}}, {"type": "Feature", "geometry": {"type": "Point", "coordinates": [-114.6829, 42.096]}, "properties": {"year": 2022, "state": "Idaho", "age_band": "0-12 (child)", "sex": "Female", "lighting": "Daylight", "hour": "8:00am-8:59am", "month": "July", "crash_group": "Motorist Overtaking Bicyclist", "crash_type": "Motorist Overtaking - Undetected Bicyclist or Detected - Too Late to Avoid"}}, {"type": "Feature", "geometry": {"type": "Point", "coordinates": [-114.2883, 42.5296]}, "properties": {"year": 2022, "state": "Idaho", "age_band": "65+", "sex": "Male", "lighting": "Daylight", "hour": "2:00pm-2:59pm", "month": "September", "crash_group": "Motorist Overtaking Bicyclist", "crash_type": "Motorist Overtaking - Undetected Bicyclist or Detected - Too Late to Avoid"}}, {"type": "Feature", "geometry": {"type": "Point", "coordinates": [-116.3196, 43.7209]}, "properties": {"year": 2022, "state": "Idaho", "age_band": "13-17 (teen)", "sex": "Male", "lighting": "Daylight", "hour": "1:00pm-1:59pm", "month": "October", "crash_group": "Other / Unknown - Insufficient Details", "crash_type": "Unknown Approach Paths"}}, {"type": "Feature", "geometry": {"type": "Point", "coordinates": [-87.617, 41.8733]}, "properties": {"year": 2022, "state": "Illinois", "age_band": "25-44", "sex": "Male", "lighting": "Daylight", "hour": "4:00pm-4:59pm", "month": "February", "crash_group": "Other / Unknown - Insufficient Details", "crash_type": "Unknown Approach Paths"}}, {"type": "Feature", "geometry": {"type": "Point", "coordinates": [-87.6499, 41.8817]}, "properties": {"year": 2022, "state": "Illinois", "age_band": "25-44", "sex": "Male", "lighting": "Dark - Lighted", "hour": "10:00pm-10:59pm", "month": "April", "crash_group": "Parallel Paths - Other Circumstances", "crash_type": "Motorist Turn / Merge - Other / Unknown"}}, {"type": "Feature", "geometry": {"type": "Point", "coordinates": [-87.6365, 41.1695]}, "properties": {"year": 2022, "state": "Illinois", "age_band": "65+", "sex": "Male", "lighting": "Daylight", "hour": "3:00pm-3:59pm", "month": "April", "crash_group": "Bicyclist Left Turn / Merge", "crash_type": "Bicyclist Left Turn - Same Direction"}}, {"type": "Feature", "geometry": {"type": "Point", "coordinates": [-87.6657, 42.0181]}, "properties": {"year": 2022, "state": "Illinois", "age_band": "45-64", "sex": "Male", "lighting": "Dark - Lighted", "hour": "10:00pm-10:59pm", "month": "March", "crash_group": "Wrong-Way / Wrong-Side", "crash_type": "Wrong-Way / Wrong-Side - Bicyclist"}}, {"type": "Feature", "geometry": {"type": "Point", "coordinates": [-89.2515, 40.244]}, "properties": {"year": 2022, "state": "Illinois", "age_band": "45-64", "sex": "Male", "lighting": "Dark - Not Lighted", "hour": "1:00am-1:59am", "month": "April", "crash_group": "Parallel Paths - Other Circumstances", "crash_type": "Parallel Paths - Other / Unknown"}}, {"type": "Feature", "geometry": {"type": "Point", "coordinates": [-89.0938, 41.327]}, "properties": {"year": 2022, "state": "Illinois", "age_band": "45-64", "sex": "Male", "lighting": "Daylight", "hour": "4:00pm-4:59pm", "month": "May", "crash_group": "Motorist Overtaking Bicyclist", "crash_type": "Motorist Overtaking - Other/ Unknown"}}, {"type": "Feature", "geometry": {"type": "Point", "coordinates": [-87.7421, 41.9502]}, "properties": {"year": 2022, "state": "Illinois", "age_band": "18-24", "sex": "Male", "lighting": "Dusk", "hour": "9:00pm-9:59pm", "month": "May", "crash_group": "Other / Unknown - Insufficient Details", "crash_type": "Unknown Approach Paths"}}, {"type": "Feature", "geometry": {"type": "Point", "coordinates": [-87.8176, 41.8648]}, "properties": {"year": 2022, "state": "Illinois", "age_band": "45-64", "sex": "Male", "lighting": "Daylight", "hour": "5:00pm-5:59pm", "month": "May", "crash_group": "Bicyclist Failed to Yield - Sign-Controlled Intersection", "crash_type": "Bicyclist Ride Out - Sign-Controlled Intersection"}}, {"type": "Feature", "geometry": {"type": "Point", "coordinates": [-88.7978, 41.7323]}, "properties": {"year": 2022, "state": "Illinois", "age_band": "25-44", "sex": "Male", "lighting": "Dark - Not Lighted", "hour": "8:00pm-8:59pm", "month": "May", "crash_group": "Other / Unknown - Insufficient Details", "crash_type": "Unknown Approach Paths"}}, {"type": "Feature", "geometry": {"type": "Point", "coordinates": [-87.8622, 41.9543]}, "properties": {"year": 2022, "state": "Illinois", "age_band": "25-44", "sex": "Male", "lighting": "Daylight", "hour": "6:00am-6:59am", "month": "June", "crash_group": "Bicyclist Left Turn / Merge", "crash_type": "Bicyclist Left Turn - Same Direction"}}, {"type": "Feature", "geometry": {"type": "Point", "coordinates": [-88.2825, 42.3469]}, "properties": {"year": 2022, "state": "Illinois", "age_band": "45-64", "sex": "Male", "lighting": "Daylight", "hour": "10:00am-10:59am", "month": "June", "crash_group": "Parallel Paths - Other Circumstances", "crash_type": "Parallel Paths - Other / Unknown"}}, {"type": "Feature", "geometry": {"type": "Point", "coordinates": [-90.4371, 40.083]}, "properties": {"year": 2022, "state": "Illinois", "age_band": "25-44", "sex": "Male", "lighting": "Daylight", "hour": "9:00am-9:59am", "month": "June", "crash_group": "Motorist Overtaking Bicyclist", "crash_type": "Motorist Overtaking - Undetected Bicyclist or Detected - Too Late to Avoid"}}, {"type": "Feature", "geometry": {"type": "Point", "coordinates": [-87.8961, 41.7462]}, "properties": {"year": 2022, "state": "Illinois", "age_band": "45-64", "sex": "Female", "lighting": "Daylight", "hour": "4:00pm-4:59pm", "month": "June", "crash_group": "Motorist Right Turn / Merge", "crash_type": "Motorist Right Turn - Same Direction"}}, {"type": "Feature", "geometry": {"type": "Point", "coordinates": [-88.1934, 42.0608]}, "properties": {"year": 2022, "state": "Illinois", "age_band": "65+", "sex": "Male", "lighting": "Daylight", "hour": "9:00am-9:59am", "month": "June", "crash_group": "Bicyclist Failed to Yield - Signalized Intersection", "crash_type": "Bicyclist Ride Through - Signalized Intersection"}}, {"type": "Feature", "geometry": {"type": "Point", "coordinates": [-87.7715, 41.7785]}, "properties": {"year": 2022, "state": "Illinois", "age_band": "13-17 (teen)", "sex": "Male", "lighting": "Daylight", "hour": "4:00pm-4:59pm", "month": "June", "crash_group": "Bicyclist Failed to Yield - Midblock", "crash_type": "Bicyclist Ride Out - Midblock - Unknown"}}, {"type": "Feature", "geometry": {"type": "Point", "coordinates": [-87.8135, 41.602]}, "properties": {"year": 2022, "state": "Illinois", "age_band": "13-17 (teen)", "sex": "Male", "lighting": "Dark - Lighted", "hour": "9:00pm-9:59pm", "month": "July", "crash_group": "Bicyclist Failed to Yield - Signalized Intersection", "crash_type": "Bicyclist Ride Through - Signalized Intersection"}}, {"type": "Feature", "geometry": {"type": "Point", "coordinates": [-88.9255, 37.726]}, "properties": {"year": 2022, "state": "Illinois", "age_band": "0-12 (child)", "sex": "Male", "lighting": "Daylight", "hour": "3:00pm-3:59pm", "month": "August", "crash_group": "Bicyclist Failed to Yield - Midblock", "crash_type": "Bicyclist Ride Out - Other Midblock"}}, {"type": "Feature", "geometry": {"type": "Point", "coordinates": [-87.9243, 42.2964]}, "properties": {"year": 2022, "state": "Illinois", "age_band": "45-64", "sex": "Female", "lighting": "Daylight", "hour": "11:00am-11:59am", "month": "July", "crash_group": "Bicyclist Failed to Yield - Sign-Controlled Intersection", "crash_type": "Bicyclist Ride Out - Sign-Controlled Intersection"}}, {"type": "Feature", "geometry": {"type": "Point", "coordinates": [-89.5006, 40.915]}, "properties": {"year": 2022, "state": "Illinois", "age_band": "65+", "sex": "Female", "lighting": "Daylight", "hour": "Unknown Hours", "month": "August", "crash_group": "Crossing Paths - Other Circumstances", "crash_type": "Sign-Controlled Intersection - Other / Unknown"}}, {"type": "Feature", "geometry": {"type": "Point", "coordinates": [-87.5365, 41.716]}, "properties": {"year": 2022, "state": "Illinois", "age_band": "45-64", "sex": "Male", "lighting": "Daylight", "hour": "6:00am-6:59am", "month": "August", "crash_group": "Other / Unknown - Insufficient Details", "crash_type": "Unknown Approach Paths"}}, {"type": "Feature", "geometry": {"type": "Point", "coordinates": [-90.1369, 38.6197]}, "properties": {"year": 2022, "state": "Illinois", "age_band": "45-64", "sex": "Male", "lighting": "Dark - Lighted", "hour": "1:00am-1:59am", "month": "August", "crash_group": "Bicyclist Failed to Yield - Midblock", "crash_type": "Bicyclist Ride Out - Midblock - Unknown"}}, {"type": "Feature", "geometry": {"type": "Point", "coordinates": [-88.6967, 42.0995]}, "properties": {"year": 2022, "state": "Illinois", "age_band": "45-64", "sex": "Male", "lighting": "Daylight", "hour": "5:00pm-5:59pm", "month": "August", "crash_group": "Other / Unknown - Insufficient Details", "crash_type": "Unknown Approach Paths"}}, {"type": "Feature", "geometry": {"type": "Point", "coordinates": [-87.6365, 41.8455]}, "properties": {"year": 2022, "state": "Illinois", "age_band": "45-64", "sex": "Male", "lighting": "Daylight", "hour": "3:00pm-3:59pm", "month": "August", "crash_group": "Motorist Failed to Yield - Sign-Controlled Intersection", "crash_type": "Motorist Drive Through - Sign-Controlled Intersection"}}, {"type": "Feature", "geometry": {"type": "Point", "coordinates": [-87.8687, 41.7905]}, "properties": {"year": 2022, "state": "Illinois", "age_band": "13-17 (teen)", "sex": "Male", "lighting": "Daylight", "hour": "6:00pm-6:59pm", "month": "August", "crash_group": "Motorist Left Turn / Merge", "crash_type": "Motorist Left Turn- Opposite Direction"}}, {"type": "Feature", "geometry": {"type": "Point", "coordinates": [-87.9598, 42.0145]}, "properties": {"year": 2022, "state": "Illinois", "age_band": "45-64", "sex": "Male", "lighting": "Dark - Lighted", "hour": "9:00pm-9:59pm", "month": "August", "crash_group": "Motorist Right Turn / Merge", "crash_type": "Motorist Right Turn - Same Direction"}}, {"type": "Feature", "geometry": {"type": "Point", "coordinates": [-87.6529, 41.8946]}, "properties": {"year": 2022, "state": "Illinois", "age_band": "25-44", "sex": "Male", "lighting": "Daylight", "hour": "11:00am-11:59am", "month": "September", "crash_group": "Motorist Left Turn / Merge", "crash_type": "Motorist Left Turn- Opposite Direction"}}, {"type": "Feature", "geometry": {"type": "Point", "coordinates": [-87.7609, 41.7525]}, "properties": {"year": 2022, "state": "Illinois", "age_band": "45-64", "sex": "Male", "lighting": "Daylight", "hour": "10:00am-10:59am", "month": "September", "crash_group": "Crossing Paths - Other Circumstances", "crash_type": "Crossing Paths - Intersection - Other / Unknown Control"}}, {"type": "Feature", "geometry": {"type": "Point", "coordinates": [-90.1116, 41.914]}, "properties": {"year": 2022, "state": "Illinois", "age_band": "65+", "sex": "Male", "lighting": "Daylight", "hour": "3:00pm-3:59pm", "month": "September", "crash_group": "Motorist Overtaking Bicyclist", "crash_type": "Motorist Overtaking - Other/ Unknown"}}, {"type": "Feature", "geometry": {"type": "Point", "coordinates": [-88.0045, 42.1536]}, "properties": {"year": 2022, "state": "Illinois", "age_band": "45-64", "sex": "Female", "lighting": "Daylight", "hour": "7:00am-7:59am", "month": "September", "crash_group": "Other / Unusual Circumstances", "crash_type": "Unusual Circumstances"}}, {"type": "Feature", "geometry": {"type": "Point", "coordinates": [-89.6033, 40.7234]}, "properties": {"year": 2022, "state": "Illinois", "age_band": "45-64", "sex": "Male", "lighting": "Dark - Lighted", "hour": "2:00am-2:59am", "month": "October", "crash_group": "Parallel Paths - Other Circumstances", "crash_type": "Parallel Paths - Other / Unknown"}}, {"type": "Feature", "geometry": {"type": "Point", "coordinates": [-87.638, 38.7176]}, "properties": {"year": 2022, "state": "Illinois", "age_band": "45-64", "sex": "Male", "lighting": "Dark - Not Lighted", "hour": "10:00pm-10:59pm", "month": "November", "crash_group": "Parallel Paths - Other Circumstances", "crash_type": "Parallel Paths - Other / Unknown"}}, {"type": "Feature", "geometry": {"type": "Point", "coordinates": [-88.1495, 42.061]}, "properties": {"year": 2022, "state": "Illinois", "age_band": "45-64", "sex": "Female", "lighting": "Daylight", "hour": "3:00pm-3:59pm", "month": "November", "crash_group": "Other / Unknown - Insufficient Details", "crash_type": "Unknown Approach Paths"}}, {"type": "Feature", "geometry": {"type": "Point", "coordinates": [-87.6576, 41.9672]}, "properties": {"year": 2022, "state": "Illinois", "age_band": "25-44", "sex": "Female", "lighting": "Daylight", "hour": "8:00am-8:59am", "month": "June", "crash_group": "Other / Unusual Circumstances", "crash_type": "Unusual Circumstances"}}, {"type": "Feature", "geometry": {"type": "Point", "coordinates": [-87.6576, 41.9672]}, "properties": {"year": 2022, "state": "Illinois", "age_band": "0-12 (child)", "sex": "Female", "lighting": "Daylight", "hour": "8:00am-8:59am", "month": "June", "crash_group": "Other / Unusual Circumstances", "crash_type": "Unusual Circumstances"}}, {"type": "Feature", "geometry": {"type": "Point", "coordinates": [-89.0853, 42.2302]}, "properties": {"year": 2022, "state": "Illinois", "age_band": "25-44", "sex": "Male", "lighting": "Daylight", "hour": "12:00pm-12:59pm", "month": "November", "crash_group": "Parallel Paths - Other Circumstances", "crash_type": "Parallel Paths - Other / Unknown"}}, {"type": "Feature", "geometry": {"type": "Point", "coordinates": [-87.7037, 41.8009]}, "properties": {"year": 2022, "state": "Illinois", "age_band": "65+", "sex": "Male", "lighting": "Daylight", "hour": "12:00pm-12:59pm", "month": "December", "crash_group": "Motorist Right Turn / Merge", "crash_type": "Motorist Right Turn - Same Direction"}}, {"type": "Feature", "geometry": {"type": "Point", "coordinates": [-86.3866, 41.5952]}, "properties": {"year": 2022, "state": "Indiana", "age_band": "45-64", "sex": "Male", "lighting": "Dark - Not Lighted", "hour": "5:00am-5:59am", "month": "January", "crash_group": "Parallel Paths - Other Circumstances", "crash_type": "Parallel Paths - Other / Unknown"}}, {"type": "Feature", "geometry": {"type": "Point", "coordinates": [-85.3233, 41.171]}, "properties": {"year": 2022, "state": "Indiana", "age_band": "0-12 (child)", "sex": "Male", "lighting": "Daylight", "hour": "3:00pm-3:59pm", "month": "April", "crash_group": "Motorist Overtaking Bicyclist", "crash_type": "Motorist Overtaking - Misjudged Space"}}, {"type": "Feature", "geometry": {"type": "Point", "coordinates": [-87.5676, 38.3542]}, "properties": {"year": 2022, "state": "Indiana", "age_band": "45-64", "sex": "Male", "lighting": "Daylight", "hour": "6:00am-6:59am", "month": "April", "crash_group": "Motorist Failed to Yield - Sign-Controlled Intersection", "crash_type": "Motorist Drive Out - Sign-Controlled Intersection"}}, {"type": "Feature", "geometry": {"type": "Point", "coordinates": [-85.2628, 41.0742]}, "properties": {"year": 2022, "state": "Indiana", "age_band": "25-44", "sex": "Male", "lighting": "Dark - Not Lighted", "hour": "9:00pm-9:59pm", "month": "May", "crash_group": "Bicyclist Failed to Yield - Signalized Intersection", "crash_type": "Bicyclist Ride Through - Signalized Intersection"}}, {"type": "Feature", "geometry": {"type": "Point", "coordinates": [-85.1034, 40.9934]}, "properties": {"year": 2022, "state": "Indiana", "age_band": "45-64", "sex": "Male", "lighting": "Dark - Not Lighted", "hour": "9:00pm-9:59pm", "month": "May", "crash_group": "Parallel Paths - Other Circumstances", "crash_type": "Parallel Paths - Other / Unknown"}}, {"type": "Feature", "geometry": {"type": "Point", "coordinates": [-86.1482, 41.6803]}, "properties": {"year": 2022, "state": "Indiana", "age_band": "45-64", "sex": "Male", "lighting": "Dusk", "hour": "8:00pm-8:59pm", "month": "June", "crash_group": "Bicyclist Failed to Yield - Signalized Intersection", "crash_type": "Bicyclist Ride Out - Signalized Intersection"}}, {"type": "Feature", "geometry": {"type": "Point", "coordinates": [-87.4821, 41.6292]}, "properties": {"year": 2022, "state": "Indiana", "age_band": "45-64", "sex": "Male", "lighting": "Daylight", "hour": "2:00pm-2:59pm", "month": "June", "crash_group": "Parallel Paths - Other Circumstances", "crash_type": "Parallel Paths - Other / Unknown"}}, {"type": "Feature", "geometry": {"type": "Point", "coordinates": [-85.3817, 40.1775]}, "properties": {"year": 2022, "state": "Indiana", "age_band": "45-64", "sex": "Male", "lighting": "Dusk", "hour": "8:00pm-8:59pm", "month": "July", "crash_group": "Loss of Control / Turning Error", "crash_type": "Bicyclist Lost Control - Other / Unknown"}}, {"type": "Feature", "geometry": {"type": "Point", "coordinates": [-86.2108, 39.7745]}, "properties": {"year": 2022, "state": "Indiana", "age_band": "45-64", "sex": "Male", "lighting": "Dusk", "hour": "8:00pm-8:59pm", "month": "July", "crash_group": "Parallel Paths - Other Circumstances", "crash_type": "Parallel Paths - Other / Unknown"}}, {"type": "Feature", "geometry": {"type": "Point", "coordinates": [-86.1216, 39.8161]}, "properties": {"year": 2022, "state": "Indiana", "age_band": "65+", "sex": "Female", "lighting": "Dark - Lighted", "hour": "10:00pm-10:59pm", "month": "August", "crash_group": "Wrong-Way / Wrong-Side", "crash_type": "Wrong-Way / Wrong-Side - Bicyclist"}}, {"type": "Feature", "geometry": {"type": "Point", "coordinates": [-86.0827, 39.7401]}, "properties": {"year": 2022, "state": "Indiana", "age_band": "45-64", "sex": "Male", "lighting": "Dark - Not Lighted", "hour": "9:00pm-9:59pm", "month": "August", "crash_group": "Parallel Paths - Other Circumstances", "crash_type": "Parallel Paths - Other / Unknown"}}, {"type": "Feature", "geometry": {"type": "Point", "coordinates": [-85.9218, 39.8989]}, "properties": {"year": 2022, "state": "Indiana", "age_band": "18-24", "sex": "Female", "lighting": "Dark - Not Lighted", "hour": "9:00pm-9:59pm", "month": "August", "crash_group": "Parallel Paths - Other Circumstances", "crash_type": "Parallel Paths - Other / Unknown"}}, {"type": "Feature", "geometry": {"type": "Point", "coordinates": [-86.3348, 41.6719]}, "properties": {"year": 2022, "state": "Indiana", "age_band": "65+", "sex": "Male", "lighting": "Dusk", "hour": "7:00pm-7:59pm", "month": "August", "crash_group": "Parallel Paths - Other Circumstances", "crash_type": "Parallel Paths - Other / Unknown"}}, {"type": "Feature", "geometry": {"type": "Point", "coordinates": [-86.332, 39.9243]}, "properties": {"year": 2022, "state": "Indiana", "age_band": "25-44", "sex": "Male", "lighting": "Daylight", "hour": "5:00pm-5:59pm", "month": "September", "crash_group": "Motorist Overtaking Bicyclist", "crash_type": "Motorist Overtaking - Misjudged Space"}}, {"type": "Feature", "geometry": {"type": "Point", "coordinates": [-86.0416, 38.1778]}, "properties": {"year": 2022, "state": "Indiana", "age_band": "13-17 (teen)", "sex": "Male", "lighting": "Daylight", "hour": "4:00pm-4:59pm", "month": "October", "crash_group": "Parallel Paths - Other Circumstances", "crash_type": "Parallel Paths - Other / Unknown"}}, {"type": "Feature", "geometry": {"type": "Point", "coordinates": [-85.8241, 38.2857]}, "properties": {"year": 2022, "state": "Indiana", "age_band": "25-44", "sex": "Male", "lighting": "Daylight", "hour": "2:00pm-2:59pm", "month": "October", "crash_group": "Motorist Left Turn / Merge", "crash_type": "Motorist Left Turn- Opposite Direction"}}, {"type": "Feature", "geometry": {"type": "Point", "coordinates": [-86.897, 41.5524]}, "properties": {"year": 2022, "state": "Indiana", "age_band": "25-44", "sex": "Male", "lighting": "Dark - Not Lighted", "hour": "6:00pm-6:59pm", "month": "October", "crash_group": "Parallel Paths - Other Circumstances", "crash_type": "Parallel Paths - Other / Unknown"}}, {"type": "Feature", "geometry": {"type": "Point", "coordinates": [-87.5567, 37.9773]}, "properties": {"year": 2022, "state": "Indiana", "age_band": "65+", "sex": "Male", "lighting": "Daylight", "hour": "5:00pm-5:59pm", "month": "June", "crash_group": "Bicyclist Failed to Yield - Signalized Intersection", "crash_type": "Bicyclist Ride Through - Signalized Intersection"}}, {"type": "Feature", "geometry": {"type": "Point", "coordinates": [-86.0258, 39.837]}, "properties": {"year": 2022, "state": "Indiana", "age_band": "65+", "sex": "Male", "lighting": "Dark - Lighted", "hour": "6:00pm-6:59pm", "month": "December", "crash_group": "Bicyclist Failed to Yield - Sign-Controlled Intersection", "crash_type": "Bicyclist Ride Out - Sign-Controlled Intersection"}}, {"type": "Feature", "geometry": {"type": "Point", "coordinates": [-95.427, 41.1929]}, "properties": {"year": 2022, "state": "Iowa", "age_band": "0-12 (child)", "sex": "Male", "lighting": "Daylight", "hour": "7:00pm-7:59pm", "month": "June", "crash_group": "Bicyclist Failed to Yield - Sign-Controlled Intersection", "crash_type": "Bicyclist Ride Out - Sign-Controlled Intersection"}}, {"type": "Feature", "geometry": {"type": "Point", "coordinates": [-93.8383, 41.5316]}, "properties": {"year": 2022, "state": "Iowa", "age_band": "45-64", "sex": "Male", "lighting": "Dark - Not Lighted", "hour": "10:00pm-10:59pm", "month": "July", "crash_group": "Motorist Overtaking Bicyclist", "crash_type": "Motorist Overtaking - Misjudged Space"}}, {"type": "Feature", "geometry": {"type": "Point", "coordinates": [-91.4158, 40.389]}, "properties": {"year": 2022, "state": "Iowa", "age_band": "45-64", "sex": "Male", "lighting": "Dusk", "hour": "5:00pm-5:59pm", "month": "October", "crash_group": "Motorist Overtaking Bicyclist", "crash_type": "Motorist Overtaking - Undetected Bicyclist or Detected - Too Late to Avoid"}}, {"type": "Feature", "geometry": {"type": "Point", "coordinates": [-95.555, 42.7506]}, "properties": {"year": 2022, "state": "Iowa", "age_band": "25-44", "sex": "Male", "lighting": "Dark - Lighted", "hour": "8:00pm-8:59pm", "month": "December", "crash_group": "Motorist Overtaking Bicyclist", "crash_type": "Motorist Overtaking - Other/ Unknown"}}, {"type": "Feature", "geometry": {"type": "Point", "coordinates": [-94.9691, 38.9743]}, "properties": {"year": 2022, "state": "Kansas", "age_band": "13-17 (teen)", "sex": "Female", "lighting": "Daylight", "hour": "5:00pm-5:59pm", "month": "June", "crash_group": "Loss of Control / Turning Error", "crash_type": "Bicyclist Turning Error - Right turn"}}, {"type": "Feature", "geometry": {"type": "Point", "coordinates": [-96.2625, 38.4341]}, "properties": {"year": 2022, "state": "Kansas", "age_band": "45-64", "sex": "Male", "lighting": "Daylight", "hour": "5:00pm-5:59pm", "month": "June", "crash_group": "Crossing Paths - Other Circumstances", "crash_type": "Crossing Paths - Uncontrolled Intersection"}}, {"type": "Feature", "geometry": {"type": "Point", "coordinates": [-100.1131, 39.8272]}, "properties": {"year": 2022, "state": "Kansas", "age_band": "65+", "sex": "Male", "lighting": "Dusk", "hour": "7:00pm-7:59pm", "month": "August", "crash_group": "Motorist Overtaking Bicyclist", "crash_type": "Motorist Overtaking - Misjudged Space"}}, {"type": "Feature", "geometry": {"type": "Point", "coordinates": [-97.9131, 38.0636]}, "properties": {"year": 2022, "state": "Kansas", "age_band": "45-64", "sex": "Male", "lighting": "Daylight", "hour": "8:00pm-8:59pm", "month": "August", "crash_group": "Bicyclist Failed to Yield - Sign-Controlled Intersection", "crash_type": "Bicyclist Ride Through - Sign-Controlled Intersection"}}, {"type": "Feature", "geometry": {"type": "Point", "coordinates": [-95.6718, 39.0544]}, "properties": {"year": 2022, "state": "Kansas", "age_band": "25-44", "sex": "Female", "lighting": "Daylight", "hour": "1:00pm-1:59pm", "month": "September", "crash_group": "Crossing Paths - Other Circumstances", "crash_type": "Crossing Paths - Intersection - Other / Unknown Control"}}, {"type": "Feature", "geometry": {"type": "Point", "coordinates": [-94.6182, 39.0708]}, "properties": {"year": 2022, "state": "Kansas", "age_band": "65+", "sex": "Male", "lighting": "Daylight", "hour": "11:00am-11:59am", "month": "November", "crash_group": "Crossing Paths - Other Circumstances", "crash_type": "Crossing Paths - Intersection - Other / Unknown Control"}}, {"type": "Feature", "geometry": {"type": "Point", "coordinates": [-97.4872, 37.8833]}, "properties": {"year": 2022, "state": "Kansas", "age_band": "45-64", "sex": "Male", "lighting": "Daylight", "hour": "8:00am-8:59am", "month": "September", "crash_group": "Parallel Paths - Other Circumstances", "crash_type": "Parallel Paths - Other / Unknown"}}, {"type": "Feature", "geometry": {"type": "Point", "coordinates": [-85.8687, 38.1545]}, "properties": {"year": 2022, "state": "Kentucky", "age_band": "45-64", "sex": "Female", "lighting": "Dark - Not Lighted", "hour": "8:00pm-8:59pm", "month": "February", "crash_group": "Motorist Overtaking Bicyclist", "crash_type": "Motorist Overtaking - Undetected Bicyclist or Detected - Too Late to Avoid"}}, {"type": "Feature", "geometry": {"type": "Point", "coordinates": [-85.768, 38.1714]}, "properties": {"year": 2022, "state": "Kentucky", "age_band": "65+", "sex": "Male", "lighting": "Daylight", "hour": "4:00pm-4:59pm", "month": "January", "crash_group": "Motorist Left Turn / Merge", "crash_type": "Motorist Left Turn- Opposite Direction"}}, {"type": "Feature", "geometry": {"type": "Point", "coordinates": [-84.4709, 38.0417]}, "properties": {"year": 2022, "state": "Kentucky", "age_band": "18-24", "sex": "Male", "lighting": "Daylight", "hour": "5:00pm-5:59pm", "month": "June", "crash_group": "Bicyclist Failed to Yield - Midblock", "crash_type": "Bicyclist Ride Out - Other Midblock"}}, {"type": "Feature", "geometry": {"type": "Point", "coordinates": [-84.5097, 38.0506]}, "properties": {"year": 2022, "state": "Kentucky", "age_band": "25-44", "sex": "Male", "lighting": "Dark - Not Lighted", "hour": "10:00pm-10:59pm", "month": "June", "crash_group": "Bicyclist Failed to Yield - Signalized Intersection", "crash_type": "Bicyclist Ride Out - Signalized Intersection"}}, {"type": "Feature", "geometry": {"type": "Point", "coordinates": [-85.8748, 38.0936]}, "properties": {"year": 2022, "state": "Kentucky", "age_band": "45-64", "sex": "Female", "lighting": "Daylight", "hour": "4:00pm-4:59pm", "month": "June", "crash_group": "Bicyclist Failed to Yield - Midblock", "crash_type": "Bicyclist Ride Out - Other Midblock"}}, {"type": "Feature", "geometry": {"type": "Point", "coordinates": [-85.8699, 38.1503]}, "properties": {"year": 2022, "state": "Kentucky", "age_band": "45-64", "sex": "Male", "lighting": "Dark - Not Lighted", "hour": "2:00am-2:59am", "month": "July", "crash_group": "Wrong-Way / Wrong-Side", "crash_type": "Wrong-Way / Wrong-Side - Bicyclist"}}, {"type": "Feature", "geometry": {"type": "Point", "coordinates": [-84.4982, 39.0804]}, "properties": {"year": 2022, "state": "Kentucky", "age_band": "25-44", "sex": "Female", "lighting": "Dark - Lighted", "hour": "0:00am-0:59am", "month": "August", "crash_group": "Motorist Overtaking Bicyclist", "crash_type": "Motorist Overtaking - Other/ Unknown"}}, {"type": "Feature", "geometry": {"type": "Point", "coordinates": [-86.4705, 36.9895]}, "properties": {"year": 2022, "state": "Kentucky", "age_band": "25-44", "sex": "Male", "lighting": "Daylight", "hour": "1:00pm-1:59pm", "month": "August", "crash_group": "Bicyclist Left Turn / Merge", "crash_type": "Bicyclist Left Turn - Opposite Direction"}}, {"type": "Feature", "geometry": {"type": "Point", "coordinates": [-84.3411, 37.3677]}, "properties": {"year": 2022, "state": "Kentucky", "age_band": "45-64", "sex": "Male", "lighting": "Dark - Not Lighted", "hour": "8:00pm-8:59pm", "month": "October", "crash_group": "Other / Unknown - Insufficient Details", "crash_type": "Unknown Approach Paths"}}, {"type": "Feature", "geometry": {"type": "Point", "coordinates": [-85.6849, 38.135]}, "properties": {"year": 2022, "state": "Kentucky", "age_band": "25-44", "sex": "Male", "lighting": "Dark - Not Lighted", "hour": "8:00pm-8:59pm", "month": "November", "crash_group": "Bicyclist Right Turn / Merge", "crash_type": "Bicyclist Right Turn - Same Direction"}}, {"type": "Feature", "geometry": {"type": "Point", "coordinates": [-83.7728, 37.1836]}, "properties": {"year": 2022, "state": "Kentucky", "age_band": "45-64", "sex": "Male", "lighting": "Dark - Unknown Lighting", "hour": "8:00pm-8:59pm", "month": "November", "crash_group": "Motorist Overtaking Bicyclist", "crash_type": "Motorist Overtaking - Undetected Bicyclist or Detected - Too Late to Avoid"}}, {"type": "Feature", "geometry": {"type": "Point", "coordinates": [-83.7728, 37.1836]}, "properties": {"year": 2022, "state": "Kentucky", "age_band": "45-64", "sex": "Male", "lighting": "Dark - Unknown Lighting", "hour": "8:00pm-8:59pm", "month": "November", "crash_group": "Motorist Overtaking Bicyclist", "crash_type": "Motorist Overtaking - Undetected Bicyclist or Detected - Too Late to Avoid"}}, {"type": "Feature", "geometry": {"type": "Point", "coordinates": [-85.7398, 38.1034]}, "properties": {"year": 2022, "state": "Kentucky", "age_band": "65+", "sex": "Male", "lighting": "Daylight", "hour": "3:00pm-3:59pm", "month": "November", "crash_group": "Motorist Overtaking Bicyclist", "crash_type": "Motorist Overtaking - Misjudged Space"}}, {"type": "Feature", "geometry": {"type": "Point", "coordinates": [-84.4824, 38.1115]}, "properties": {"year": 2022, "state": "Kentucky", "age_band": "25-44", "sex": "Male", "lighting": "Dark - Not Lighted", "hour": "10:00pm-10:59pm", "month": "June", "crash_group": "Other / Unknown - Insufficient Details", "crash_type": "Unknown Approach Paths"}}, {"type": "Feature", "geometry": {"type": "Point", "coordinates": [-90.6727, 29.5889]}, "properties": {"year": 2022, "state": "Louisiana", "age_band": "45-64", "sex": "Male", "lighting": "Dark - Not Lighted", "hour": "6:00pm-6:59pm", "month": "January", "crash_group": "Motorist Left Turn / Merge", "crash_type": "Motorist Left Turn- Opposite Direction"}}, {"type": "Feature", "geometry": {"type": "Point", "coordinates": [-89.8403, 30.8768]}, "properties": {"year": 2022, "state": "Louisiana", "age_band": "65+", "sex": "Male", "lighting": "Dark - Not Lighted", "hour": "6:00pm-6:59pm", "month": "January", "crash_group": "Motorist Overtaking Bicyclist", "crash_type": "Motorist Overtaking - Undetected Bicyclist or Detected - Too Late to Avoid"}}, {"type": "Feature", "geometry": {"type": "Point", "coordinates": [-90.1447, 29.9883]}, "properties": {"year": 2022, "state": "Louisiana", "age_band": "45-64", "sex": "Male", "lighting": "Daylight", "hour": "12:00pm-12:59pm", "month": "January", "crash_group": "Crossing Paths - Other Circumstances", "crash_type": "Sign-Controlled Intersection - Other / Unknown"}}, {"type": "Feature", "geometry": {"type": "Point", "coordinates": [-91.1467, 30.4705]}, "properties": {"year": 2022, "state": "Louisiana", "age_band": "45-64", "sex": "Male", "lighting": "Dark - Not Lighted", "hour": "6:00am-6:59am", "month": "January", "crash_group": "Motorist Overtaking Bicyclist", "crash_type": "Motorist Overtaking - Undetected Bicyclist or Detected - Too Late to Avoid"}}, {"type": "Feature", "geometry": {"type": "Point", "coordinates": [-92.165, 31.361]}, "properties": {"year": 2022, "state": "Louisiana", "age_band": "25-44", "sex": "Male", "lighting": "Dark - Not Lighted", "hour": "8:00pm-8:59pm", "month": "January", "crash_group": "Motorist Overtaking Bicyclist", "crash_type": "Motorist Overtaking - Undetected Bicyclist or Detected - Too Late to Avoid"}}, {"type": "Feature", "geometry": {"type": "Point", "coordinates": [-93.3679, 30.256]}, "properties": {"year": 2022, "state": "Louisiana", "age_band": "13-17 (teen)", "sex": "Male", "lighting": "Dark - Not Lighted", "hour": "8:00pm-8:59pm", "month": "January", "crash_group": "Motorist Overtaking Bicyclist", "crash_type": "Motorist Overtaking - Bicyclist Swerved"}}, {"type": "Feature", "geometry": {"type": "Point", "coordinates": [-91.0058, 30.0958]}, "properties": {"year": 2022, "state": "Louisiana", "age_band": "25-44", "sex": "Male", "lighting": "Dark - Not Lighted", "hour": "8:00pm-8:59pm", "month": "February", "crash_group": "Crossing Paths - Other Circumstances", "crash_type": "Sign-Controlled Intersection - Other / Unknown"}}, {"type": "Feature", "geometry": {"type": "Point", "coordinates": [-90.9416, 30.2327]}, "properties": {"year": 2022, "state": "Louisiana", "age_band": "45-64", "sex": "Male", "lighting": "Dark - Not Lighted", "hour": "0:00am-0:59am", "month": "February", "crash_group": "Wrong-Way / Wrong-Side", "crash_type": "Wrong-Way / Wrong-Side - Bicyclist"}}, {"type": "Feature", "geometry": {"type": "Point", "coordinates": [-92.7951, 31.4635]}, "properties": {"year": 2022, "state": "Louisiana", "age_band": "25-44", "sex": "Male", "lighting": "Dark - Not Lighted", "hour": "2:00am-2:59am", "month": "February", "crash_group": "Wrong-Way / Wrong-Side", "crash_type": "Wrong-Way / Wrong-Side - Bicyclist"}}, {"type": "Feature", "geometry": {"type": "Point", "coordinates": [-91.0872, 30.5025]}, "properties": {"year": 2022, "state": "Louisiana", "age_band": "65+", "sex": "Male", "lighting": "Dark - Not Lighted", "hour": "11:00pm-11:59pm", "month": "February", "crash_group": "Crossing Paths - Other Circumstances", "crash_type": "Crossing Paths - Uncontrolled Intersection"}}, {"type": "Feature", "geometry": {"type": "Point", "coordinates": [-92.0575, 30.2586]}, "properties": {"year": 2022, "state": "Louisiana", "age_band": "45-64", "sex": "Male", "lighting": "Dark - Lighted", "hour": "11:00pm-11:59pm", "month": "March", "crash_group": "Motorist Overtaking Bicyclist", "crash_type": "Motorist Overtaking - Undetected Bicyclist or Detected - Too Late to Avoid"}}, {"type": "Feature", "geometry": {"type": "Point", "coordinates": [-92.1833, 32.5351]}, "properties": {"year": 2022, "state": "Louisiana", "age_band": "45-64", "sex": "Male", "lighting": "Daylight", "hour": "7:00pm-7:59pm", "month": "March", "crash_group": "Motorist Overtaking Bicyclist", "crash_type": "Motorist Overtaking - Undetected Bicyclist or Detected - Too Late to Avoid"}}, {"type": "Feature", "geometry": {"type": "Point", "coordinates": [-92.0359, 30.3266]}, "properties": {"year": 2022, "state": "Louisiana", "age_band": "45-64", "sex": "Male", "lighting": "Dark - Lighted", "hour": "10:00pm-10:59pm", "month": "April", "crash_group": "Motorist Overtaking Bicyclist", "crash_type": "Motorist Overtaking - Undetected Bicyclist or Detected - Too Late to Avoid"}}, {"type": "Feature", "geometry": {"type": "Point", "coordinates": [-91.3076, 29.6883]}, "properties": {"year": 2022, "state": "Louisiana", "age_band": "45-64", "sex": "Male", "lighting": "Dark - Lighted", "hour": "8:00pm-8:59pm", "month": "April", "crash_group": "Bicyclist Failed to Yield - Sign-Controlled Intersection", "crash_type": "Bicyclist Ride Through - Sign-Controlled Intersection"}}, {"type": "Feature", "geometry": {"type": "Point", "coordinates": [-93.2019, 30.3444]}, "properties": {"year": 2022, "state": "Louisiana", "age_band": "45-64", "sex": "Male", "lighting": "Dark - Not Lighted", "hour": "10:00pm-10:59pm", "month": "May", "crash_group": "Motorist Overtaking Bicyclist", "crash_type": "Motorist Overtaking - Other/ Unknown"}}, {"type": "Feature", "geometry": {"type": "Point", "coordinates": [-90.941, 30.1179]}, "properties": {"year": 2022, "state": "Louisiana", "age_band": "65+", "sex": "Male", "lighting": "Dark - Lighted", "hour": "9:00pm-9:59pm", "month": "February", "crash_group": "Motorist Overtaking Bicyclist", "crash_type": "Motorist Overtaking - Undetected Bicyclist or Detected - Too Late to Avoid"}}, {"type": "Feature", "geometry": {"type": "Point", "coordinates": [-91.0074, 30.3847]}, "properties": {"year": 2022, "state": "Louisiana", "age_band": "65+", "sex": "Male", "lighting": "Dark - Not Lighted", "hour": "5:00am-5:59am", "month": "May", "crash_group": "Bicyclist Left Turn / Merge", "crash_type": "Bicyclist Left Turn - Same Direction"}}, {"type": "Feature", "geometry": {"type": "Point", "coordinates": [-90.7682, 29.7728]}, "properties": {"year": 2022, "state": "Louisiana", "age_band": "45-64", "sex": "Male", "lighting": "Dark - Not Lighted", "hour": "5:00am-5:59am", "month": "May", "crash_group": "Motorist Overtaking Bicyclist", "crash_type": "Motorist Overtaking - Undetected Bicyclist or Detected - Too Late to Avoid"}}, {"type": "Feature", "geometry": {"type": "Point", "coordinates": [-90.546, 30.5444]}, "properties": {"year": 2022, "state": "Louisiana", "age_band": "18-24", "sex": "Male", "lighting": "Dark - Not Lighted", "hour": "9:00pm-9:59pm", "month": "May", "crash_group": "Motorist Overtaking Bicyclist", "crash_type": "Motorist Overtaking - Undetected Bicyclist or Detected - Too Late to Avoid"}}, {"type": "Feature", "geometry": {"type": "Point", "coordinates": [-90.7268, 29.6501]}, "properties": {"year": 2022, "state": "Louisiana", "age_band": "18-24", "sex": "Male", "lighting": "Daylight", "hour": "3:00pm-3:59pm", "month": "May", "crash_group": "Bicyclist Failed to Yield - Signalized Intersection", "crash_type": "Bicyclist Ride Through - Signalized Intersection"}}, {"type": "Feature", "geometry": {"type": "Point", "coordinates": [-92.4762, 31.2896]}, "properties": {"year": 2022, "state": "Louisiana", "age_band": "25-44", "sex": "Male", "lighting": "Dark - Lighted", "hour": "10:00pm-10:59pm", "month": "May", "crash_group": "Bicyclist Failed to Yield - Midblock", "crash_type": "Bicyclist Ride Out - Other Midblock"}}, {"type": "Feature", "geometry": {"type": "Point", "coordinates": [-90.0038, 30.0277]}, "properties": {"year": 2022, "state": "Louisiana", "age_band": "45-64", "sex": "Male", "lighting": "Dark - Lighted", "hour": "2:00am-2:59am", "month": "June", "crash_group": "Motorist Overtaking Bicyclist", "crash_type": "Motorist Overtaking - Bicyclist Swerved"}}, {"type": "Feature", "geometry": {"type": "Point", "coordinates": [-91.1464, 30.6997]}, "properties": {"year": 2022, "state": "Louisiana", "age_band": "45-64", "sex": "Male", "lighting": "Dark - Not Lighted", "hour": "10:00pm-10:59pm", "month": "May", "crash_group": "Motorist Overtaking Bicyclist", "crash_type": "Motorist Overtaking - Other/ Unknown"}}, {"type": "Feature", "geometry": {"type": "Point", "coordinates": [-92.7544, 30.1871]}, "properties": {"year": 2022, "state": "Louisiana", "age_band": "65+", "sex": "Male", "lighting": "Daylight", "hour": "8:00am-8:59am", "month": "June", "crash_group": "Motorist Overtaking Bicyclist", "crash_type": "Motorist Overtaking - Undetected Bicyclist or Detected - Too Late to Avoid"}}, {"type": "Feature", "geometry": {"type": "Point", "coordinates": [-93.9841, 32.8812]}, "properties": {"year": 2022, "state": "Louisiana", "age_band": "45-64", "sex": "Male", "lighting": "Daylight", "hour": "7:00pm-7:59pm", "month": "June", "crash_group": "Motorist Overtaking Bicyclist", "crash_type": "Motorist Overtaking - Undetected Bicyclist or Detected - Too Late to Avoid"}}, {"type": "Feature", "geometry": {"type": "Point", "coordinates": [-92.6788, 30.2462]}, "properties": {"year": 2022, "state": "Louisiana", "age_band": "45-64", "sex": "Male", "lighting": "Dark - Not Lighted", "hour": "3:00am-3:59am", "month": "July", "crash_group": "Motorist Overtaking Bicyclist", "crash_type": "Motorist Overtaking - Undetected Bicyclist or Detected - Too Late to Avoid"}}, {"type": "Feature", "geometry": {"type": "Point", "coordinates": [-90.9571, 30.2866]}, "properties": {"year": 2022, "state": "Louisiana", "age_band": "45-64", "sex": "Male", "lighting": "Dark - Not Lighted", "hour": "8:00pm-8:59pm", "month": "June", "crash_group": "Crossing Paths - Other Circumstances", "crash_type": "Crossing Paths - Midblock - Other / Unknown"}}, {"type": "Feature", "geometry": {"type": "Point", "coordinates": [-92.1133, 30.298]}, "properties": {"year": 2022, "state": "Louisiana", "age_band": "65+", "sex": "Male", "lighting": "Dark - Not Lighted", "hour": "11:00pm-11:59pm", "month": "July", "crash_group": "Wrong-Way / Wrong-Side", "crash_type": "Wrong-Way / Wrong-Side - Bicyclist"}}, {"type": "Feature", "geometry": {"type": "Point", "coordinates": [-91.0121, 30.4411]}, "properties": {"year": 2022, "state": "Louisiana", "age_band": "45-64", "sex": "Male", "lighting": "Daylight", "hour": "7:00am-7:59am", "month": "July", "crash_group": "Motorist Overtaking Bicyclist", "crash_type": "Motorist Overtaking - Other/ Unknown"}}, {"type": "Feature", "geometry": {"type": "Point", "coordinates": [-90.5988, 29.7283]}, "properties": {"year": 2022, "state": "Louisiana", "age_band": "65+", "sex": "Male", "lighting": "Daylight", "hour": "4:00pm-4:59pm", "month": "July", "crash_group": "Bicyclist Failed to Yield - Midblock", "crash_type": "Bicyclist Ride Out - Other Midblock"}}, {"type": "Feature", "geometry": {"type": "Point", "coordinates": [-91.12, 30.4868]}, "properties": {"year": 2022, "state": "Louisiana", "age_band": "25-44", "sex": "Male", "lighting": "Dark - Lighted", "hour": "4:00am-4:59am", "month": "July", "crash_group": "Motorist Overtaking Bicyclist", "crash_type": "Motorist Overtaking - Other/ Unknown"}}, {"type": "Feature", "geometry": {"type": "Point", "coordinates": [-91.0083, 30.4542]}, "properties": {"year": 2022, "state": "Louisiana", "age_band": "65+", "sex": "Male", "lighting": "Dark - Lighted", "hour": "7:00pm-7:59pm", "month": "August", "crash_group": "Wrong-Way / Wrong-Side", "crash_type": "Wrong-Way / Wrong-Side - Bicyclist"}}, {"type": "Feature", "geometry": {"type": "Point", "coordinates": [-90.0584, 29.9878]}, "properties": {"year": 2022, "state": "Louisiana", "age_band": "45-64", "sex": "Male", "lighting": "Daylight", "hour": "3:00pm-3:59pm", "month": "September", "crash_group": "Wrong-Way / Wrong-Side", "crash_type": "Wrong-Way / Wrong-Side - Bicyclist"}}, {"type": "Feature", "geometry": {"type": "Point", "coordinates": [-92.4187, 30.4927]}, "properties": {"year": 2022, "state": "Louisiana", "age_band": "65+", "sex": "Male", "lighting": "Daylight", "hour": "11:00am-11:59am", "month": "September", "crash_group": "Motorist Failed to Yield - Sign-Controlled Intersection", "crash_type": "Motorist Drive Through - Sign-Controlled Intersection"}}, {"type": "Feature", "geometry": {"type": "Point", "coordinates": [-92.0429, 32.5261]}, "properties": {"year": 2022, "state": "Louisiana", "age_band": "25-44", "sex": "Male", "lighting": "Dark - Lighted", "hour": "7:00pm-7:59pm", "month": "October", "crash_group": "Motorist Overtaking Bicyclist", "crash_type": "Motorist Overtaking - Undetected Bicyclist or Detected - Too Late to Avoid"}}, {"type": "Feature", "geometry": {"type": "Point", "coordinates": [-89.9931, 30.0134]}, "properties": {"year": 2022, "state": "Louisiana", "age_band": "45-64", "sex": "Male", "lighting": "Dark - Lighted", "hour": "1:00am-1:59am", "month": "October", "crash_group": "Bicyclist Failed to Yield - Sign-Controlled Intersection", "crash_type": "Bicyclist Ride Out - Sign-Controlled Intersection"}}, {"type": "Feature", "geometry": {"type": "Point", "coordinates": [-90.8231, 29.7773]}, "properties": {"year": 2022, "state": "Louisiana", "age_band": "25-44", "sex": "Male", "lighting": "Dark - Lighted", "hour": "6:00pm-6:59pm", "month": "October", "crash_group": "Bicyclist Failed to Yield - Sign-Controlled Intersection", "crash_type": "Bicyclist Ride Out - Sign-Controlled Intersection"}}, {"type": "Feature", "geometry": {"type": "Point", "coordinates": [-93.7523, 32.3766]}, "properties": {"year": 2022, "state": "Louisiana", "age_band": "Unknown", "sex": "Male", "lighting": "Dark - Not Lighted", "hour": "10:00pm-10:59pm", "month": "October", "crash_group": "Motorist Overtaking Bicyclist", "crash_type": "Motorist Overtaking - Other/ Unknown"}}, {"type": "Feature", "geometry": {"type": "Point", "coordinates": [-91.964, 30.2404]}, "properties": {"year": 2022, "state": "Louisiana", "age_band": "65+", "sex": "Male", "lighting": "Dark - Not Lighted", "hour": "11:00pm-11:59pm", "month": "November", "crash_group": "Motorist Overtaking Bicyclist", "crash_type": "Motorist Overtaking - Undetected Bicyclist or Detected - Too Late to Avoid"}}, {"type": "Feature", "geometry": {"type": "Point", "coordinates": [-92.059, 30.21]}, "properties": {"year": 2022, "state": "Louisiana", "age_band": "25-44", "sex": "Male", "lighting": "Dark - Lighted", "hour": "6:00pm-6:59pm", "month": "November", "crash_group": "Motorist Overtaking Bicyclist", "crash_type": "Motorist Overtaking - Undetected Bicyclist or Detected - Too Late to Avoid"}}, {"type": "Feature", "geometry": {"type": "Point", "coordinates": [-91.9641, 29.9964]}, "properties": {"year": 2022, "state": "Louisiana", "age_band": "25-44", "sex": "Male", "lighting": "Dark - Lighted", "hour": "9:00pm-9:59pm", "month": "November", "crash_group": "Crossing Paths - Other Circumstances", "crash_type": "Crossing Paths - Midblock - Other / Unknown"}}, {"type": "Feature", "geometry": {"type": "Point", "coordinates": [-90.058, 29.9622]}, "properties": {"year": 2022, "state": "Louisiana", "age_band": "25-44", "sex": "Male", "lighting": "Dark - Lighted", "hour": "1:00am-1:59am", "month": "September", "crash_group": "Bicyclist Failed to Yield - Signalized Intersection", "crash_type": "Bicyclist Ride Out - Signalized Intersection"}}, {"type": "Feature", "geometry": {"type": "Point", "coordinates": [-91.1506, 30.4257]}, "properties": {"year": 2022, "state": "Louisiana", "age_band": "25-44", "sex": "Male", "lighting": "Daylight", "hour": "10:00am-10:59am", "month": "September", "crash_group": "Bicyclist Left Turn / Merge", "crash_type": "Bicyclist Left Turn - Opposite Direction"}}, {"type": "Feature", "geometry": {"type": "Point", "coordinates": [-92.0928, 32.4282]}, "properties": {"year": 2022, "state": "Louisiana", "age_band": "25-44", "sex": "Male", "lighting": "Dark - Not Lighted", "hour": "7:00am-7:59am", "month": "December", "crash_group": "Motorist Overtaking Bicyclist", "crash_type": "Motorist Overtaking - Other/ Unknown"}}, {"type": "Feature", "geometry": {"type": "Point", "coordinates": [-89.9532, 29.9304]}, "properties": {"year": 2022, "state": "Louisiana", "age_band": "45-64", "sex": "Male", "lighting": "Daylight", "hour": "2:00pm-2:59pm", "month": "December", "crash_group": "Bicyclist Left Turn / Merge", "crash_type": "Bicyclist Left Turn - Same Direction"}}, {"type": "Feature", "geometry": {"type": "Point", "coordinates": [-90.5612, 30.4371]}, "properties": {"year": 2022, "state": "Louisiana", "age_band": "45-64", "sex": "Male", "lighting": "Dark - Not Lighted", "hour": "9:00pm-9:59pm", "month": "December", "crash_group": "Bicyclist Failed to Yield - Sign-Controlled Intersection", "crash_type": "Bicyclist Ride Out - Sign-Controlled Intersection"}}, {"type": "Feature", "geometry": {"type": "Point", "coordinates": [-70.2709, 43.6568]}, "properties": {"year": 2022, "state": "Maine", "age_band": "25-44", "sex": "Female", "lighting": "Daylight", "hour": "2:00pm-2:59pm", "month": "April", "crash_group": "Loss of Control / Turning Error", "crash_type": "Bicyclist Turning Error - Left turn"}}, {"type": "Feature", "geometry": {"type": "Point", "coordinates": [-70.4346, 43.8269]}, "properties": {"year": 2022, "state": "Maine", "age_band": "25-44", "sex": "Male", "lighting": "Dark - Lighted", "hour": "6:00pm-6:59pm", "month": "October", "crash_group": "Other / Unknown - Insufficient Details", "crash_type": "Unknown Approach Paths"}}, {"type": "Feature", "geometry": {"type": "Point", "coordinates": [-77.1828, 39.1261]}, "properties": {"year": 2022, "state": "Maryland", "age_band": "45-64", "sex": "Female", "lighting": "Daylight", "hour": "8:00am-8:59am", "month": "January", "crash_group": "Motorist Right Turn / Merge", "crash_type": "Motorist Right Turn - Same Direction"}}, {"type": "Feature", "geometry": {"type": "Point", "coordinates": [-77.293, 39.6983]}, "properties": {"year": 2022, "state": "Maryland", "age_band": "45-64", "sex": "Male", "lighting": "Daylight", "hour": "12:00pm-12:59pm", "month": "March", "crash_group": "Motorist Overtaking Bicyclist", "crash_type": "Motorist Overtaking - Other/ Unknown"}}, {"type": "Feature", "geometry": {"type": "Point", "coordinates": [-77.1229, 39.0216]}, "properties": {"year": 2022, "state": "Maryland", "age_band": "18-24", "sex": "Male", "lighting": "Daylight", "hour": "4:00pm-4:59pm", "month": "June", "crash_group": "Loss of Control / Turning Error", "crash_type": "Motorist Lost Control - Other / Unknown"}}, {"type": "Feature", "geometry": {"type": "Point", "coordinates": [-75.7925, 38.6961]}, "properties": {"year": 2022, "state": "Maryland", "age_band": "25-44", "sex": "Male", "lighting": "Daylight", "hour": "1:00pm-1:59pm", "month": "June", "crash_group": "Parallel Paths - Other Circumstances", "crash_type": "Parallel Paths - Other / Unknown"}}, {"type": "Feature", "geometry": {"type": "Point", "coordinates": [-76.6735, 39.3072]}, "properties": {"year": 2022, "state": "Maryland", "age_band": "25-44", "sex": "Male", "lighting": "Dark - Lighted", "hour": "9:00pm-9:59pm", "month": "May", "crash_group": "Bicyclist Failed to Yield - Midblock", "crash_type": "Bicyclist Ride Out - Other Midblock"}}, {"type": "Feature", "geometry": {"type": "Point", "coordinates": [-76.6058, 39.1776]}, "properties": {"year": 2022, "state": "Maryland", "age_band": "45-64", "sex": "Male", "lighting": "Daylight", "hour": "6:00pm-6:59pm", "month": "August", "crash_group": "Bicyclist Left Turn / Merge", "crash_type": "Bicyclist Left Turn - Same Direction"}}, {"type": "Feature", "geometry": {"type": "Point", "coordinates": [-77.1048, 38.9656]}, "properties": {"year": 2022, "state": "Maryland", "age_band": "25-44", "sex": "Female", "lighting": "Daylight", "hour": "4:00pm-4:59pm", "month": "August", "crash_group": "Motorist Right Turn / Merge", "crash_type": "Motorist Right Turn - Same Direction"}}, {"type": "Feature", "geometry": {"type": "Point", "coordinates": [-76.9923, 38.7479]}, "properties": {"year": 2022, "state": "Maryland", "age_band": "25-44", "sex": "Male", "lighting": "Dark - Lighted", "hour": "11:00pm-11:59pm", "month": "September", "crash_group": "Parallel Paths - Other Circumstances", "crash_type": "Parallel Paths - Other / Unknown"}}, {"type": "Feature", "geometry": {"type": "Point", "coordinates": [-76.7944, 39.1826]}, "properties": {"year": 2022, "state": "Maryland", "age_band": "45-64", "sex": "Male", "lighting": "Dark - Lighted", "hour": "3:00am-3:59am", "month": "September", "crash_group": "Parallel Paths - Other Circumstances", "crash_type": "Parallel Paths - Other / Unknown"}}, {"type": "Feature", "geometry": {"type": "Point", "coordinates": [-77.0623, 39.0693]}, "properties": {"year": 2022, "state": "Maryland", "age_band": "18-24", "sex": "Male", "lighting": "Dark - Not Lighted", "hour": "11:00pm-11:59pm", "month": "October", "crash_group": "Crossing Paths - Other Circumstances", "crash_type": "Crossing Paths - Intersection - Other / Unknown Control"}}, {"type": "Feature", "geometry": {"type": "Point", "coordinates": [-70.8336, 42.8402]}, "properties": {"year": 2022, "state": "Massachusetts", "age_band": "25-44", "sex": "Male", "lighting": "Daylight", "hour": "8:00am-8:59am", "month": "May", "crash_group": "Bicyclist Failed to Yield - Midblock", "crash_type": "Bicyclist Ride-Out - Commercial Driveway"}}, {"type": "Feature", "geometry": {"type": "Point", "coordinates": [-71.085, 42.3428]}, "properties": {"year": 2022, "state": "Massachusetts", "age_band": "65+", "sex": "Male", "lighting": "Daylight", "hour": "12:00pm-12:59pm", "month": "July", "crash_group": "Motorist Overtaking Bicyclist", "crash_type": "Motorist Overtaking - Misjudged Space"}}, {"type": "Feature", "geometry": {"type": "Point", "coordinates": [-73.1968, 42.4698]}, "properties": {"year": 2022, "state": "Massachusetts", "age_band": "25-44", "sex": "Male", "lighting": "Dark - Lighted", "hour": "7:00pm-7:59pm", "month": "September", "crash_group": "Bicyclist Failed to Yield - Signalized Intersection", "crash_type": "Bicyclist Ride Through - Signalized Intersection"}}, {"type": "Feature", "geometry": {"type": "Point", "coordinates": [-72.5154, 42.0689]}, "properties": {"year": 2022, "state": "Massachusetts", "age_band": "45-64", "sex": "Male", "lighting": "Dark - Lighted", "hour": "6:00pm-6:59pm", "month": "October", "crash_group": "Bicyclist Right Turn / Merge", "crash_type": "Bicyclist Right Turn - Opposite Direction"}}, {"type": "Feature", "geometry": {"type": "Point", "coordinates": [-72.5937, 42.1097]}, "properties": {"year": 2022, "state": "Massachusetts", "age_band": "65+", "sex": "Male", "lighting": "Dark - Lighted", "hour": "8:00pm-8:59pm", "month": "August", "crash_group": "Crossing Paths - Other Circumstances", "crash_type": "Crossing Paths - Intersection - Other / Unknown Control"}}, {"type": "Feature", "geometry": {"type": "Point", "coordinates": [-72.6137, 42.1611]}, "properties": {"year": 2022, "state": "Massachusetts", "age_band": "45-64", "sex": "Male", "lighting": "Daylight", "hour": "8:00am-8:59am", "month": "December", "crash_group": "Bicyclist Left Turn / Merge", "crash_type": "Bicyclist Left Turn - Same Direction"}}, {"type": "Feature", "geometry": {"type": "Point", "coordinates": [-71.2135, 42.3674]}, "properties": {"year": 2022, "state": "Massachusetts", "age_band": "45-64", "sex": "Male", "lighting": "Daylight", "hour": "3:00pm-3:59pm", "month": "June", "crash_group": "Bicyclist Overtaking Motor Vehicle", "crash_type": "Bicyclist Overtaking - Passing on Right"}}, {"type": "Feature", "geometry": {"type": "Point", "coordinates": [-71.8807, 42.0421]}, "properties": {"year": 2022, "state": "Massachusetts", "age_band": "13-17 (teen)", "sex": "Male", "lighting": "Daylight", "hour": "4:00pm-4:59pm", "month": "July", "crash_group": "Wrong-Way / Wrong-Side", "crash_type": "Wrong-Way / Wrong-Side - Bicyclist"}}, {"type": "Feature", "geometry": {"type": "Point", "coordinates": [-70.9083, 41.6711]}, "properties": {"year": 2022, "state": "Massachusetts", "age_band": "25-44", "sex": "Male", "lighting": "Daylight", "hour": "12:00pm-12:59pm", "month": "December", "crash_group": "Motorist Right Turn / Merge", "crash_type": "Motorist Right Turn - Same Direction"}}, {"type": "Feature", "geometry": {"type": "Point", "coordinates": [-83.6553, 43.0281]}, "properties": {"year": 2022, "state": "Michigan", "age_band": "25-44", "sex": "Male", "lighting": "Dark - Lighted", "hour": "5:00pm-5:59pm", "month": "January", "crash_group": "Motorist Overtaking Bicyclist", "crash_type": "Motorist Overtaking - Undetected Bicyclist or Detected - Too Late to Avoid"}}, {"type": "Feature", "geometry": {"type": "Point", "coordinates": [-83.1179, 42.4466]}, "properties": {"year": 2022, "state": "Michigan", "age_band": "45-64", "sex": "Male", "lighting": "Dark - Not Lighted", "hour": "6:00pm-6:59pm", "month": "January", "crash_group": "Motorist Overtaking Bicyclist", "crash_type": "Motorist Overtaking - Other/ Unknown"}}, {"type": "Feature", "geometry": {"type": "Point", "coordinates": [-83.1359, 42.3523]}, "properties": {"year": 2022, "state": "Michigan", "age_band": "45-64", "sex": "Male", "lighting": "Dark - Lighted", "hour": "0:00am-0:59am", "month": "April", "crash_group": "Crossing Paths - Other Circumstances", "crash_type": "Signalized Intersection - Other / Unknown"}}, {"type": "Feature", "geometry": {"type": "Point", "coordinates": [-83.2121, 42.4157]}, "properties": {"year": 2022, "state": "Michigan", "age_band": "18-24", "sex": "Male", "lighting": "Dark - Not Lighted", "hour": "8:00pm-8:59pm", "month": "April", "crash_group": "Bicyclist Failed to Yield - Sign-Controlled Intersection", "crash_type": "Bicyclist Ride Out - Sign-Controlled Intersection"}}, {"type": "Feature", "geometry": {"type": "Point", "coordinates": [-83.0294, 42.5368]}, "properties": {"year": 2022, "state": "Michigan", "age_band": "65+", "sex": "Male", "lighting": "Daylight", "hour": "1:00pm-1:59pm", "month": "March", "crash_group": "Loss of Control / Turning Error", "crash_type": "Motorist Turning Error - Right turn"}}, {"type": "Feature", "geometry": {"type": "Point", "coordinates": [-83.0929, 42.3354]}, "properties": {"year": 2022, "state": "Michigan", "age_band": "45-64", "sex": "Male", "lighting": "Daylight", "hour": "7:00am-7:59am", "month": "May", "crash_group": "Crossing Paths - Other Circumstances", "crash_type": "Crossing Paths - Intersection - Other / Unknown Control"}}, {"type": "Feature", "geometry": {"type": "Point", "coordinates": [-83.7778, 42.2757]}, "properties": {"year": 2022, "state": "Michigan", "age_band": "65+", "sex": "Male", "lighting": "Dark - Lighted", "hour": "4:00am-4:59am", "month": "March", "crash_group": "Crossing Paths - Other Circumstances", "crash_type": "Crossing Paths - Intersection - Other / Unknown Control"}}, {"type": "Feature", "geometry": {"type": "Point", "coordinates": [-83.0066, 42.4708]}, "properties": {"year": 2022, "state": "Michigan", "age_band": "65+", "sex": "Male", "lighting": "Daylight", "hour": "7:00pm-7:59pm", "month": "June", "crash_group": "Parallel Paths - Other Circumstances", "crash_type": "Motorist Turn / Merge - Other / Unknown"}}, {"type": "Feature", "geometry": {"type": "Point", "coordinates": [-84.3619, 41.8779]}, "properties": {"year": 2022, "state": "Michigan", "age_band": "45-64", "sex": "Male", "lighting": "Daylight", "hour": "10:00am-10:59am", "month": "June", "crash_group": "Motorist Overtaking Bicyclist", "crash_type": "Motorist Overtaking - Undetected Bicyclist or Detected - Too Late to Avoid"}}, {"type": "Feature", "geometry": {"type": "Point", "coordinates": [-85.54, 42.925]}, "properties": {"year": 2022, "state": "Michigan", "age_band": "65+", "sex": "Male", "lighting": "Daylight", "hour": "12:00pm-12:59pm", "month": "June", "crash_group": "Bicyclist Left Turn / Merge", "crash_type": "Bicyclist Left Turn - Same Direction"}}, {"type": "Feature", "geometry": {"type": "Point", "coordinates": [-83.302, 42.6469]}, "properties": {"year": 2022, "state": "Michigan", "age_band": "65+", "sex": "Male", "lighting": "Daylight", "hour": "5:00pm-5:59pm", "month": "June", "crash_group": "Bicyclist Failed to Yield - Sign-Controlled Intersection", "crash_type": "Bicyclist Ride Through - Sign-Controlled Intersection"}}, {"type": "Feature", "geometry": {"type": "Point", "coordinates": [-84.9958, 43.051]}, "properties": {"year": 2022, "state": "Michigan", "age_band": "45-64", "sex": "Male", "lighting": "Daylight", "hour": "11:00am-11:59am", "month": "July", "crash_group": "Parallel Paths - Other Circumstances", "crash_type": "Parallel Paths - Other / Unknown"}}, {"type": "Feature", "geometry": {"type": "Point", "coordinates": [-84.9958, 43.051]}, "properties": {"year": 2022, "state": "Michigan", "age_band": "45-64", "sex": "Male", "lighting": "Daylight", "hour": "11:00am-11:59am", "month": "July", "crash_group": "Parallel Paths - Other Circumstances", "crash_type": "Parallel Paths - Other / Unknown"}}, {"type": "Feature", "geometry": {"type": "Point", "coordinates": [-84.9958, 43.051]}, "properties": {"year": 2022, "state": "Michigan", "age_band": "25-44", "sex": "Male", "lighting": "Daylight", "hour": "11:00am-11:59am", "month": "July", "crash_group": "Parallel Paths - Other Circumstances", "crash_type": "Parallel Paths - Other / Unknown"}}, {"type": "Feature", "geometry": {"type": "Point", "coordinates": [-84.9958, 43.051]}, "properties": {"year": 2022, "state": "Michigan", "age_band": "45-64", "sex": "Male", "lighting": "Daylight", "hour": "11:00am-11:59am", "month": "July", "crash_group": "Parallel Paths - Other Circumstances", "crash_type": "Parallel Paths - Other / Unknown"}}, {"type": "Feature", "geometry": {"type": "Point", "coordinates": [-84.9958, 43.051]}, "properties": {"year": 2022, "state": "Michigan", "age_band": "45-64", "sex": "Male", "lighting": "Daylight", "hour": "11:00am-11:59am", "month": "July", "crash_group": "Parallel Paths - Other Circumstances", "crash_type": "Parallel Paths - Other / Unknown"}}, {"type": "Feature", "geometry": {"type": "Point", "coordinates": [-82.9648, 42.4158]}, "properties": {"year": 2022, "state": "Michigan", "age_band": "25-44", "sex": "Male", "lighting": "Daylight", "hour": "3:00pm-3:59pm", "month": "July", "crash_group": "Bicyclist Failed to Yield - Sign-Controlled Intersection", "crash_type": "Bicyclist Ride Through - Sign-Controlled Intersection"}}, {"type": "Feature", "geometry": {"type": "Point", "coordinates": [-83.4341, 42.2799]}, "properties": {"year": 2022, "state": "Michigan", "age_band": "25-44", "sex": "Male", "lighting": "Dark - Lighted", "hour": "2:00am-2:59am", "month": "April", "crash_group": "Parallel Paths - Other Circumstances", "crash_type": "Parallel Paths - Other / Unknown"}}, {"type": "Feature", "geometry": {"type": "Point", "coordinates": [-83.0514, 42.5206]}, "properties": {"year": 2022, "state": "Michigan", "age_band": "45-64", "sex": "Male", "lighting": "Dark - Lighted", "hour": "5:00am-5:59am", "month": "July", "crash_group": "Motorist Overtaking Bicyclist", "crash_type": "Motorist Overtaking - Other/ Unknown"}}, {"type": "Feature", "geometry": {"type": "Point", "coordinates": [-85.6654, 42.8998]}, "properties": {"year": 2022, "state": "Michigan", "age_band": "45-64", "sex": "Male", "lighting": "Daylight", "hour": "2:00pm-2:59pm", "month": "July", "crash_group": "Crossing Paths - Other Circumstances", "crash_type": "Crossing Paths - Midblock - Other / Unknown"}}, {"type": "Feature", "geometry": {"type": "Point", "coordinates": [-83.2885, 42.4322]}, "properties": {"year": 2022, "state": "Michigan", "age_band": "0-12 (child)", "sex": "Male", "lighting": "Daylight", "hour": "8:00pm-8:59pm", "month": "August", "crash_group": "Motorist Overtaking Bicyclist", "crash_type": "Motorist Overtaking - Misjudged Space"}}, {"type": "Feature", "geometry": {"type": "Point", "coordinates": [-82.471, 42.9516]}, "properties": {"year": 2022, "state": "Michigan", "age_band": "45-64", "sex": "Male", "lighting": "Dark - Not Lighted", "hour": "10:00pm-10:59pm", "month": "August", "crash_group": "Motorist Overtaking Bicyclist", "crash_type": "Motorist Overtaking - Undetected Bicyclist or Detected - Too Late to Avoid"}}, {"type": "Feature", "geometry": {"type": "Point", "coordinates": [-83.1259, 42.3466]}, "properties": {"year": 2022, "state": "Michigan", "age_band": "45-64", "sex": "Male", "lighting": "Dark - Lighted", "hour": "8:00pm-8:59pm", "month": "September", "crash_group": "Bicyclist Failed to Yield - Midblock", "crash_type": "Bicyclist Ride Out - Midblock - Unknown"}}, {"type": "Feature", "geometry": {"type": "Point", "coordinates": [-83.2764, 42.4002]}, "properties": {"year": 2022, "state": "Michigan", "age_band": "25-44", "sex": "Male", "lighting": "Dark - Lighted", "hour": "10:00pm-10:59pm", "month": "August", "crash_group": "Bicyclist Failed to Yield - Signalized Intersection", "crash_type": "Bicyclist Ride Through - Signalized Intersection"}}, {"type": "Feature", "geometry": {"type": "Point", "coordinates": [-86.102, 42.4334]}, "properties": {"year": 2022, "state": "Michigan", "age_band": "65+", "sex": "Male", "lighting": "Daylight", "hour": "8:00am-8:59am", "month": "August", "crash_group": "Parallel Paths - Other Circumstances", "crash_type": "Parallel Paths - Other / Unknown"}}, {"type": "Feature", "geometry": {"type": "Point", "coordinates": [-83.4861, 42.2482]}, "properties": {"year": 2022, "state": "Michigan", "age_band": "25-44", "sex": "Male", "lighting": "Dark - Not Lighted", "hour": "6:00am-6:59am", "month": "September", "crash_group": "Bicyclist Failed to Yield - Midblock", "crash_type": "Bicyclist Ride Out - Other Midblock"}}, {"type": "Feature", "geometry": {"type": "Point", "coordinates": [-82.965, 42.5777]}, "properties": {"year": 2022, "state": "Michigan", "age_band": "13-17 (teen)", "sex": "Male", "lighting": "Daylight", "hour": "5:00pm-5:59pm", "month": "October", "crash_group": "Bicyclist Failed to Yield - Midblock", "crash_type": "Bicyclist Ride Out - Midblock - Unknown"}}, {"type": "Feature", "geometry": {"type": "Point", "coordinates": [-83.1793, 42.4056]}, "properties": {"year": 2022, "state": "Michigan", "age_band": "45-64", "sex": "Male", "lighting": "Daylight", "hour": "6:00am-6:59am", "month": "September", "crash_group": "Motorist Overtaking Bicyclist", "crash_type": "Motorist Overtaking - Other/ Unknown"}}, {"type": "Feature", "geometry": {"type": "Point", "coordinates": [-84.1114, 42.636]}, "properties": {"year": 2022, "state": "Michigan", "age_band": "18-24", "sex": "Male", "lighting": "Daylight", "hour": "10:00am-10:59am", "month": "October", "crash_group": "Bicyclist Failed to Yield - Midblock", "crash_type": "Bicyclist Ride Out - Residential Driveway"}}, {"type": "Feature", "geometry": {"type": "Point", "coordinates": [-83.1702, 42.2508]}, "properties": {"year": 2022, "state": "Michigan", "age_band": "45-64", "sex": "Male", "lighting": "Dark - Not Lighted", "hour": "8:00pm-8:59pm", "month": "October", "crash_group": "Parallel Paths - Other Circumstances", "crash_type": "Parallel Paths - Other / Unknown"}}, {"type": "Feature", "geometry": {"type": "Point", "coordinates": [-85.5622, 44.8092]}, "properties": {"year": 2022, "state": "Michigan", "age_band": "45-64", "sex": "Female", "lighting": "Dark - Not Lighted", "hour": "7:00am-7:59am", "month": "October", "crash_group": "Bicyclist Left Turn / Merge", "crash_type": "Bicyclist Left Turn - Same Direction"}}, {"type": "Feature", "geometry": {"type": "Point", "coordinates": [-85.6476, 42.9218]}, "properties": {"year": 2022, "state": "Michigan", "age_band": "25-44", "sex": "Male", "lighting": "Daylight", "hour": "10:00pm-10:59pm", "month": "October", "crash_group": "Motorist Overtaking Bicyclist", "crash_type": "Motorist Overtaking - Other/ Unknown"}}, {"type": "Feature", "geometry": {"type": "Point", "coordinates": [-83.249, 42.6259]}, "properties": {"year": 2022, "state": "Michigan", "age_band": "45-64", "sex": "Male", "lighting": "Dark - Not Lighted", "hour": "7:00pm-7:59pm", "month": "October", "crash_group": "Motorist Overtaking Bicyclist", "crash_type": "Motorist Overtaking - Undetected Bicyclist or Detected - Too Late to Avoid"}}, {"type": "Feature", "geometry": {"type": "Point", "coordinates": [-83.1184, 42.5045]}, "properties": {"year": 2022, "state": "Michigan", "age_band": "45-64", "sex": "Male", "lighting": "Dark - Lighted", "hour": "8:00pm-8:59pm", "month": "November", "crash_group": "Crossing Paths - Other Circumstances", "crash_type": "Crossing Paths - Intersection - Other / Unknown Control"}}, {"type": "Feature", "geometry": {"type": "Point", "coordinates": [-86.2408, 43.1895]}, "properties": {"year": 2022, "state": "Michigan", "age_band": "45-64", "sex": "Male", "lighting": "Dark - Lighted", "hour": "10:00pm-10:59pm", "month": "November", "crash_group": "Other / Unknown - Insufficient Details", "crash_type": "Unknown Approach Paths"}}, {"type": "Feature", "geometry": {"type": "Point", "coordinates": [-86.0971, 42.7609]}, "properties": {"year": 2022, "state": "Michigan", "age_band": "45-64", "sex": "Male", "lighting": "Dark - Lighted", "hour": "5:00am-5:59am", "month": "December", "crash_group": "Other / Unknown - Insufficient Details", "crash_type": "Unknown Approach Paths"}}, {"type": "Feature", "geometry": {"type": "Point", "coordinates": [-83.2557, 42.2766]}, "properties": {"year": 2022, "state": "Michigan", "age_band": "0-12 (child)", "sex": "Male", "lighting": "Dark - Lighted", "hour": "10:00pm-10:59pm", "month": "October", "crash_group": "Bicyclist Failed to Yield - Sign-Controlled Intersection", "crash_type": "Bicyclist Ride Out - Sign-Controlled Intersection"}}, {"type": "Feature", "geometry": {"type": "Point", "coordinates": [-83.8165, 43.0601]}, "properties": {"year": 2022, "state": "Michigan", "age_band": "45-64", "sex": "Male", "lighting": "Dark - Not Lighted", "hour": "5:00pm-5:59pm", "month": "December", "crash_group": "Motorist Overtaking Bicyclist", "crash_type": "Motorist Overtaking - Undetected Bicyclist or Detected - Too Late to Avoid"}}, {"type": "Feature", "geometry": {"type": "Point", "coordinates": [-83.3562, 42.0042]}, "properties": {"year": 2022, "state": "Michigan", "age_band": "65+", "sex": "Male", "lighting": "Dark - Not Lighted", "hour": "3:00pm-3:59pm", "month": "November", "crash_group": "Motorist Overtaking Bicyclist", "crash_type": "Motorist Overtaking - Undetected Bicyclist or Detected - Too Late to Avoid"}}, {"type": "Feature", "geometry": {"type": "Point", "coordinates": [-93.42, 44.5729]}, "properties": {"year": 2022, "state": "Minnesota", "age_band": "13-17 (teen)", "sex": "Male", "lighting": "Daylight", "hour": "7:00pm-7:59pm", "month": "July", "crash_group": "Loss of Control / Turning Error", "crash_type": "Motorist Lost Control - Other / Unknown"}}, {"type": "Feature", "geometry": {"type": "Point", "coordinates": [-93.5365, 44.8583]}, "properties": {"year": 2022, "state": "Minnesota", "age_band": "45-64", "sex": "Male", "lighting": "Daylight", "hour": "1:00pm-1:59pm", "month": "July", "crash_group": "Bicyclist Failed to Yield - Signalized Intersection", "crash_type": "Bicyclist Ride Through - Signalized Intersection"}}, {"type": "Feature", "geometry": {"type": "Point", "coordinates": [-95.1389, 46.4433]}, "properties": {"year": 2022, "state": "Minnesota", "age_band": "13-17 (teen)", "sex": "Reported as Unknown", "lighting": "Daylight", "hour": "5:00pm-5:59pm", "month": "June", "crash_group": "Bicyclist Failed to Yield - Signalized Intersection", "crash_type": "Bicyclist Ride Through - Signalized Intersection"}}, {"type": "Feature", "geometry": {"type": "Point", "coordinates": [-93.4648, 44.7291]}, "properties": {"year": 2022, "state": "Minnesota", "age_band": "0-12 (child)", "sex": "Female", "lighting": "Daylight", "hour": "7:00pm-7:59pm", "month": "August", "crash_group": "Motorist Failed to Yield - Sign-Controlled Intersection", "crash_type": "Motorist Drive Through - Sign-Controlled Intersection"}}, {"type": "Feature", "geometry": {"type": "Point", "coordinates": [-91.6682, 44.0446]}, "properties": {"year": 2022, "state": "Minnesota", "age_band": "25-44", "sex": "Male", "lighting": "Dark - Lighted", "hour": "8:00pm-8:59pm", "month": "September", "crash_group": "Bicyclist Left Turn / Merge", "crash_type": "Bicyclist Left Turn - Opposite Direction"}}, {"type": "Feature", "geometry": {"type": "Point", "coordinates": [-93.1574, 44.4397]}, "properties": {"year": 2022, "state": "Minnesota", "age_band": "13-17 (teen)", "sex": "Female", "lighting": "Daylight", "hour": "5:00pm-5:59pm", "month": "August", "crash_group": "Bicyclist Failed to Yield - Sign-Controlled Intersection", "crash_type": "Bicyclist Ride Through - Sign-Controlled Intersection"}}, {"type": "Feature", "geometry": {"type": "Point", "coordinates": [-88.4297, 33.5771]}, "properties": {"year": 2022, "state": "Mississippi", "age_band": "25-44", "sex": "Male", "lighting": "Daylight", "hour": "10:00am-10:59am", "month": "March", "crash_group": "Bicyclist Left Turn / Merge", "crash_type": "Bicyclist Left Turn - Same Direction"}}, {"type": "Feature", "geometry": {"type": "Point", "coordinates": [-89.4658, 32.3601]}, "properties": {"year": 2022, "state": "Mississippi", "age_band": "Unknown", "sex": "Male", "lighting": "Dark - Not Lighted", "hour": "8:00pm-8:59pm", "month": "March", "crash_group": "Wrong-Way / Wrong-Side", "crash_type": "Wrong-Way / Wrong-Side - Bicyclist"}}, {"type": "Feature", "geometry": {"type": "Point", "coordinates": [-88.1757, 34.7813]}, "properties": {"year": 2022, "state": "Mississippi", "age_band": "45-64", "sex": "Male", "lighting": "Daylight", "hour": "2:00pm-2:59pm", "month": "April", "crash_group": "Motorist Overtaking Bicyclist", "crash_type": "Motorist Overtaking - Undetected Bicyclist or Detected - Too Late to Avoid"}}, {"type": "Feature", "geometry": {"type": "Point", "coordinates": [-89.0975, 30.3643]}, "properties": {"year": 2022, "state": "Mississippi", "age_band": "25-44", "sex": "Male", "lighting": "Dark - Lighted", "hour": "9:00pm-9:59pm", "month": "April", "crash_group": "Bicyclist Left Turn / Merge", "crash_type": "Bicyclist Left Turn - Opposite Direction"}}, {"type": "Feature", "geometry": {"type": "Point", "coordinates": [-89.6326, 32.3533]}, "properties": {"year": 2022, "state": "Mississippi", "age_band": "25-44", "sex": "Male", "lighting": "Dark - Lighted", "hour": "8:00pm-8:59pm", "month": "May", "crash_group": "Wrong-Way / Wrong-Side", "crash_type": "Wrong-Way / Wrong-Side - Bicyclist"}}, {"type": "Feature", "geometry": {"type": "Point", "coordinates": [-89.6876, 31.7929]}, "properties": {"year": 2022, "state": "Mississippi", "age_band": "0-12 (child)", "sex": "Male", "lighting": "Dark - Not Lighted", "hour": "8:00pm-8:59pm", "month": "April", "crash_group": "Motorist Overtaking Bicyclist", "crash_type": "Motorist Overtaking - Undetected Bicyclist or Detected - Too Late to Avoid"}}, {"type": "Feature", "geometry": {"type": "Point", "coordinates": [-89.2687, 31.9533]}, "properties": {"year": 2022, "state": "Mississippi", "age_band": "45-64", "sex": "Male", "lighting": "Daylight", "hour": "1:00pm-1:59pm", "month": "July", "crash_group": "Motorist Overtaking Bicyclist", "crash_type": "Motorist Overtaking - Misjudged Space"}}, {"type": "Feature", "geometry": {"type": "Point", "coordinates": [-88.945, 30.3976]}, "properties": {"year": 2022, "state": "Mississippi", "age_band": "45-64", "sex": "Male", "lighting": "Daylight", "hour": "1:00pm-1:59pm", "month": "September", "crash_group": "Motorist Overtaking Bicyclist", "crash_type": "Motorist Overtaking - Other/ Unknown"}}, {"type": "Feature", "geometry": {"type": "Point", "coordinates": [-88.5873, 34.6285]}, "properties": {"year": 2022, "state": "Mississippi", "age_band": "18-24", "sex": "Male", "lighting": "Dark - Not Lighted", "hour": "7:00pm-7:59pm", "month": "October", "crash_group": "Motorist Overtaking Bicyclist", "crash_type": "Motorist Overtaking - Undetected Bicyclist or Detected - Too Late to Avoid"}}, {"type": "Feature", "geometry": {"type": "Point", "coordinates": [-89.4231, 30.2995]}, "properties": {"year": 2022, "state": "Mississippi", "age_band": "45-64", "sex": "Male", "lighting": "Dark - Not Lighted", "hour": "5:00am-5:59am", "month": "October", "crash_group": "Motorist Overtaking Bicyclist", "crash_type": "Motorist Overtaking - Undetected Bicyclist or Detected - Too Late to Avoid"}}, {"type": "Feature", "geometry": {"type": "Point", "coordinates": [-89.3482, 31.3251]}, "properties": {"year": 2022, "state": "Mississippi", "age_band": "45-64", "sex": "Male", "lighting": "Daylight", "hour": "5:00pm-5:59pm", "month": "October", "crash_group": "Motorist Left Turn / Merge", "crash_type": "Motorist Left Turn- Opposite Direction"}}, {"type": "Feature", "geometry": {"type": "Point", "coordinates": [-88.8444, 30.4601]}, "properties": {"year": 2022, "state": "Mississippi", "age_band": "45-64", "sex": "Male", "lighting": "Dark - Not Lighted", "hour": "9:00pm-9:59pm", "month": "June", "crash_group": "Motorist Overtaking Bicyclist", "crash_type": "Motorist Overtaking - Undetected Bicyclist or Detected - Too Late to Avoid"}}, {"type": "Feature", "geometry": {"type": "Point", "coordinates": [-89.0794, 30.4342]}, "properties": {"year": 2022, "state": "Mississippi", "age_band": "25-44", "sex": "Male", "lighting": "Dark - Not Lighted", "hour": "7:00pm-7:59pm", "month": "November", "crash_group": "Bicyclist Failed to Yield - Midblock", "crash_type": "Bicyclist Ride Out - Midblock - Unknown"}}, {"type": "Feature", "geometry": {"type": "Point", "coordinates": [-90.1065, 31.13]}, "properties": {"year": 2022, "state": "Mississippi", "age_band": "45-64", "sex": "Male", "lighting": "Dark - Not Lighted", "hour": "8:00pm-8:59pm", "month": "December", "crash_group": "Bicyclist Failed to Yield - Midblock", "crash_type": "Bicyclist Ride Out - Midblock - Unknown"}}, {"type": "Feature", "geometry": {"type": "Point", "coordinates": [-94.48, 39.0575]}, "properties": {"year": 2022, "state": "Missouri", "age_band": "25-44", "sex": "Male", "lighting": "Dark - Lighted", "hour": "10:00pm-10:59pm", "month": "April", "crash_group": "Other / Unknown - Insufficient Details", "crash_type": "Unknown Approach Paths"}}, {"type": "Feature", "geometry": {"type": "Point", "coordinates": [-90.2942, 38.6213]}, "properties": {"year": 2022, "state": "Missouri", "age_band": "45-64", "sex": "Male", "lighting": "Daylight", "hour": "8:00am-8:59am", "month": "April", "crash_group": "Bicyclist Failed to Yield - Sign-Controlled Intersection", "crash_type": "Bicyclist Ride Out - Sign-Controlled Intersection"}}, {"type": "Feature", "geometry": {"type": "Point", "coordinates": [-92.9227, 37.3372]}, "properties": {"year": 2022, "state": "Missouri", "age_band": "65+", "sex": "Male", "lighting": "Daylight", "hour": "4:00pm-4:59pm", "month": "July", "crash_group": "Bicyclist Left Turn / Merge", "crash_type": "Bicyclist Left Turn - Same Direction"}}, {"type": "Feature", "geometry": {"type": "Point", "coordinates": [-89.5671, 37.3382]}, "properties": {"year": 2022, "state": "Missouri", "age_band": "25-44", "sex": "Male", "lighting": "Dark - Lighted", "hour": "10:00pm-10:59pm", "month": "July", "crash_group": "Motorist Left Turn / Merge", "crash_type": "Motorist Left Turn- Opposite Direction"}}, {"type": "Feature", "geometry": {"type": "Point", "coordinates": [-94.4961, 37.0549]}, "properties": {"year": 2022, "state": "Missouri", "age_band": "25-44", "sex": "Male", "lighting": "Dark - Lighted", "hour": "2:00am-2:59am", "month": "July", "crash_group": "Motorist Overtaking Bicyclist", "crash_type": "Motorist Overtaking - Undetected Bicyclist or Detected - Too Late to Avoid"}}, {"type": "Feature", "geometry": {"type": "Point", "coordinates": [-91.4192, 39.6566]}, "properties": {"year": 2022, "state": "Missouri", "age_band": "25-44", "sex": "Male", "lighting": "Dark - Not Lighted", "hour": "10:00pm-10:59pm", "month": "August", "crash_group": "Bicyclist Failed to Yield - Sign-Controlled Intersection", "crash_type": "Bicyclist Ride Through - Sign-Controlled Intersection"}}, {"type": "Feature", "geometry": {"type": "Point", "coordinates": [-93.8011, 37.0922]}, "properties": {"year": 2022, "state": "Missouri", "age_band": "45-64", "sex": "Female", "lighting": "Dark - Not Lighted", "hour": "9:00pm-9:59pm", "month": "July", "crash_group": "Bicyclist Failed to Yield - Midblock", "crash_type": "Bicyclist Ride-Out - Commercial Driveway"}}, {"type": "Feature", "geometry": {"type": "Point", "coordinates": [-94.451, 38.9152]}, "properties": {"year": 2022, "state": "Missouri", "age_band": "25-44", "sex": "Male", "lighting": "Dark - Not Lighted", "hour": "6:00am-6:59am", "month": "August", "crash_group": "Motorist Overtaking Bicyclist", "crash_type": "Motorist Overtaking - Other/ Unknown"}}, {"type": "Feature", "geometry": {"type": "Point", "coordinates": [-90.2417, 38.6056]}, "properties": {"year": 2022, "state": "Missouri", "age_band": "45-64", "sex": "Male", "lighting": "Daylight", "hour": "12:00pm-12:59pm", "month": "September", "crash_group": "Motorist Overtaking Bicyclist", "crash_type": "Motorist Overtaking - Misjudged Space"}}, {"type": "Feature", "geometry": {"type": "Point", "coordinates": [-94.6318, 39.1849]}, "properties": {"year": 2022, "state": "Missouri", "age_band": "65+", "sex": "Male", "lighting": "Daylight", "hour": "4:00pm-4:59pm", "month": "August", "crash_group": "Motorist Overtaking Bicyclist", "crash_type": "Motorist Overtaking - Bicyclist Swerved"}}, {"type": "Feature", "geometry": {"type": "Point", "coordinates": [-93.3118, 37.2261]}, "properties": {"year": 2022, "state": "Missouri", "age_band": "45-64", "sex": "Male", "lighting": "Daylight", "hour": "5:00pm-5:59pm", "month": "October", "crash_group": "Motorist Left Turn / Merge", "crash_type": "Motorist Left Turn- Opposite Direction"}}, {"type": "Feature", "geometry": {"type": "Point", "coordinates": [-111.1248, 45.6711]}, "properties": {"year": 2022, "state": "Montana", "age_band": "65+", "sex": "Male", "lighting": "Dark - Not Lighted", "hour": "5:00am-5:59am", "month": "September", "crash_group": "Bicyclist Failed to Yield - Signalized Intersection", "crash_type": "Bicyclist Failed to Clear - Trapped"}}, {"type": "Feature", "geometry": {"type": "Point", "coordinates": [-114.0036, 46.8669]}, "properties": {"year": 2022, "state": "Montana", "age_band": "65+", "sex": "Male", "lighting": "Daylight", "hour": "1:00pm-1:59pm", "month": "May", "crash_group": "Bicyclist Failed to Yield - Signalized Intersection", "crash_type": "Bicyclist Ride Through - Signalized Intersection"}}, {"type": "Feature", "geometry": {"type": "Point", "coordinates": [-111.0569, 45.6931]}, "properties": {"year": 2022, "state": "Montana", "age_band": "25-44", "sex": "Male", "lighting": "Daylight", "hour": "8:00am-8:59am", "month": "October", "crash_group": "Motorist Failed to Yield - Signalized Intersection", "crash_type": "Motorist Drive Through - Signalized Intersection"}}, {"type": "Feature", "geometry": {"type": "Point", "coordinates": [-115.2414, 36.1256]}, "properties": {"year": 2022, "state": "Nevada", "age_band": "25-44", "sex": "Male", "lighting": "Dark - Lighted", "hour": "7:00pm-7:59pm", "month": "February", "crash_group": "Loss of Control / Turning Error", "crash_type": "Bicyclist Lost Control - Other / Unknown"}}, {"type": "Feature", "geometry": {"type": "Point", "coordinates": [-115.1801, 36.2407]}, "properties": {"year": 2022, "state": "Nevada", "age_band": "25-44", "sex": "Male", "lighting": "Dark - Lighted", "hour": "6:00am-6:59am", "month": "February", "crash_group": "Motorist Overtaking Bicyclist", "crash_type": "Motorist Overtaking - Other/ Unknown"}}, {"type": "Feature", "geometry": {"type": "Point", "coordinates": [-115.0652, 36.1222]}, "properties": {"year": 2022, "state": "Nevada", "age_band": "25-44", "sex": "Male", "lighting": "Dark - Lighted", "hour": "8:00pm-8:59pm", "month": "March", "crash_group": "Motorist Failed to Yield - Signalized Intersection", "crash_type": "Motorist Drive Through - Signalized Intersection"}}, {"type": "Feature", "geometry": {"type": "Point", "coordinates": [-115.1226, 36.0967]}, "properties": {"year": 2022, "state": "Nevada", "age_band": "65+", "sex": "Male", "lighting": "Dark - Lighted", "hour": "9:00pm-9:59pm", "month": "March", "crash_group": "Parallel Paths - Other Circumstances", "crash_type": "Parallel Paths - Other / Unknown"}}, {"type": "Feature", "geometry": {"type": "Point", "coordinates": [-115.2369, 36.1592]}, "properties": {"year": 2022, "state": "Nevada", "age_band": "65+", "sex": "Male", "lighting": "Daylight", "hour": "8:00am-8:59am", "month": "May", "crash_group": "Motorist Overtaking Bicyclist", "crash_type": "Motorist Overtaking - Bicyclist Swerved"}}, {"type": "Feature", "geometry": {"type": "Point", "coordinates": [-115.0968, 36.2156]}, "properties": {"year": 2022, "state": "Nevada", "age_band": "25-44", "sex": "Male", "lighting": "Dark - Lighted", "hour": "9:00pm-9:59pm", "month": "June", "crash_group": "Loss of Control / Turning Error", "crash_type": "Motorist Lost Control - Oversteering, Improper Braking, Speed"}}, {"type": "Feature", "geometry": {"type": "Point", "coordinates": [-115.1267, 36.2873]}, "properties": {"year": 2022, "state": "Nevada", "age_band": "25-44", "sex": "Male", "lighting": "Daylight", "hour": "8:00am-8:59am", "month": "May", "crash_group": "Bicyclist Failed to Yield - Sign-Controlled Intersection", "crash_type": "Bicyclist Ride Out - Sign-Controlled Intersection"}}, {"type": "Feature", "geometry": {"type": "Point", "coordinates": [-115.0943, 36.1588]}, "properties": {"year": 2022, "state": "Nevada", "age_band": "Unknown", "sex": "Male", "lighting": "Daylight", "hour": "6:00am-6:59am", "month": "September", "crash_group": "Bicyclist Right Turn / Merge", "crash_type": "Bicyclist Right Turn - Same Direction"}}, {"type": "Feature", "geometry": {"type": "Point", "coordinates": [-114.8947, 36.3773]}, "properties": {"year": 2022, "state": "Nevada", "age_band": "25-44", "sex": "Male", "lighting": "Dark - Not Lighted", "hour": "8:00pm-8:59pm", "month": "September", "crash_group": "Motorist Overtaking Bicyclist", "crash_type": "Motorist Overtaking - Undetected Bicyclist or Detected - Too Late to Avoid"}}, {"type": "Feature", "geometry": {"type": "Point", "coordinates": [-115.1389, 36.1145]}, "properties": {"year": 2022, "state": "Nevada", "age_band": "25-44", "sex": "Female", "lighting": "Daylight", "hour": "5:00pm-5:59pm", "month": "November", "crash_group": "Loss of Control / Turning Error", "crash_type": "Motorist Lost Control - Other / Unknown"}}, {"type": "Feature", "geometry": {"type": "Point", "coordinates": [-115.1389, 36.1145]}, "properties": {"year": 2022, "state": "Nevada", "age_band": "25-44", "sex": "Male", "lighting": "Daylight", "hour": "5:00pm-5:59pm", "month": "November", "crash_group": "Loss of Control / Turning Error", "crash_type": "Motorist Lost Control - Other / Unknown"}}, {"type": "Feature", "geometry": {"type": "Point", "coordinates": [-119.773, 39.5364]}, "properties": {"year": 2022, "state": "Nevada", "age_band": "45-64", "sex": "Male", "lighting": "Dusk", "hour": "3:00pm-3:59pm", "month": "December", "crash_group": "Motorist Left Turn / Merge", "crash_type": "Motorist Left Turn- Opposite Direction"}}, {"type": "Feature", "geometry": {"type": "Point", "coordinates": [-115.0988, 36.2275]}, "properties": {"year": 2022, "state": "Nevada", "age_band": "45-64", "sex": "Male", "lighting": "Dark - Lighted", "hour": "2:00am-2:59am", "month": "July", "crash_group": "Parallel Paths - Other Circumstances", "crash_type": "Parallel Paths - Other / Unknown"}}, {"type": "Feature", "geometry": {"type": "Point", "coordinates": [-114.9479, 35.7803]}, "properties": {"year": 2022, "state": "Nevada", "age_band": "45-64", "sex": "Male", "lighting": "Daylight", "hour": "8:00am-8:59am", "month": "December", "crash_group": "Motorist Overtaking Bicyclist", "crash_type": "Motorist Overtaking - Misjudged Space"}}, {"type": "Feature", "geometry": {"type": "Point", "coordinates": [-115.9583, 36.1568]}, "properties": {"year": 2022, "state": "Nevada", "age_band": "45-64", "sex": "Male", "lighting": "Daylight", "hour": "10:00am-10:59am", "month": "March", "crash_group": "Motorist Overtaking Bicyclist", "crash_type": "Motorist Overtaking - Other/ Unknown"}}, {"type": "Feature", "geometry": {"type": "Point", "coordinates": [-72.2154, 43.361]}, "properties": {"year": 2022, "state": "New Hampshire", "age_band": "25-44", "sex": "Male", "lighting": "Daylight", "hour": "10:00am-10:59am", "month": "January", "crash_group": "Parallel Paths - Other Circumstances", "crash_type": "Parallel Paths - Other / Unknown"}}, {"type": "Feature", "geometry": {"type": "Point", "coordinates": [-71.944, 42.9739]}, "properties": {"year": 2022, "state": "New Hampshire", "age_band": "65+", "sex": "Male", "lighting": "Daylight", "hour": "10:00am-10:59am", "month": "July", "crash_group": "Bicyclist Failed to Yield - Sign-Controlled Intersection", "crash_type": "Bicyclist Ride Out - Sign-Controlled Intersection"}}, {"type": "Feature", "geometry": {"type": "Point", "coordinates": [-72.119, 43.3578]}, "properties": {"year": 2022, "state": "New Hampshire", "age_band": "45-64", "sex": "Male", "lighting": "Daylight", "hour": "12:00pm-12:59pm", "month": "July", "crash_group": "Loss of Control / Turning Error", "crash_type": "Motorist Lost Control - Other / Unknown"}}, {"type": "Feature", "geometry": {"type": "Point", "coordinates": [-74.8257, 39.0862]}, "properties": {"year": 2022, "state": "New Jersey", "age_band": "65+", "sex": "Male", "lighting": "Daylight", "hour": "2:00pm-2:59pm", "month": "March", "crash_group": "Bicyclist Failed to Yield - Sign-Controlled Intersection", "crash_type": "Bicyclist Ride Through - Sign-Controlled Intersection"}}, {"type": "Feature", "geometry": {"type": "Point", "coordinates": [-74.3911, 40.4417]}, "properties": {"year": 2022, "state": "New Jersey", "age_band": "45-64", "sex": "Male", "lighting": "Daylight", "hour": "5:00am-5:59am", "month": "May", "crash_group": "Bicyclist Left Turn / Merge", "crash_type": "Bicyclist Left Turn - Opposite Direction"}}, {"type": "Feature", "geometry": {"type": "Point", "coordinates": [-74.8638, 39.9327]}, "properties": {"year": 2022, "state": "New Jersey", "age_band": "65+", "sex": "Male", "lighting": "Daylight", "hour": "10:00am-10:59am", "month": "April", "crash_group": "Bicyclist Left Turn / Merge", "crash_type": "Bicyclist Left Turn - Same Direction"}}, {"type": "Feature", "geometry": {"type": "Point", "coordinates": [-74.5871, 39.3294]}, "properties": {"year": 2022, "state": "New Jersey", "age_band": "25-44", "sex": "Male", "lighting": "Dark - Lighted", "hour": "0:00am-0:59am", "month": "April", "crash_group": "Bicyclist Failed to Yield - Sign-Controlled Intersection", "crash_type": "Bicyclist Ride Through - Sign-Controlled Intersection"}}, {"type": "Feature", "geometry": {"type": "Point", "coordinates": [-75.1372, 39.5558]}, "properties": {"year": 2022, "state": "New Jersey", "age_band": "13-17 (teen)", "sex": "Male", "lighting": "Daylight", "hour": "5:00pm-5:59pm", "month": "April", "crash_group": "Wrong-Way / Wrong-Side", "crash_type": "Wrong-Way / Wrong-Side - Bicyclist"}}, {"type": "Feature", "geometry": {"type": "Point", "coordinates": [-74.5135, 39.3987]}, "properties": {"year": 2022, "state": "New Jersey", "age_band": "13-17 (teen)", "sex": "Male", "lighting": "Daylight", "hour": "4:00pm-4:59pm", "month": "April", "crash_group": "Bicyclist Failed to Yield - Sign-Controlled Intersection", "crash_type": "Bicyclist Ride Out - Sign-Controlled Intersection"}}, {"type": "Feature", "geometry": {"type": "Point", "coordinates": [-74.1938, 40.0624]}, "properties": {"year": 2022, "state": "New Jersey", "age_band": "45-64", "sex": "Male", "lighting": "Daylight", "hour": "2:00pm-2:59pm", "month": "April", "crash_group": "Bicyclist Left Turn / Merge", "crash_type": "Bicyclist Left Turn - Same Direction"}}, {"type": "Feature", "geometry": {"type": "Point", "coordinates": [-74.5777, 40.561]}, "properties": {"year": 2022, "state": "New Jersey", "age_band": "0-12 (child)", "sex": "Female", "lighting": "Daylight", "hour": "6:00pm-6:59pm", "month": "April", "crash_group": "Bicyclist Failed to Yield - Sign-Controlled Intersection", "crash_type": "Bicyclist Ride Out - Sign-Controlled Intersection"}}, {"type": "Feature", "geometry": {"type": "Point", "coordinates": [-74.4268, 40.6166]}, "properties": {"year": 2022, "state": "New Jersey", "age_band": "45-64", "sex": "Male", "lighting": "Daylight", "hour": "8:00am-8:59am", "month": "July", "crash_group": "Motorist Overtaking Bicyclist", "crash_type": "Motorist Overtaking - Other/ Unknown"}}, {"type": "Feature", "geometry": {"type": "Point", "coordinates": [-74.2757, 39.707]}, "properties": {"year": 2022, "state": "New Jersey", "age_band": "45-64", "sex": "Male", "lighting": "Dark - Not Lighted", "hour": "9:00pm-9:59pm", "month": "May", "crash_group": "Motorist Overtaking Bicyclist", "crash_type": "Motorist Overtaking - Undetected Bicyclist or Detected - Too Late to Avoid"}}, {"type": "Feature", "geometry": {"type": "Point", "coordinates": [-74.3006, 40.9601]}, "properties": {"year": 2022, "state": "New Jersey", "age_band": "25-44", "sex": "Female", "lighting": "Daylight", "hour": "8:00am-8:59am", "month": "June", "crash_group": "Wrong-Way / Wrong-Side", "crash_type": "Wrong-Way / Wrong-Side - Motorist"}}, {"type": "Feature", "geometry": {"type": "Point", "coordinates": [-75.1032, 39.9264]}, "properties": {"year": 2022, "state": "New Jersey", "age_band": "45-64", "sex": "Male", "lighting": "Daylight", "hour": "6:00pm-6:59pm", "month": "May", "crash_group": "Bicyclist Overtaking Motor Vehicle", "crash_type": "Bicyclist Overtaking - Passing on Right"}}, {"type": "Feature", "geometry": {"type": "Point", "coordinates": [-74.1697, 40.9147]}, "properties": {"year": 2022, "state": "New Jersey", "age_band": "45-64", "sex": "Male", "lighting": "Daylight", "hour": "1:00pm-1:59pm", "month": "August", "crash_group": "Motorist Left Turn / Merge", "crash_type": "Motorist Left Turn- Opposite Direction"}}, {"type": "Feature", "geometry": {"type": "Point", "coordinates": [-73.9685, 40.8536]}, "properties": {"year": 2022, "state": "New Jersey", "age_band": "25-44", "sex": "Male", "lighting": "Dark - Lighted", "hour": "5:00am-5:59am", "month": "October", "crash_group": "Bicyclist Failed to Yield - Signalized Intersection", "crash_type": "Bicyclist Ride Through - Signalized Intersection"}}, {"type": "Feature", "geometry": {"type": "Point", "coordinates": [-74.196, 40.0506]}, "properties": {"year": 2022, "state": "New Jersey", "age_band": "45-64", "sex": "Male", "lighting": "Daylight", "hour": "8:00pm-8:59pm", "month": "September", "crash_group": "Bicyclist Right Turn / Merge", "crash_type": "Bicyclist Right Turn - Same Direction"}}, {"type": "Feature", "geometry": {"type": "Point", "coordinates": [-74.5261, 40.2677]}, "properties": {"year": 2022, "state": "New Jersey", "age_band": "13-17 (teen)", "sex": "Male", "lighting": "Dark - Lighted", "hour": "9:00pm-9:59pm", "month": "September", "crash_group": "Motorist Left Turn / Merge", "crash_type": "Motorist Left Turn- Opposite Direction"}}, {"type": "Feature", "geometry": {"type": "Point", "coordinates": [-74.735, 41.0423]}, "properties": {"year": 2022, "state": "New Jersey", "age_band": "65+", "sex": "Male", "lighting": "Daylight", "hour": "1:00pm-1:59pm", "month": "September", "crash_group": "Bicyclist Left Turn / Merge", "crash_type": "Bicyclist Left Turn - Same Direction"}}, {"type": "Feature", "geometry": {"type": "Point", "coordinates": [-74.0494, 40.2505]}, "properties": {"year": 2022, "state": "New Jersey", "age_band": "45-64", "sex": "Female", "lighting": "Daylight", "hour": "8:00am-8:59am", "month": "December", "crash_group": "Motorist Left Turn / Merge", "crash_type": "Motorist Left Turn- Opposite Direction"}}, {"type": "Feature", "geometry": {"type": "Point", "coordinates": [-74.7414, 40.2283]}, "properties": {"year": 2022, "state": "New Jersey", "age_band": "65+", "sex": "Male", "lighting": "Dark - Lighted", "hour": "3:00am-3:59am", "month": "May", "crash_group": "Parallel Paths - Other Circumstances", "crash_type": "Parallel Paths - Other / Unknown"}}, {"type": "Feature", "geometry": {"type": "Point", "coordinates": [-106.7819, 32.3217]}, "properties": {"year": 2022, "state": "New Mexico", "age_band": "25-44", "sex": "Male", "lighting": "Dark - Lighted", "hour": "7:00pm-7:59pm", "month": "January", "crash_group": "Bicyclist Failed to Yield - Midblock", "crash_type": "Bicyclist Ride Out - Midblock - Unknown"}}, {"type": "Feature", "geometry": {"type": "Point", "coordinates": [-106.7213, 35.1703]}, "properties": {"year": 2022, "state": "New Mexico", "age_band": "45-64", "sex": "Male", "lighting": "Daylight", "hour": "8:00am-8:59am", "month": "July", "crash_group": "Parallel Paths - Other Circumstances", "crash_type": "Parallel Paths - Other / Unknown"}}, {"type": "Feature", "geometry": {"type": "Point", "coordinates": [-106.8924, 32.4556]}, "properties": {"year": 2022, "state": "New Mexico", "age_band": "25-44", "sex": "Male", "lighting": "Dark - Not Lighted", "hour": "6:00am-6:59am", "month": "August", "crash_group": "Motorist Overtaking Bicyclist", "crash_type": "Motorist Overtaking - Other/ Unknown"}}, {"type": "Feature", "geometry": {"type": "Point", "coordinates": [-105.6331, 34.9521]}, "properties": {"year": 2022, "state": "New Mexico", "age_band": "25-44", "sex": "Female", "lighting": "Daylight", "hour": "11:00am-11:59am", "month": "September", "crash_group": "Motorist Overtaking Bicyclist", "crash_type": "Motorist Overtaking - Other/ Unknown"}}, {"type": "Feature", "geometry": {"type": "Point", "coordinates": [-73.9111, 40.6731]}, "properties": {"year": 2022, "state": "New York", "age_band": "25-44", "sex": "Female", "lighting": "Daylight", "hour": "11:00am-11:59am", "month": "February", "crash_group": "Motorist Right Turn / Merge", "crash_type": "Motorist Right Turn - Same Direction"}}, {"type": "Feature", "geometry": {"type": "Point", "coordinates": [-73.8762, 40.81]}, "properties": {"year": 2022, "state": "New York", "age_band": "25-44", "sex": "Male", "lighting": "Dawn", "hour": "6:00am-6:59am", "month": "February", "crash_group": "Motorist Failed to Yield - Midblock", "crash_type": "Motorist Drive Out - Other Midblock"}}, {"type": "Feature", "geometry": {"type": "Point", "coordinates": [-73.9159, 41.4741]}, "properties": {"year": 2022, "state": "New York", "age_band": "65+", "sex": "Male", "lighting": "Daylight", "hour": "5:00pm-5:59pm", "month": "March", "crash_group": "Other / Unknown - Insufficient Details", "crash_type": "Unknown Approach Paths"}}, {"type": "Feature", "geometry": {"type": "Point", "coordinates": [-73.9942, 40.6468]}, "properties": {"year": 2022, "state": "New York", "age_band": "25-44", "sex": "Male", "lighting": "Daylight", "hour": "8:00am-8:59am", "month": "May", "crash_group": "Motorist Overtaking Bicyclist", "crash_type": "Motorist Overtaking - Undetected Bicyclist or Detected - Too Late to Avoid"}}, {"type": "Feature", "geometry": {"type": "Point", "coordinates": [-73.9956, 40.6626]}, "properties": {"year": 2022, "state": "New York", "age_band": "45-64", "sex": "Male", "lighting": "Daylight", "hour": "1:00pm-1:59pm", "month": "May", "crash_group": "Loss of Control / Turning Error", "crash_type": "Motorist Turning Error - Left turn"}}, {"type": "Feature", "geometry": {"type": "Point", "coordinates": [-73.6713, 43.3312]}, "properties": {"year": 2022, "state": "New York", "age_band": "45-64", "sex": "Male", "lighting": "Daylight", "hour": "3:00pm-3:59pm", "month": "May", "crash_group": "Bicyclist Failed to Yield - Midblock", "crash_type": "Bicyclist Ride Out - Other Midblock"}}, {"type": "Feature", "geometry": {"type": "Point", "coordinates": [-78.4268, 42.0756]}, "properties": {"year": 2022, "state": "New York", "age_band": "45-64", "sex": "Male", "lighting": "Daylight", "hour": "7:00pm-7:59pm", "month": "May", "crash_group": "Crossing Paths - Other Circumstances", "crash_type": "Crossing Paths - Uncontrolled Intersection"}}, {"type": "Feature", "geometry": {"type": "Point", "coordinates": [-77.5229, 43.129]}, "properties": {"year": 2022, "state": "New York", "age_band": "18-24", "sex": "Female", "lighting": "Dawn", "hour": "7:00am-7:59am", "month": "March", "crash_group": "Wrong-Way / Wrong-Side", "crash_type": "Wrong-Way / Wrong-Side - Bicyclist"}}, {"type": "Feature", "geometry": {"type": "Point", "coordinates": [-73.7288, 40.6819]}, "properties": {"year": 2022, "state": "New York", "age_band": "25-44", "sex": "Male", "lighting": "Daylight", "hour": "10:00am-10:59am", "month": "May", "crash_group": "Bicyclist Failed to Yield - Sign-Controlled Intersection", "crash_type": "Bicyclist Ride Through - Sign-Controlled Intersection"}}, {"type": "Feature", "geometry": {"type": "Point", "coordinates": [-73.9137, 40.8035]}, "properties": {"year": 2022, "state": "New York", "age_band": "45-64", "sex": "Male", "lighting": "Daylight", "hour": "12:00pm-12:59pm", "month": "May", "crash_group": "Loss of Control / Turning Error", "crash_type": "Bicyclist Lost Control - Other / Unknown"}}, {"type": "Feature", "geometry": {"type": "Point", "coordinates": [-78.8138, 42.9079]}, "properties": {"year": 2022, "state": "New York", "age_band": "45-64", "sex": "Male", "lighting": "Dark - Lighted", "hour": "1:00am-1:59am", "month": "May", "crash_group": "Motorist Overtaking Bicyclist", "crash_type": "Motorist Overtaking - Other/ Unknown"}}, {"type": "Feature", "geometry": {"type": "Point", "coordinates": [-73.9421, 40.6887]}, "properties": {"year": 2022, "state": "New York", "age_band": "25-44", "sex": "Female", "lighting": "Dark - Lighted", "hour": "2:00am-2:59am", "month": "June", "crash_group": "Crossing Paths - Other Circumstances", "crash_type": "Signalized Intersection - Other / Unknown"}}, {"type": "Feature", "geometry": {"type": "Point", "coordinates": [-73.9111, 40.6369]}, "properties": {"year": 2022, "state": "New York", "age_band": "45-64", "sex": "Male", "lighting": "Dark - Lighted", "hour": "10:00pm-10:59pm", "month": "June", "crash_group": "Bicyclist Failed to Yield - Signalized Intersection", "crash_type": "Bicyclist Ride Through - Signalized Intersection"}}, {"type": "Feature", "geometry": {"type": "Point", "coordinates": [-73.913, 40.8143]}, "properties": {"year": 2022, "state": "New York", "age_band": "25-44", "sex": "Male", "lighting": "Dark - Lighted", "hour": "11:00pm-11:59pm", "month": "June", "crash_group": "Bicyclist Failed to Yield - Signalized Intersection", "crash_type": "Bicyclist Ride Through - Signalized Intersection"}}, {"type": "Feature", "geometry": {"type": "Point", "coordinates": [-78.864, 42.8717]}, "properties": {"year": 2022, "state": "New York", "age_band": "25-44", "sex": "Female", "lighting": "Daylight", "hour": "9:00pm-9:59pm", "month": "June", "crash_group": "Motorist Overtaking Bicyclist", "crash_type": "Motorist Overtaking - Other/ Unknown"}}, {"type": "Feature", "geometry": {"type": "Point", "coordinates": [-78.864, 42.8717]}, "properties": {"year": 2022, "state": "New York", "age_band": "25-44", "sex": "Female", "lighting": "Daylight", "hour": "9:00pm-9:59pm", "month": "June", "crash_group": "Motorist Overtaking Bicyclist", "crash_type": "Motorist Overtaking - Other/ Unknown"}}, {"type": "Feature", "geometry": {"type": "Point", "coordinates": [-78.864, 42.8717]}, "properties": {"year": 2022, "state": "New York", "age_band": "25-44", "sex": "Female", "lighting": "Daylight", "hour": "9:00pm-9:59pm", "month": "June", "crash_group": "Motorist Overtaking Bicyclist", "crash_type": "Motorist Overtaking - Other/ Unknown"}}, {"type": "Feature", "geometry": {"type": "Point", "coordinates": [-76.0461, 44.007]}, "properties": {"year": 2022, "state": "New York", "age_band": "13-17 (teen)", "sex": "Male", "lighting": "Daylight", "hour": "3:00pm-3:59pm", "month": "June", "crash_group": "Bicyclist Failed to Yield - Sign-Controlled Intersection", "crash_type": "Bicyclist Ride Out - Sign-Controlled Intersection"}}, {"type": "Feature", "geometry": {"type": "Point", "coordinates": [-73.8732, 40.8321]}, "properties": {"year": 2022, "state": "New York", "age_band": "18-24", "sex": "Male", "lighting": "Daylight", "hour": "2:00pm-2:59pm", "month": "July", "crash_group": "Motorist Failed to Yield - Sign-Controlled Intersection", "crash_type": "Motorist Drive Through - Sign-Controlled Intersection"}}, {"type": "Feature", "geometry": {"type": "Point", "coordinates": [-72.981, 40.8738]}, "properties": {"year": 2022, "state": "New York", "age_band": "45-64", "sex": "Male", "lighting": "Dark - Lighted", "hour": "10:00pm-10:59pm", "month": "April", "crash_group": "Motorist Overtaking Bicyclist", "crash_type": "Motorist Overtaking - Other/ Unknown"}}, {"type": "Feature", "geometry": {"type": "Point", "coordinates": [-73.0317, 40.7597]}, "properties": {"year": 2022, "state": "New York", "age_band": "45-64", "sex": "Male", "lighting": "Dark - Lighted", "hour": "9:00pm-9:59pm", "month": "April", "crash_group": "Loss of Control / Turning Error", "crash_type": "Bicyclist Lost Control - Other / Unknown"}}, {"type": "Feature", "geometry": {"type": "Point", "coordinates": [-76.1282, 43.0364]}, "properties": {"year": 2022, "state": "New York", "age_band": "25-44", "sex": "Male", "lighting": "Daylight", "hour": "5:00pm-5:59pm", "month": "June", "crash_group": "Motorist Left Turn / Merge", "crash_type": "Motorist Left Turn- Opposite Direction"}}, {"type": "Feature", "geometry": {"type": "Point", "coordinates": [-72.0435, 40.9983]}, "properties": {"year": 2022, "state": "New York", "age_band": "65+", "sex": "Male", "lighting": "Daylight", "hour": "11:00am-11:59am", "month": "July", "crash_group": "Bicyclist Left Turn / Merge", "crash_type": "Bicyclist Left Turn - Same Direction"}}, {"type": "Feature", "geometry": {"type": "Point", "coordinates": [-72.2476, 40.9259]}, "properties": {"year": 2022, "state": "New York", "age_band": "0-12 (child)", "sex": "Male", "lighting": "Daylight", "hour": "5:00pm-5:59pm", "month": "July", "crash_group": "Backing Vehicle", "crash_type": "Backing Vehicle"}}, {"type": "Feature", "geometry": {"type": "Point", "coordinates": [-74.1971, 42.9778]}, "properties": {"year": 2022, "state": "New York", "age_band": "25-44", "sex": "Male", "lighting": "Daylight", "hour": "7:00pm-7:59pm", "month": "July", "crash_group": "Motorist Overtaking Bicyclist", "crash_type": "Motorist Overtaking - Misjudged Space"}}, {"type": "Feature", "geometry": {"type": "Point", "coordinates": [-78.8179, 42.8523]}, "properties": {"year": 2022, "state": "New York", "age_band": "25-44", "sex": "Male", "lighting": "Dark - Lighted", "hour": "10:00pm-10:59pm", "month": "July", "crash_group": "Motorist Overtaking Bicyclist", "crash_type": "Motorist Overtaking - Other/ Unknown"}}, {"type": "Feature", "geometry": {"type": "Point", "coordinates": [-73.959, 40.7801]}, "properties": {"year": 2022, "state": "New York", "age_band": "25-44", "sex": "Female", "lighting": "Daylight", "hour": "10:00am-10:59am", "month": "July", "crash_group": "Parallel Paths - Other Circumstances", "crash_type": "Parallel Paths - Other / Unknown"}}, {"type": "Feature", "geometry": {"type": "Point", "coordinates": [-73.8614, 40.8673]}, "properties": {"year": 2022, "state": "New York", "age_band": "25-44", "sex": "Male", "lighting": "Dark - Lighted", "hour": "10:00pm-10:59pm", "month": "July", "crash_group": "Motorist Left Turn / Merge", "crash_type": "Motorist Left Turn- Opposite Direction"}}, {"type": "Feature", "geometry": {"type": "Point", "coordinates": [-77.6282, 43.2209]}, "properties": {"year": 2022, "state": "New York", "age_band": "18-24", "sex": "Male", "lighting": "Dark - Lighted", "hour": "0:00am-0:59am", "month": "August", "crash_group": "Wrong-Way / Wrong-Side", "crash_type": "Wrong-Way / Wrong-Side - Bicyclist"}}, {"type": "Feature", "geometry": {"type": "Point", "coordinates": [-78.8366, 43.1025]}, "properties": {"year": 2022, "state": "New York", "age_band": "65+", "sex": "Male", "lighting": "Daylight", "hour": "7:00am-7:59am", "month": "August", "crash_group": "Motorist Overtaking Bicyclist", "crash_type": "Motorist Overtaking - Bicyclist Swerved"}}, {"type": "Feature", "geometry": {"type": "Point", "coordinates": [-73.8908, 40.6587]}, "properties": {"year": 2022, "state": "New York", "age_band": "25-44", "sex": "Male", "lighting": "Daylight", "hour": "4:00pm-4:59pm", "month": "August", "crash_group": "Motorist Right Turn / Merge", "crash_type": "Motorist Right Turn - Same Direction"}}, {"type": "Feature", "geometry": {"type": "Point", "coordinates": [-73.7038, 43.3961]}, "properties": {"year": 2022, "state": "New York", "age_band": "0-12 (child)", "sex": "Male", "lighting": "Daylight", "hour": "3:00pm-3:59pm", "month": "June", "crash_group": "Loss of Control / Turning Error", "crash_type": "Motorist Lost Control - Oversteering, Improper Braking, Speed"}}, {"type": "Feature", "geometry": {"type": "Point", "coordinates": [-78.7434, 42.1617]}, "properties": {"year": 2022, "state": "New York", "age_band": "25-44", "sex": "Female", "lighting": "Daylight", "hour": "12:00pm-12:59pm", "month": "September", "crash_group": "Bicyclist Left Turn / Merge", "crash_type": "Bicyclist Left Turn - Same Direction"}}, {"type": "Feature", "geometry": {"type": "Point", "coordinates": [-74.1919, 42.9555]}, "properties": {"year": 2022, "state": "New York", "age_band": "45-64", "sex": "Male", "lighting": "Daylight", "hour": "4:00pm-4:59pm", "month": "September", "crash_group": "Bicyclist Failed to Yield - Sign-Controlled Intersection", "crash_type": "Bicyclist Ride Out - Sign-Controlled Intersection"}}, {"type": "Feature", "geometry": {"type": "Point", "coordinates": [-79.0315, 43.1672]}, "properties": {"year": 2022, "state": "New York", "age_band": "45-64", "sex": "Male", "lighting": "Dark - Not Lighted", "hour": "1:00am-1:59am", "month": "September", "crash_group": "Motorist Overtaking Bicyclist", "crash_type": "Motorist Overtaking - Other/ Unknown"}}, {"type": "Feature", "geometry": {"type": "Point", "coordinates": [-73.6619, 40.7801]}, "properties": {"year": 2022, "state": "New York", "age_band": "45-64", "sex": "Male", "lighting": "Daylight", "hour": "9:00am-9:59am", "month": "September", "crash_group": "Motorist Right Turn / Merge", "crash_type": "Motorist Right Turn - Same Direction"}}, {"type": "Feature", "geometry": {"type": "Point", "coordinates": [-73.892, 40.8594]}, "properties": {"year": 2022, "state": "New York", "age_band": "65+", "sex": "Female", "lighting": "Daylight", "hour": "11:00am-11:59am", "month": "September", "crash_group": "Motorist Right Turn / Merge", "crash_type": "Motorist right Turn - Opposite Direction"}}, {"type": "Feature", "geometry": {"type": "Point", "coordinates": [-76.0167, 43.8332]}, "properties": {"year": 2022, "state": "New York", "age_band": "25-44", "sex": "Female", "lighting": "Daylight", "hour": "2:00pm-2:59pm", "month": "September", "crash_group": "Wrong-Way / Wrong-Side", "crash_type": "Wrong-Way / Wrong-Side - Bicyclist"}}, {"type": "Feature", "geometry": {"type": "Point", "coordinates": [-73.9665, 40.6531]}, "properties": {"year": 2022, "state": "New York", "age_band": "25-44", "sex": "Female", "lighting": "Daylight", "hour": "7:00am-7:59am", "month": "October", "crash_group": "Bicyclist Overtaking Motor Vehicle", "crash_type": "Bicyclist Overtaking - Parked Vehicle"}}, {"type": "Feature", "geometry": {"type": "Point", "coordinates": [-73.6783, 42.557]}, "properties": {"year": 2022, "state": "New York", "age_band": "45-64", "sex": "Male", "lighting": "Dark - Not Lighted", "hour": "7:00pm-7:59pm", "month": "October", "crash_group": "Other / Unknown - Insufficient Details", "crash_type": "Unknown Approach Paths"}}, {"type": "Feature", "geometry": {"type": "Point", "coordinates": [-73.3922, 40.6945]}, "properties": {"year": 2022, "state": "New York", "age_band": "45-64", "sex": "Male", "lighting": "Daylight", "hour": "3:00pm-3:59pm", "month": "June", "crash_group": "Bicyclist Failed to Yield - Signalized Intersection", "crash_type": "Bicyclist Ride Through - Signalized Intersection"}}, {"type": "Feature", "geometry": {"type": "Point", "coordinates": [-74.0013, 40.636]}, "properties": {"year": 2022, "state": "New York", "age_band": "18-24", "sex": "Male", "lighting": "Dark - Lighted", "hour": "4:00am-4:59am", "month": "November", "crash_group": "Bicyclist Failed to Yield - Signalized Intersection", "crash_type": "Bicyclist Ride Through - Signalized Intersection"}}, {"type": "Feature", "geometry": {"type": "Point", "coordinates": [-77.5955, 43.1818]}, "properties": {"year": 2022, "state": "New York", "age_band": "45-64", "sex": "Male", "lighting": "Dark - Lighted", "hour": "7:00pm-7:59pm", "month": "October", "crash_group": "Bicyclist Failed to Yield - Midblock", "crash_type": "Bicyclist Ride Out - Residential Driveway"}}, {"type": "Feature", "geometry": {"type": "Point", "coordinates": [-73.8109, 40.6918]}, "properties": {"year": 2022, "state": "New York", "age_band": "25-44", "sex": "Female", "lighting": "Daylight", "hour": "11:00am-11:59am", "month": "November", "crash_group": "Motorist Left Turn / Merge", "crash_type": "Motorist Left Turn- Same Direction"}}, {"type": "Feature", "geometry": {"type": "Point", "coordinates": [-73.9969, 40.7455]}, "properties": {"year": 2022, "state": "New York", "age_band": "25-44", "sex": "Male", "lighting": "Dark - Lighted", "hour": "1:00am-1:59am", "month": "December", "crash_group": "Motorist Overtaking Bicyclist", "crash_type": "Motorist Overtaking - Other/ Unknown"}}, {"type": "Feature", "geometry": {"type": "Point", "coordinates": [-76.5186, 42.4357]}, "properties": {"year": 2022, "state": "New York", "age_band": "45-64", "sex": "Male", "lighting": "Dark - Lighted", "hour": "10:00pm-10:59pm", "month": "November", "crash_group": "Crossing Paths - Other Circumstances", "crash_type": "Crossing Paths - Midblock - Other / Unknown"}}, {"type": "Feature", "geometry": {"type": "Point", "coordinates": [-73.946, 40.6445]}, "properties": {"year": 2022, "state": "New York", "age_band": "45-64", "sex": "Female", "lighting": "Dark - Lighted", "hour": "11:00pm-11:59pm", "month": "September", "crash_group": "Motorist Failed to Yield - Signalized Intersection", "crash_type": "Motorist Drive Through - Signalized Intersection"}}, {"type": "Feature", "geometry": {"type": "Point", "coordinates": [-73.8036, 43.0773]}, "properties": {"year": 2022, "state": "New York", "age_band": "45-64", "sex": "Male", "lighting": "Dark - Lighted", "hour": "6:00pm-6:59pm", "month": "December", "crash_group": "Bicyclist Failed to Yield - Midblock", "crash_type": "Bicyclist Ride-Out - Commercial Driveway"}}, {"type": "Feature", "geometry": {"type": "Point", "coordinates": [-73.2633, 40.7756]}, "properties": {"year": 2022, "state": "New York", "age_band": "45-64", "sex": "Male", "lighting": "Daylight", "hour": "5:00pm-5:59pm", "month": "July", "crash_group": "Bicyclist Failed to Yield - Sign-Controlled Intersection", "crash_type": "Bicyclist Ride Out - Sign-Controlled Intersection"}}, {"type": "Feature", "geometry": {"type": "Point", "coordinates": [-73.398, 40.6867]}, "properties": {"year": 2022, "state": "New York", "age_band": "13-17 (teen)", "sex": "Male", "lighting": "Dark - Lighted", "hour": "9:00pm-9:59pm", "month": "October", "crash_group": "Crossing Paths - Other Circumstances", "crash_type": "Crossing Paths - Intersection - Other / Unknown Control"}}, {"type": "Feature", "geometry": {"type": "Point", "coordinates": [-73.4269, 40.7021]}, "properties": {"year": 2022, "state": "New York", "age_band": "45-64", "sex": "Male", "lighting": "Dark - Lighted", "hour": "11:00pm-11:59pm", "month": "December", "crash_group": "Crossing Paths - Other Circumstances", "crash_type": "Crossing Paths - Intersection - Other / Unknown Control"}}, {"type": "Feature", "geometry": {"type": "Point", "coordinates": [-73.7321, 40.7758]}, "properties": {"year": 2022, "state": "New York", "age_band": "25-44", "sex": "Male", "lighting": "Daylight", "hour": "8:00am-8:59am", "month": "November", "crash_group": "Motorist Right Turn / Merge", "crash_type": "Motorist Right Turn - Same Direction"}}, {"type": "Feature", "geometry": {"type": "Point", "coordinates": [-73.923, 40.684]}, "properties": {"year": 2022, "state": "New York", "age_band": "25-44", "sex": "Male", "lighting": "Daylight", "hour": "7:00pm-7:59pm", "month": "June", "crash_group": "Wrong-Way / Wrong-Side", "crash_type": "Wrong-Way / Wrong-Side - Motorist"}}, {"type": "Feature", "geometry": {"type": "Point", "coordinates": [-74.0008, 41.9272]}, "properties": {"year": 2022, "state": "New York", "age_band": "65+", "sex": "Female", "lighting": "Daylight", "hour": "3:00pm-3:59pm", "month": "December", "crash_group": "Bicyclist Failed to Yield - Midblock", "crash_type": "Bicyclist Ride-Out - Commercial Driveway"}}, {"type": "Feature", "geometry": {"type": "Point", "coordinates": [-80.5874, 35.9208]}, "properties": {"year": 2022, "state": "North Carolina", "age_band": "25-44", "sex": "Male", "lighting": "Dark - Lighted", "hour": "8:00pm-8:59pm", "month": "January", "crash_group": "Motorist Overtaking Bicyclist", "crash_type": "Motorist Overtaking - Other/ Unknown"}}, {"type": "Feature", "geometry": {"type": "Point", "coordinates": [-75.6739, 36.0355]}, "properties": {"year": 2022, "state": "North Carolina", "age_band": "45-64", "sex": "Male", "lighting": "Dark - Lighted", "hour": "7:00pm-7:59pm", "month": "March", "crash_group": "Bicyclist Failed to Yield - Midblock", "crash_type": "Bicyclist Ride-Out - Driveway, Unknown Type"}}, {"type": "Feature", "geometry": {"type": "Point", "coordinates": [-82.8094, 35.1101]}, "properties": {"year": 2022, "state": "North Carolina", "age_band": "65+", "sex": "Male", "lighting": "Daylight", "hour": "1:00pm-1:59pm", "month": "March", "crash_group": "Motorist Overtaking Bicyclist", "crash_type": "Motorist Overtaking - Misjudged Space"}}, {"type": "Feature", "geometry": {"type": "Point", "coordinates": [-75.6959, 36.07]}, "properties": {"year": 2022, "state": "North Carolina", "age_band": "65+", "sex": "Female", "lighting": "Daylight", "hour": "12:00pm-12:59pm", "month": "May", "crash_group": "Bicyclist Left Turn / Merge", "crash_type": "Bicyclist Left Turn - Opposite Direction"}}, {"type": "Feature", "geometry": {"type": "Point", "coordinates": [-80.7014, 34.9062]}, "properties": {"year": 2022, "state": "North Carolina", "age_band": "45-64", "sex": "Male", "lighting": "Daylight", "hour": "6:00am-6:59am", "month": "May", "crash_group": "Motorist Overtaking Bicyclist", "crash_type": "Motorist Overtaking - Other/ Unknown"}}, {"type": "Feature", "geometry": {"type": "Point", "coordinates": [-77.8366, 35.9628]}, "properties": {"year": 2022, "state": "North Carolina", "age_band": "45-64", "sex": "Male", "lighting": "Daylight", "hour": "4:00pm-4:59pm", "month": "June", "crash_group": "Loss of Control / Turning Error", "crash_type": "Motorist Turning Error - Right turn"}}, {"type": "Feature", "geometry": {"type": "Point", "coordinates": [-78.9213, 36.0254]}, "properties": {"year": 2022, "state": "North Carolina", "age_band": "25-44", "sex": "Male", "lighting": "Daylight", "hour": "11:00am-11:59am", "month": "July", "crash_group": "Crossing Paths - Other Circumstances", "crash_type": "Crossing Paths - Midblock - Other / Unknown"}}, {"type": "Feature", "geometry": {"type": "Point", "coordinates": [-78.7733, 34.7274]}, "properties": {"year": 2022, "state": "North Carolina", "age_band": "45-64", "sex": "Male", "lighting": "Dark - Not Lighted", "hour": "10:00pm-10:59pm", "month": "August", "crash_group": "Motorist Overtaking Bicyclist", "crash_type": "Motorist Overtaking - Undetected Bicyclist or Detected - Too Late to Avoid"}}, {"type": "Feature", "geometry": {"type": "Point", "coordinates": [-78.7761, 35.2153]}, "properties": {"year": 2022, "state": "North Carolina", "age_band": "25-44", "sex": "Male", "lighting": "Daylight", "hour": "4:00pm-4:59pm", "month": "June", "crash_group": "Wrong-Way / Wrong-Side", "crash_type": "Wrong-Way / Wrong-Side - Bicyclist"}}, {"type": "Feature", "geometry": {"type": "Point", "coordinates": [-78.6297, 36.0644]}, "properties": {"year": 2022, "state": "North Carolina", "age_band": "45-64", "sex": "Male", "lighting": "Daylight", "hour": "12:00pm-12:59pm", "month": "April", "crash_group": "Motorist Overtaking Bicyclist", "crash_type": "Motorist Overtaking - Other/ Unknown"}}, {"type": "Feature", "geometry": {"type": "Point", "coordinates": [-78.4083, 35.4523]}, "properties": {"year": 2022, "state": "North Carolina", "age_band": "65+", "sex": "Male", "lighting": "Dark - Unknown Lighting", "hour": "10:00pm-10:59pm", "month": "September", "crash_group": "Motorist Overtaking Bicyclist", "crash_type": "Motorist Overtaking - Other/ Unknown"}}, {"type": "Feature", "geometry": {"type": "Point", "coordinates": [-77.4009, 34.5648]}, "properties": {"year": 2022, "state": "North Carolina", "age_band": "25-44", "sex": "Female", "lighting": "Dawn", "hour": "6:00am-6:59am", "month": "September", "crash_group": "Bicyclist Left Turn / Merge", "crash_type": "Bicyclist Left Turn - Same Direction"}}, {"type": "Feature", "geometry": {"type": "Point", "coordinates": [-77.9756, 35.3843]}, "properties": {"year": 2022, "state": "North Carolina", "age_band": "45-64", "sex": "Male", "lighting": "Daylight", "hour": "3:00pm-3:59pm", "month": "October", "crash_group": "Motorist Overtaking Bicyclist", "crash_type": "Motorist Overtaking - Bicyclist Swerved"}}, {"type": "Feature", "geometry": {"type": "Point", "coordinates": [-75.6779, 36.042]}, "properties": {"year": 2022, "state": "North Carolina", "age_band": "25-44", "sex": "Male", "lighting": "Dark - Lighted", "hour": "10:00pm-10:59pm", "month": "October", "crash_group": "Bicyclist Failed to Yield - Sign-Controlled Intersection", "crash_type": "Bicyclist Ride Out - Sign-Controlled Intersection"}}, {"type": "Feature", "geometry": {"type": "Point", "coordinates": [-80.5712, 35.5698]}, "properties": {"year": 2022, "state": "North Carolina", "age_band": "45-64", "sex": "Male", "lighting": "Dark - Not Lighted", "hour": "6:00am-6:59am", "month": "October", "crash_group": "Motorist Overtaking Bicyclist", "crash_type": "Motorist Overtaking - Undetected Bicyclist or Detected - Too Late to Avoid"}}, {"type": "Feature", "geometry": {"type": "Point", "coordinates": [-78.3169, 35.8726]}, "properties": {"year": 2022, "state": "North Carolina", "age_band": "18-24", "sex": "Male", "lighting": "Dark - Not Lighted", "hour": "7:00pm-7:59pm", "month": "October", "crash_group": "Motorist Overtaking Bicyclist", "crash_type": "Motorist Overtaking - Undetected Bicyclist or Detected - Too Late to Avoid"}}, {"type": "Feature", "geometry": {"type": "Point", "coordinates": [-79.6292, 35.2822]}, "properties": {"year": 2022, "state": "North Carolina", "age_band": "65+", "sex": "Male", "lighting": "Dark - Not Lighted", "hour": "6:00pm-6:59pm", "month": "November", "crash_group": "Motorist Overtaking Bicyclist", "crash_type": "Motorist Overtaking - Undetected Bicyclist or Detected - Too Late to Avoid"}}, {"type": "Feature", "geometry": {"type": "Point", "coordinates": [-77.1299, 35.2005]}, "properties": {"year": 2022, "state": "North Carolina", "age_band": "13-17 (teen)", "sex": "Male", "lighting": "Dark - Not Lighted", "hour": "9:00pm-9:59pm", "month": "December", "crash_group": "Motorist Overtaking Bicyclist", "crash_type": "Motorist Overtaking - Undetected Bicyclist or Detected - Too Late to Avoid"}}, {"type": "Feature", "geometry": {"type": "Point", "coordinates": [-78.7836, 35.9761]}, "properties": {"year": 2022, "state": "North Carolina", "age_band": "45-64", "sex": "Female", "lighting": "Daylight", "hour": "11:00am-11:59am", "month": "December", "crash_group": "Loss of Control / Turning Error", "crash_type": "Motorist Lost Control - Other / Unknown"}}, {"type": "Feature", "geometry": {"type": "Point", "coordinates": [-78.3745, 35.8051]}, "properties": {"year": 2022, "state": "North Carolina", "age_band": "25-44", "sex": "Male", "lighting": "Dark - Not Lighted", "hour": "7:00pm-7:59pm", "month": "December", "crash_group": "Motorist Overtaking Bicyclist", "crash_type": "Motorist Overtaking - Undetected Bicyclist or Detected - Too Late to Avoid"}}, {"type": "Feature", "geometry": {"type": "Point", "coordinates": [-82.583, 35.5886]}, "properties": {"year": 2022, "state": "North Carolina", "age_band": "45-64", "sex": "Male", "lighting": "Dark - Lighted", "hour": "10:00pm-10:59pm", "month": "November", "crash_group": "Motorist Overtaking Bicyclist", "crash_type": "Motorist Overtaking - Undetected Bicyclist or Detected - Too Late to Avoid"}}, {"type": "Feature", "geometry": {"type": "Point", "coordinates": [-98.6791, 47.0577]}, "properties": {"year": 2022, "state": "North Dakota", "age_band": "18-24", "sex": "Male", "lighting": "Daylight", "hour": "12:00pm-12:59pm", "month": "June", "crash_group": "Parallel Paths - Other Circumstances", "crash_type": "Parallel Paths - Other / Unknown"}}, {"type": "Feature", "geometry": {"type": "Point", "coordinates": [-81.4421, 41.0352]}, "properties": {"year": 2022, "state": "Ohio", "age_band": "45-64", "sex": "Male", "lighting": "Dark - Lighted", "hour": "8:00pm-8:59pm", "month": "March", "crash_group": "Crossing Paths - Other Circumstances", "crash_type": "Signalized Intersection - Other / Unknown"}}, {"type": "Feature", "geometry": {"type": "Point", "coordinates": [-84.3651, 39.5842]}, "properties": {"year": 2022, "state": "Ohio", "age_band": "65+", "sex": "Male", "lighting": "Daylight", "hour": "6:00pm-6:59pm", "month": "June", "crash_group": "Motorist Overtaking Bicyclist", "crash_type": "Motorist Overtaking - Other/ Unknown"}}, {"type": "Feature", "geometry": {"type": "Point", "coordinates": [-81.6513, 41.4719]}, "properties": {"year": 2022, "state": "Ohio", "age_band": "0-12 (child)", "sex": "Female", "lighting": "Dark - Lighted", "hour": "10:00pm-10:59pm", "month": "July", "crash_group": "Wrong-Way / Wrong-Side", "crash_type": "Wrong-Way / Wrong-Side - Unknown"}}, {"type": "Feature", "geometry": {"type": "Point", "coordinates": [-81.6513, 41.4719]}, "properties": {"year": 2022, "state": "Ohio", "age_band": "25-44", "sex": "Male", "lighting": "Dark - Lighted", "hour": "10:00pm-10:59pm", "month": "July", "crash_group": "Wrong-Way / Wrong-Side", "crash_type": "Wrong-Way / Wrong-Side - Unknown"}}, {"type": "Feature", "geometry": {"type": "Point", "coordinates": [-81.6513, 41.4719]}, "properties": {"year": 2022, "state": "Ohio", "age_band": "0-12 (child)", "sex": "Female", "lighting": "Dark - Lighted", "hour": "10:00pm-10:59pm", "month": "July", "crash_group": "Wrong-Way / Wrong-Side", "crash_type": "Wrong-Way / Wrong-Side - Unknown"}}, {"type": "Feature", "geometry": {"type": "Point", "coordinates": [-84.3508, 39.4989]}, "properties": {"year": 2022, "state": "Ohio", "age_band": "45-64", "sex": "Male", "lighting": "Dusk", "hour": "9:00pm-9:59pm", "month": "August", "crash_group": "Motorist Left Turn / Merge", "crash_type": "Motorist Left Turn- Opposite Direction"}}, {"type": "Feature", "geometry": {"type": "Point", "coordinates": [-82.9583, 41.5048]}, "properties": {"year": 2022, "state": "Ohio", "age_band": "65+", "sex": "Male", "lighting": "Daylight", "hour": "7:00am-7:59am", "month": "August", "crash_group": "Bicyclist Left Turn / Merge", "crash_type": "Bicyclist Left Turn - Same Direction"}}, {"type": "Feature", "geometry": {"type": "Point", "coordinates": [-82.9153, 39.9421]}, "properties": {"year": 2022, "state": "Ohio", "age_band": "45-64", "sex": "Male", "lighting": "Dark - Lighted", "hour": "11:00pm-11:59pm", "month": "September", "crash_group": "Bicyclist Failed to Yield - Midblock", "crash_type": "Bicyclist Ride Out - Other Midblock"}}, {"type": "Feature", "geometry": {"type": "Point", "coordinates": [-81.7486, 40.5463]}, "properties": {"year": 2022, "state": "Ohio", "age_band": "13-17 (teen)", "sex": "Male", "lighting": "Daylight", "hour": "8:00am-8:59am", "month": "November", "crash_group": "Other / Unknown - Insufficient Details", "crash_type": "Unknown Approach Paths"}}, {"type": "Feature", "geometry": {"type": "Point", "coordinates": [-81.6978, 40.4501]}, "properties": {"year": 2022, "state": "Ohio", "age_band": "65+", "sex": "Male", "lighting": "Daylight", "hour": "11:00am-11:59am", "month": "December", "crash_group": "Parallel Paths - Other Circumstances", "crash_type": "Parallel Paths - Other / Unknown"}}, {"type": "Feature", "geometry": {"type": "Point", "coordinates": [-97.5194, 35.3197]}, "properties": {"year": 2022, "state": "Oklahoma", "age_band": "65+", "sex": "Female", "lighting": "Daylight", "hour": "4:00pm-4:59pm", "month": "March", "crash_group": "Bicyclist Failed to Yield - Signalized Intersection", "crash_type": "Bicyclist Ride Through - Signalized Intersection"}}, {"type": "Feature", "geometry": {"type": "Point", "coordinates": [-94.7741, 33.8375]}, "properties": {"year": 2022, "state": "Oklahoma", "age_band": "25-44", "sex": "Female", "lighting": "Dark - Not Lighted", "hour": "9:00pm-9:59pm", "month": "May", "crash_group": "Bicyclist Failed to Yield - Sign-Controlled Intersection", "crash_type": "Bicyclist Ride Out - Sign-Controlled Intersection"}}, {"type": "Feature", "geometry": {"type": "Point", "coordinates": [-95.8989, 36.1552]}, "properties": {"year": 2022, "state": "Oklahoma", "age_band": "45-64", "sex": "Male", "lighting": "Daylight", "hour": "10:00am-10:59am", "month": "May", "crash_group": "Bicyclist Left Turn / Merge", "crash_type": "Bicyclist Left Turn - Same Direction"}}, {"type": "Feature", "geometry": {"type": "Point", "coordinates": [-97.4226, 35.9549]}, "properties": {"year": 2022, "state": "Oklahoma", "age_band": "45-64", "sex": "Male", "lighting": "Daylight", "hour": "1:00pm-1:59pm", "month": "May", "crash_group": "Motorist Overtaking Bicyclist", "crash_type": "Motorist Overtaking - Undetected Bicyclist or Detected - Too Late to Avoid"}}, {"type": "Feature", "geometry": {"type": "Point", "coordinates": [-97.5214, 35.3989]}, "properties": {"year": 2022, "state": "Oklahoma", "age_band": "45-64", "sex": "Male", "lighting": "Dark - Not Lighted", "hour": "5:00am-5:59am", "month": "June", "crash_group": "Motorist Overtaking Bicyclist", "crash_type": "Motorist Overtaking - Undetected Bicyclist or Detected - Too Late to Avoid"}}, {"type": "Feature", "geometry": {"type": "Point", "coordinates": [-97.5214, 35.3989]}, "properties": {"year": 2022, "state": "Oklahoma", "age_band": "25-44", "sex": "Female", "lighting": "Dark - Not Lighted", "hour": "5:00am-5:59am", "month": "June", "crash_group": "Motorist Overtaking Bicyclist", "crash_type": "Motorist Overtaking - Undetected Bicyclist or Detected - Too Late to Avoid"}}, {"type": "Feature", "geometry": {"type": "Point", "coordinates": [-98.283, 34.841]}, "properties": {"year": 2022, "state": "Oklahoma", "age_band": "45-64", "sex": "Male", "lighting": "Dark - Not Lighted", "hour": "2:00am-2:59am", "month": "July", "crash_group": "Motorist Overtaking Bicyclist", "crash_type": "Motorist Overtaking - Other/ Unknown"}}, {"type": "Feature", "geometry": {"type": "Point", "coordinates": [-97.6188, 35.4438]}, "properties": {"year": 2022, "state": "Oklahoma", "age_band": "25-44", "sex": "Male", "lighting": "Dark - Not Lighted", "hour": "5:00am-5:59am", "month": "August", "crash_group": "Motorist Overtaking Bicyclist", "crash_type": "Motorist Overtaking - Undetected Bicyclist or Detected - Too Late to Avoid"}}, {"type": "Feature", "geometry": {"type": "Point", "coordinates": [-95.9759, 36.1844]}, "properties": {"year": 2022, "state": "Oklahoma", "age_band": "25-44", "sex": "Male", "lighting": "Daylight", "hour": "2:00pm-2:59pm", "month": "August", "crash_group": "Bicyclist Failed to Yield - Signalized Intersection", "crash_type": "Bicyclist Ride Out - Signalized Intersection"}}, {"type": "Feature", "geometry": {"type": "Point", "coordinates": [-97.4925, 35.4979]}, "properties": {"year": 2022, "state": "Oklahoma", "age_band": "45-64", "sex": "Male", "lighting": "Daylight", "hour": "5:00pm-5:59pm", "month": "August", "crash_group": "Motorist Left Turn / Merge", "crash_type": "Motorist Left Turn- Opposite Direction"}}, {"type": "Feature", "geometry": {"type": "Point", "coordinates": [-97.2938, 35.1896]}, "properties": {"year": 2022, "state": "Oklahoma", "age_band": "13-17 (teen)", "sex": "Male", "lighting": "Daylight", "hour": "7:00pm-7:59pm", "month": "July", "crash_group": "Other / Unusual Circumstances", "crash_type": "Unusual Circumstances"}}, {"type": "Feature", "geometry": {"type": "Point", "coordinates": [-96.9677, 34.6513]}, "properties": {"year": 2022, "state": "Oklahoma", "age_band": "18-24", "sex": "Male", "lighting": "Dark - Not Lighted", "hour": "7:00pm-7:59pm", "month": "October", "crash_group": "Motorist Overtaking Bicyclist", "crash_type": "Motorist Overtaking - Undetected Bicyclist or Detected - Too Late to Avoid"}}, {"type": "Feature", "geometry": {"type": "Point", "coordinates": [-97.5983, 35.4641]}, "properties": {"year": 2022, "state": "Oklahoma", "age_band": "25-44", "sex": "Female", "lighting": "Dark - Not Lighted", "hour": "6:00pm-6:59pm", "month": "November", "crash_group": "Motorist Overtaking Bicyclist", "crash_type": "Motorist Overtaking - Undetected Bicyclist or Detected - Too Late to Avoid"}}, {"type": "Feature", "geometry": {"type": "Point", "coordinates": [-95.4267, 35.7549]}, "properties": {"year": 2022, "state": "Oklahoma", "age_band": "25-44", "sex": "Male", "lighting": "Dark - Not Lighted", "hour": "5:00am-5:59am", "month": "August", "crash_group": "Bicyclist Failed to Yield - Midblock", "crash_type": "Bicyclist Ride-Out - Driveway, Unknown Type"}}, {"type": "Feature", "geometry": {"type": "Point", "coordinates": [-94.5664, 36.1763]}, "properties": {"year": 2022, "state": "Oklahoma", "age_band": "45-64", "sex": "Male", "lighting": "Dark - Lighted", "hour": "6:00pm-6:59pm", "month": "February", "crash_group": "Bicyclist Failed to Yield - Signalized Intersection", "crash_type": "Bicyclist Ride Through - Signalized Intersection"}}, {"type": "Feature", "geometry": {"type": "Point", "coordinates": [-98.9785, 35.5205]}, "properties": {"year": 2022, "state": "Oklahoma", "age_band": "25-44", "sex": "Male", "lighting": "Daylight", "hour": "3:00pm-3:59pm", "month": "March", "crash_group": "Bicyclist Failed to Yield - Sign-Controlled Intersection", "crash_type": "Bicyclist Ride Through - Sign-Controlled Intersection"}}, {"type": "Feature", "geometry": {"type": "Point", "coordinates": [-122.9631, 45.4597]}, "properties": {"year": 2022, "state": "Oregon", "age_band": "25-44", "sex": "Female", "lighting": "Dawn", "hour": "7:00am-7:59am", "month": "March", "crash_group": "Motorist Overtaking Bicyclist", "crash_type": "Motorist Overtaking - Bicyclist Swerved"}}, {"type": "Feature", "geometry": {"type": "Point", "coordinates": [-121.7909, 42.2263]}, "properties": {"year": 2022, "state": "Oregon", "age_band": "0-12 (child)", "sex": "Female", "lighting": "Daylight", "hour": "4:00pm-4:59pm", "month": "May", "crash_group": "Bicyclist Failed to Yield - Sign-Controlled Intersection", "crash_type": "Bicyclist Ride Through - Sign-Controlled Intersection"}}, {"type": "Feature", "geometry": {"type": "Point", "coordinates": [-122.558, 45.5262]}, "properties": {"year": 2022, "state": "Oregon", "age_band": "65+", "sex": "Male", "lighting": "Daylight", "hour": "1:00pm-1:59pm", "month": "June", "crash_group": "Motorist Right Turn / Merge", "crash_type": "Motorist Right Turn - Same Direction"}}, {"type": "Feature", "geometry": {"type": "Point", "coordinates": [-122.7053, 45.5902]}, "properties": {"year": 2022, "state": "Oregon", "age_band": "65+", "sex": "Male", "lighting": "Dark - Lighted", "hour": "10:00pm-10:59pm", "month": "July", "crash_group": "Bicyclist Left Turn / Merge", "crash_type": "Bicyclist Left Turn - Same Direction"}}, {"type": "Feature", "geometry": {"type": "Point", "coordinates": [-123.2081, 44.0703]}, "properties": {"year": 2022, "state": "Oregon", "age_band": "18-24", "sex": "Male", "lighting": "Dark - Not Lighted", "hour": "10:00pm-10:59pm", "month": "July", "crash_group": "Other / Unknown - Insufficient Details", "crash_type": "Unknown Approach Paths"}}, {"type": "Feature", "geometry": {"type": "Point", "coordinates": [-122.4479, 45.5334]}, "properties": {"year": 2022, "state": "Oregon", "age_band": "25-44", "sex": "Male", "lighting": "Dark - Lighted", "hour": "2:00am-2:59am", "month": "July", "crash_group": "Motorist Overtaking Bicyclist", "crash_type": "Motorist Overtaking - Other/ Unknown"}}, {"type": "Feature", "geometry": {"type": "Point", "coordinates": [-123.1407, 44.6164]}, "properties": {"year": 2022, "state": "Oregon", "age_band": "45-64", "sex": "Female", "lighting": "Daylight", "hour": "8:00am-8:59am", "month": "August", "crash_group": "Other / Unknown - Insufficient Details", "crash_type": "Unknown Approach Paths"}}, {"type": "Feature", "geometry": {"type": "Point", "coordinates": [-123.9544, 46.2025]}, "properties": {"year": 2022, "state": "Oregon", "age_band": "25-44", "sex": "Male", "lighting": "Daylight", "hour": "5:00pm-5:59pm", "month": "August", "crash_group": "Other / Unknown - Insufficient Details", "crash_type": "Unknown Approach Paths"}}, {"type": "Feature", "geometry": {"type": "Point", "coordinates": [-123.9544, 46.2025]}, "properties": {"year": 2022, "state": "Oregon", "age_band": "0-12 (child)", "sex": "Male", "lighting": "Daylight", "hour": "5:00pm-5:59pm", "month": "August", "crash_group": "Other / Unknown - Insufficient Details", "crash_type": "Unknown Approach Paths"}}, {"type": "Feature", "geometry": {"type": "Point", "coordinates": [-124.1115, 43.7326]}, "properties": {"year": 2022, "state": "Oregon", "age_band": "25-44", "sex": "Female", "lighting": "Daylight", "hour": "2:00pm-2:59pm", "month": "September", "crash_group": "Motorist Overtaking Bicyclist", "crash_type": "Motorist Overtaking - Other/ Unknown"}}, {"type": "Feature", "geometry": {"type": "Point", "coordinates": [-122.6396, 45.4978]}, "properties": {"year": 2022, "state": "Oregon", "age_band": "45-64", "sex": "Female", "lighting": "Daylight", "hour": "11:00am-11:59am", "month": "October", "crash_group": "Loss of Control / Turning Error", "crash_type": "Motorist Turning Error - Right turn"}}, {"type": "Feature", "geometry": {"type": "Point", "coordinates": [-122.9904, 45.5189]}, "properties": {"year": 2022, "state": "Oregon", "age_band": "25-44", "sex": "Male", "lighting": "Daylight", "hour": "1:00pm-1:59pm", "month": "October", "crash_group": "Bicyclist Failed to Yield - Midblock", "crash_type": "Multiple Threat -  Midblock"}}, {"type": "Feature", "geometry": {"type": "Point", "coordinates": [-122.5688, 45.5044]}, "properties": {"year": 2022, "state": "Oregon", "age_band": "45-64", "sex": "Female", "lighting": "Dark - Lighted", "hour": "11:00pm-11:59pm", "month": "October", "crash_group": "Bicyclist Failed to Yield - Signalized Intersection", "crash_type": "Bicyclist Ride Through - Signalized Intersection"}}, {"type": "Feature", "geometry": {"type": "Point", "coordinates": [-123.8415, 46.1906]}, "properties": {"year": 2022, "state": "Oregon", "age_band": "25-44", "sex": "Male", "lighting": "Dark - Not Lighted", "hour": "5:00pm-5:59pm", "month": "November", "crash_group": "Parallel Paths - Other Circumstances", "crash_type": "Parallel Paths - Other / Unknown"}}, {"type": "Feature", "geometry": {"type": "Point", "coordinates": [-75.6403, 40.3311]}, "properties": {"year": 2022, "state": "Pennsylvania", "age_band": "45-64", "sex": "Male", "lighting": "Daylight", "hour": "4:00pm-4:59pm", "month": "January", "crash_group": "Motorist Failed to Yield - Sign-Controlled Intersection", "crash_type": "Motorist Drive Out - Sign-Controlled Intersection"}}, {"type": "Feature", "geometry": {"type": "Point", "coordinates": [-75.241, 39.919]}, "properties": {"year": 2022, "state": "Pennsylvania", "age_band": "45-64", "sex": "Female", "lighting": "Daylight", "hour": "5:00pm-5:59pm", "month": "May", "crash_group": "Parallel Paths - Other Circumstances", "crash_type": "Parallel Paths - Other / Unknown"}}, {"type": "Feature", "geometry": {"type": "Point", "coordinates": [-75.2256, 39.9701]}, "properties": {"year": 2022, "state": "Pennsylvania", "age_band": "25-44", "sex": "Male", "lighting": "Dark - Lighted", "hour": "0:00am-0:59am", "month": "July", "crash_group": "Motorist Overtaking Bicyclist", "crash_type": "Motorist Overtaking - Other/ Unknown"}}, {"type": "Feature", "geometry": {"type": "Point", "coordinates": [-79.9331, 40.4061]}, "properties": {"year": 2022, "state": "Pennsylvania", "age_band": "0-12 (child)", "sex": "Male", "lighting": "Dusk", "hour": "8:00pm-8:59pm", "month": "July", "crash_group": "Motorist Failed to Yield - Midblock", "crash_type": "Motorist Drive Out - Other Midblock"}}, {"type": "Feature", "geometry": {"type": "Point", "coordinates": [-75.9759, 40.128]}, "properties": {"year": 2022, "state": "Pennsylvania", "age_band": "25-44", "sex": "Male", "lighting": "Daylight", "hour": "9:00am-9:59am", "month": "August", "crash_group": "Loss of Control / Turning Error", "crash_type": "Bicyclist Turning Error - Left turn"}}, {"type": "Feature", "geometry": {"type": "Point", "coordinates": [-75.0593, 40.0483]}, "properties": {"year": 2022, "state": "Pennsylvania", "age_band": "25-44", "sex": "Male", "lighting": "Dark - Lighted", "hour": "0:00am-0:59am", "month": "August", "crash_group": "Wrong-Way / Wrong-Side", "crash_type": "Wrong-Way / Wrong-Side - Bicyclist"}}, {"type": "Feature", "geometry": {"type": "Point", "coordinates": [-79.6397, 41.9189]}, "properties": {"year": 2022, "state": "Pennsylvania", "age_band": "18-24", "sex": "Male", "lighting": "Daylight", "hour": "3:00pm-3:59pm", "month": "August", "crash_group": "Motorist Failed to Yield - Sign-Controlled Intersection", "crash_type": "Motorist Drive Out - Sign-Controlled Intersection"}}, {"type": "Feature", "geometry": {"type": "Point", "coordinates": [-74.8746, 40.1411]}, "properties": {"year": 2022, "state": "Pennsylvania", "age_band": "25-44", "sex": "Male", "lighting": "Dark - Lighted", "hour": "8:00pm-8:59pm", "month": "September", "crash_group": "Loss of Control / Turning Error", "crash_type": "Bicyclist Turning Error - Right turn"}}, {"type": "Feature", "geometry": {"type": "Point", "coordinates": [-77.8608, 40.7776]}, "properties": {"year": 2022, "state": "Pennsylvania", "age_band": "25-44", "sex": "Male", "lighting": "Daylight", "hour": "7:00pm-7:59pm", "month": "June", "crash_group": "Bicyclist Failed to Yield - Midblock", "crash_type": "Bicyclist Ride Out - Other Midblock"}}, {"type": "Feature", "geometry": {"type": "Point", "coordinates": [-76.8725, 40.2651]}, "properties": {"year": 2022, "state": "Pennsylvania", "age_band": "25-44", "sex": "Female", "lighting": "Dark - Lighted", "hour": "9:00pm-9:59pm", "month": "June", "crash_group": "Wrong-Way / Wrong-Side", "crash_type": "Wrong-Way / Wrong-Side - Bicyclist"}}, {"type": "Feature", "geometry": {"type": "Point", "coordinates": [-80.427, 41.658]}, "properties": {"year": 2022, "state": "Pennsylvania", "age_band": "65+", "sex": "Male", "lighting": "Daylight", "hour": "4:00pm-4:59pm", "month": "November", "crash_group": "Crossing Paths - Other Circumstances", "crash_type": "Crossing Paths - Uncontrolled Intersection"}}, {"type": "Feature", "geometry": {"type": "Point", "coordinates": [-76.9208, 41.2577]}, "properties": {"year": 2022, "state": "Pennsylvania", "age_band": "65+", "sex": "Male", "lighting": "Daylight", "hour": "6:00pm-6:59pm", "month": "June", "crash_group": "Crossing Paths - Other Circumstances", "crash_type": "Crossing Paths - Uncontrolled Intersection"}}, {"type": "Feature", "geometry": {"type": "Point", "coordinates": [-76.8694, 40.2557]}, "properties": {"year": 2022, "state": "Pennsylvania", "age_band": "25-44", "sex": "Female", "lighting": "Dark - Lighted", "hour": "6:00pm-6:59pm", "month": "December", "crash_group": "Bicyclist Failed to Yield - Signalized Intersection", "crash_type": "Bicyclist Ride Through - Signalized Intersection"}}, {"type": "Feature", "geometry": {"type": "Point", "coordinates": [-77.9484, 40.4444]}, "properties": {"year": 2022, "state": "Pennsylvania", "age_band": "45-64", "sex": "Male", "lighting": "Dark - Not Lighted", "hour": "6:00pm-6:59pm", "month": "November", "crash_group": "Motorist Overtaking Bicyclist", "crash_type": "Motorist Overtaking - Undetected Bicyclist or Detected - Too Late to Avoid"}}, {"type": "Feature", "geometry": {"type": "Point", "coordinates": [-78.959, 39.9209]}, "properties": {"year": 2022, "state": "Pennsylvania", "age_band": "18-24", "sex": "Female", "lighting": "Daylight", "hour": "2:00pm-2:59pm", "month": "September", "crash_group": "Bicyclist Left Turn / Merge", "crash_type": "Bicyclist Left Turn - Same Direction"}}, {"type": "Feature", "geometry": {"type": "Point", "coordinates": [-80.3541, 33.9471]}, "properties": {"year": 2022, "state": "South Carolina", "age_band": "0-12 (child)", "sex": "Male", "lighting": "Dark - Not Lighted", "hour": "6:00pm-6:59pm", "month": "February", "crash_group": "Bicyclist Failed to Yield - Midblock", "crash_type": "Bicyclist Ride Out - Other Midblock"}}, {"type": "Feature", "geometry": {"type": "Point", "coordinates": [-78.8829, 34.0303]}, "properties": {"year": 2022, "state": "South Carolina", "age_band": "25-44", "sex": "Male", "lighting": "Dark - Not Lighted", "hour": "5:00am-5:59am", "month": "February", "crash_group": "Motorist Overtaking Bicyclist", "crash_type": "Motorist Overtaking - Other/ Unknown"}}, {"type": "Feature", "geometry": {"type": "Point", "coordinates": [-82.697, 34.8215]}, "properties": {"year": 2022, "state": "South Carolina", "age_band": "25-44", "sex": "Male", "lighting": "Dark - Not Lighted", "hour": "8:00pm-8:59pm", "month": "February", "crash_group": "Motorist Overtaking Bicyclist", "crash_type": "Motorist Overtaking - Undetected Bicyclist or Detected - Too Late to Avoid"}}, {"type": "Feature", "geometry": {"type": "Point", "coordinates": [-79.8416, 34.7199]}, "properties": {"year": 2022, "state": "South Carolina", "age_band": "0-12 (child)", "sex": "Male", "lighting": "Dark - Not Lighted", "hour": "7:00pm-7:59pm", "month": "February", "crash_group": "Bicyclist Failed to Yield - Sign-Controlled Intersection", "crash_type": "Bicyclist Ride Out - Sign-Controlled Intersection"}}, {"type": "Feature", "geometry": {"type": "Point", "coordinates": [-82.347, 35.0829]}, "properties": {"year": 2022, "state": "South Carolina", "age_band": "65+", "sex": "Male", "lighting": "Daylight", "hour": "2:00pm-2:59pm", "month": "March", "crash_group": "Bicyclist Failed to Yield - Sign-Controlled Intersection", "crash_type": "Bicyclist Ride Out - Sign-Controlled Intersection"}}, {"type": "Feature", "geometry": {"type": "Point", "coordinates": [-79.5508, 33.4491]}, "properties": {"year": 2022, "state": "South Carolina", "age_band": "45-64", "sex": "Female", "lighting": "Daylight", "hour": "5:00pm-5:59pm", "month": "April", "crash_group": "Other / Unknown - Insufficient Details", "crash_type": "Unknown Approach Paths"}}, {"type": "Feature", "geometry": {"type": "Point", "coordinates": [-79.7055, 34.1969]}, "properties": {"year": 2022, "state": "South Carolina", "age_band": "45-64", "sex": "Male", "lighting": "Dark - Not Lighted", "hour": "0:00am-0:59am", "month": "April", "crash_group": "Other / Unknown - Insufficient Details", "crash_type": "Unknown Approach Paths"}}, {"type": "Feature", "geometry": {"type": "Point", "coordinates": [-78.9482, 33.6414]}, "properties": {"year": 2022, "state": "South Carolina", "age_band": "45-64", "sex": "Male", "lighting": "Dark - Not Lighted", "hour": "10:00pm-10:59pm", "month": "May", "crash_group": "Motorist Overtaking Bicyclist", "crash_type": "Motorist Overtaking - Other/ Unknown"}}, {"type": "Feature", "geometry": {"type": "Point", "coordinates": [-82.5103, 34.6177]}, "properties": {"year": 2022, "state": "South Carolina", "age_band": "25-44", "sex": "Male", "lighting": "Dark - Not Lighted", "hour": "5:00am-5:59am", "month": "June", "crash_group": "Motorist Overtaking Bicyclist", "crash_type": "Motorist Overtaking - Other/ Unknown"}}, {"type": "Feature", "geometry": {"type": "Point", "coordinates": [-80.0555, 32.9455]}, "properties": {"year": 2022, "state": "South Carolina", "age_band": "45-64", "sex": "Male", "lighting": "Dark - Unknown Lighting", "hour": "9:00pm-9:59pm", "month": "July", "crash_group": "Motorist Overtaking Bicyclist", "crash_type": "Motorist Overtaking - Other/ Unknown"}}, {"type": "Feature", "geometry": {"type": "Point", "coordinates": [-78.9471, 33.7197]}, "properties": {"year": 2022, "state": "South Carolina", "age_band": "25-44", "sex": "Male", "lighting": "Dark - Not Lighted", "hour": "11:00pm-11:59pm", "month": "July", "crash_group": "Crossing Paths - Other Circumstances", "crash_type": "Crossing Paths - Midblock - Other / Unknown"}}, {"type": "Feature", "geometry": {"type": "Point", "coordinates": [-80.034, 33.0701]}, "properties": {"year": 2022, "state": "South Carolina", "age_band": "25-44", "sex": "Male", "lighting": "Dark - Not Lighted", "hour": "2:00am-2:59am", "month": "July", "crash_group": "Wrong-Way / Wrong-Side", "crash_type": "Wrong-Way / Wrong-Side - Bicyclist"}}, {"type": "Feature", "geometry": {"type": "Point", "coordinates": [-80.947, 34.12]}, "properties": {"year": 2022, "state": "South Carolina", "age_band": "65+", "sex": "Male", "lighting": "Daylight", "hour": "10:00am-10:59am", "month": "July", "crash_group": "Other / Unknown - Insufficient Details", "crash_type": "Unknown Approach Paths"}}, {"type": "Feature", "geometry": {"type": "Point", "coordinates": [-81.0664, 33.8103]}, "properties": {"year": 2022, "state": "South Carolina", "age_band": "25-44", "sex": "Male", "lighting": "Dark - Not Lighted", "hour": "6:00am-6:59am", "month": "September", "crash_group": "Motorist Overtaking Bicyclist", "crash_type": "Motorist Overtaking - Undetected Bicyclist or Detected - Too Late to Avoid"}}, {"type": "Feature", "geometry": {"type": "Point", "coordinates": [-80.0852, 33.0158]}, "properties": {"year": 2022, "state": "South Carolina", "age_band": "25-44", "sex": "Male", "lighting": "Dark - Not Lighted", "hour": "10:00pm-10:59pm", "month": "September", "crash_group": "Parallel Paths - Other Circumstances", "crash_type": "Parallel Paths - Other / Unknown"}}, {"type": "Feature", "geometry": {"type": "Point", "coordinates": [-80.0866, 32.9244]}, "properties": {"year": 2022, "state": "South Carolina", "age_band": "25-44", "sex": "Male", "lighting": "Dark - Unknown Lighting", "hour": "11:00pm-11:59pm", "month": "October", "crash_group": "Other / Unknown - Insufficient Details", "crash_type": "Unknown Approach Paths"}}, {"type": "Feature", "geometry": {"type": "Point", "coordinates": [-80.0336, 32.818]}, "properties": {"year": 2022, "state": "South Carolina", "age_band": "18-24", "sex": "Male", "lighting": "Dark - Not Lighted", "hour": "10:00pm-10:59pm", "month": "September", "crash_group": "Motorist Overtaking Bicyclist", "crash_type": "Motorist Overtaking - Undetected Bicyclist or Detected - Too Late to Avoid"}}, {"type": "Feature", "geometry": {"type": "Point", "coordinates": [-81.5065, 35.1693]}, "properties": {"year": 2022, "state": "South Carolina", "age_band": "45-64", "sex": "Male", "lighting": "Dark - Not Lighted", "hour": "6:00am-6:59am", "month": "October", "crash_group": "Motorist Overtaking Bicyclist", "crash_type": "Motorist Overtaking - Undetected Bicyclist or Detected - Too Late to Avoid"}}, {"type": "Feature", "geometry": {"type": "Point", "coordinates": [-82.2574, 34.6513]}, "properties": {"year": 2022, "state": "South Carolina", "age_band": "25-44", "sex": "Male", "lighting": "Dark - Not Lighted", "hour": "10:00pm-10:59pm", "month": "April", "crash_group": "Motorist Overtaking Bicyclist", "crash_type": "Motorist Overtaking - Other/ Unknown"}}, {"type": "Feature", "geometry": {"type": "Point", "coordinates": [-81.6555, 35.1202]}, "properties": {"year": 2022, "state": "South Carolina", "age_band": "45-64", "sex": "Male", "lighting": "Daylight", "hour": "3:00pm-3:59pm", "month": "November", "crash_group": "Motorist Overtaking Bicyclist", "crash_type": "Motorist Overtaking - Bicyclist Swerved"}}, {"type": "Feature", "geometry": {"type": "Point", "coordinates": [-80.7066, 32.2184]}, "properties": {"year": 2022, "state": "South Carolina", "age_band": "65+", "sex": "Male", "lighting": "Dark - Not Lighted", "hour": "11:00pm-11:59pm", "month": "November", "crash_group": "Parallel Paths - Other Circumstances", "crash_type": "Parallel Paths - Other / Unknown"}}, {"type": "Feature", "geometry": {"type": "Point", "coordinates": [-81.949, 35.0013]}, "properties": {"year": 2022, "state": "South Carolina", "age_band": "25-44", "sex": "Female", "lighting": "Dark - Not Lighted", "hour": "9:00pm-9:59pm", "month": "November", "crash_group": "Motorist Overtaking Bicyclist", "crash_type": "Motorist Overtaking - Undetected Bicyclist or Detected - Too Late to Avoid"}}, {"type": "Feature", "geometry": {"type": "Point", "coordinates": [-82.3879, 34.8877]}, "properties": {"year": 2022, "state": "South Carolina", "age_band": "45-64", "sex": "Male", "lighting": "Dark - Unknown Lighting", "hour": "8:00pm-8:59pm", "month": "December", "crash_group": "Wrong-Way / Wrong-Side", "crash_type": "Wrong-Way / Wrong-Side - Bicyclist"}}, {"type": "Feature", "geometry": {"type": "Point", "coordinates": [-80.7876, 34.6971]}, "properties": {"year": 2022, "state": "South Carolina", "age_band": "45-64", "sex": "Male", "lighting": "Dark - Not Lighted", "hour": "1:00am-1:59am", "month": "December", "crash_group": "Motorist Overtaking Bicyclist", "crash_type": "Motorist Overtaking - Other/ Unknown"}}, {"type": "Feature", "geometry": {"type": "Point", "coordinates": [-79.3342, 34.4615]}, "properties": {"year": 2022, "state": "South Carolina", "age_band": "45-64", "sex": "Male", "lighting": "Dark - Not Lighted", "hour": "6:00pm-6:59pm", "month": "December", "crash_group": "Motorist Overtaking Bicyclist", "crash_type": "Motorist Overtaking - Undetected Bicyclist or Detected - Too Late to Avoid"}}, {"type": "Feature", "geometry": {"type": "Point", "coordinates": [-96.7102, 43.8242]}, "properties": {"year": 2022, "state": "South Dakota", "age_band": "13-17 (teen)", "sex": "Male", "lighting": "Daylight", "hour": "10:00am-10:59am", "month": "May", "crash_group": "Crossing Paths - Other Circumstances", "crash_type": "Crossing Paths - Intersection - Other / Unknown Control"}}, {"type": "Feature", "geometry": {"type": "Point", "coordinates": [-96.7573, 44.5468]}, "properties": {"year": 2022, "state": "South Dakota", "age_band": "45-64", "sex": "Male", "lighting": "Daylight", "hour": "11:00am-11:59am", "month": "June", "crash_group": "Motorist Overtaking Bicyclist", "crash_type": "Motorist Overtaking - Undetected Bicyclist or Detected - Too Late to Avoid"}}, {"type": "Feature", "geometry": {"type": "Point", "coordinates": [-96.7412, 43.5221]}, "properties": {"year": 2022, "state": "South Dakota", "age_band": "25-44", "sex": "Male", "lighting": "Daylight", "hour": "4:00pm-4:59pm", "month": "August", "crash_group": "Motorist Right Turn / Merge", "crash_type": "Motorist right Turn - Opposite Direction"}}, {"type": "Feature", "geometry": {"type": "Point", "coordinates": [-86.743, 36.1065]}, "properties": {"year": 2022, "state": "Tennessee", "age_band": "25-44", "sex": "Male", "lighting": "Dark - Lighted", "hour": "5:00am-5:59am", "month": "January", "crash_group": "Bicyclist Failed to Yield - Midblock", "crash_type": "Bicyclist Ride Out - Other Midblock"}}, {"type": "Feature", "geometry": {"type": "Point", "coordinates": [-89.9281, 35.1465]}, "properties": {"year": 2022, "state": "Tennessee", "age_band": "65+", "sex": "Male", "lighting": "Daylight", "hour": "3:00pm-3:59pm", "month": "February", "crash_group": "Motorist Overtaking Bicyclist", "crash_type": "Motorist Overtaking - Other/ Unknown"}}, {"type": "Feature", "geometry": {"type": "Point", "coordinates": [-84.4057, 35.5546]}, "properties": {"year": 2022, "state": "Tennessee", "age_band": "45-64", "sex": "Male", "lighting": "Dark - Not Lighted", "hour": "0:00am-0:59am", "month": "April", "crash_group": "Motorist Overtaking Bicyclist", "crash_type": "Motorist Overtaking - Other/ Unknown"}}, {"type": "Feature", "geometry": {"type": "Point", "coordinates": [-88.4092, 35.9926]}, "properties": {"year": 2022, "state": "Tennessee", "age_band": "45-64", "sex": "Male", "lighting": "Daylight", "hour": "Unknown Hours", "month": "April", "crash_group": "Other / Unknown - Insufficient Details", "crash_type": "Unknown Approach Paths"}}, {"type": "Feature", "geometry": {"type": "Point", "coordinates": [-86.5273, 36.5934]}, "properties": {"year": 2022, "state": "Tennessee", "age_band": "45-64", "sex": "Male", "lighting": "Dark - Lighted", "hour": "8:00pm-8:59pm", "month": "May", "crash_group": "Parallel Paths - Other Circumstances", "crash_type": "Parallel Paths - Other / Unknown"}}, {"type": "Feature", "geometry": {"type": "Point", "coordinates": [-86.6971, 36.0919]}, "properties": {"year": 2022, "state": "Tennessee", "age_band": "45-64", "sex": "Male", "lighting": "Daylight", "hour": "5:00pm-5:59pm", "month": "May", "crash_group": "Wrong-Way / Wrong-Side", "crash_type": "Wrong-Way / Wrong-Side - Bicyclist"}}, {"type": "Feature", "geometry": {"type": "Point", "coordinates": [-86.27, 35.4096]}, "properties": {"year": 2022, "state": "Tennessee", "age_band": "45-64", "sex": "Male", "lighting": "Dark - Not Lighted", "hour": "10:00pm-10:59pm", "month": "August", "crash_group": "Wrong-Way / Wrong-Side", "crash_type": "Wrong-Way / Wrong-Side - Bicyclist"}}, {"type": "Feature", "geometry": {"type": "Point", "coordinates": [-84.515, 35.9654]}, "properties": {"year": 2022, "state": "Tennessee", "age_band": "45-64", "sex": "Female", "lighting": "Dark - Not Lighted", "hour": "8:00pm-8:59pm", "month": "September", "crash_group": "Motorist Overtaking Bicyclist", "crash_type": "Motorist Overtaking - Undetected Bicyclist or Detected - Too Late to Avoid"}}, {"type": "Feature", "geometry": {"type": "Point", "coordinates": [-84.6238, 35.5861]}, "properties": {"year": 2022, "state": "Tennessee", "age_band": "65+", "sex": "Male", "lighting": "Daylight", "hour": "9:00am-9:59am", "month": "September", "crash_group": "Motorist Overtaking Bicyclist", "crash_type": "Motorist Overtaking - Other/ Unknown"}}, {"type": "Feature", "geometry": {"type": "Point", "coordinates": [-86.2758, 36.1866]}, "properties": {"year": 2022, "state": "Tennessee", "age_band": "25-44", "sex": "Male", "lighting": "Dark - Not Lighted", "hour": "3:00am-3:59am", "month": "September", "crash_group": "Motorist Overtaking Bicyclist", "crash_type": "Motorist Overtaking - Misjudged Space"}}, {"type": "Feature", "geometry": {"type": "Point", "coordinates": [-83.8984, 35.9832]}, "properties": {"year": 2022, "state": "Tennessee", "age_band": "45-64", "sex": "Male", "lighting": "Dark - Lighted", "hour": "11:00pm-11:59pm", "month": "September", "crash_group": "Motorist Overtaking Bicyclist", "crash_type": "Motorist Overtaking - Other/ Unknown"}}, {"type": "Feature", "geometry": {"type": "Point", "coordinates": [-86.4086, 35.7416]}, "properties": {"year": 2022, "state": "Tennessee", "age_band": "65+", "sex": "Male", "lighting": "Daylight", "hour": "12:00pm-12:59pm", "month": "October", "crash_group": "Parallel Paths - Other Circumstances", "crash_type": "Parallel Paths - Other / Unknown"}}, {"type": "Feature", "geometry": {"type": "Point", "coordinates": [-89.7941, 35.4502]}, "properties": {"year": 2022, "state": "Tennessee", "age_band": "25-44", "sex": "Male", "lighting": "Dark - Lighted", "hour": "9:00pm-9:59pm", "month": "October", "crash_group": "Motorist Overtaking Bicyclist", "crash_type": "Motorist Overtaking - Undetected Bicyclist or Detected - Too Late to Avoid"}}, {"type": "Feature", "geometry": {"type": "Point", "coordinates": [-86.5856, 35.9884]}, "properties": {"year": 2022, "state": "Tennessee", "age_band": "25-44", "sex": "Male", "lighting": "Dark - Not Lighted", "hour": "1:00am-1:59am", "month": "November", "crash_group": "Motorist Overtaking Bicyclist", "crash_type": "Motorist Overtaking - Undetected Bicyclist or Detected - Too Late to Avoid"}}, {"type": "Feature", "geometry": {"type": "Point", "coordinates": [-89.893, 35.2273]}, "properties": {"year": 2022, "state": "Tennessee", "age_band": "45-64", "sex": "Male", "lighting": "Dark - Lighted", "hour": "5:00pm-5:59pm", "month": "December", "crash_group": "Crossing Paths - Other Circumstances", "crash_type": "Crossing Paths - Midblock - Other / Unknown"}}, {"type": "Feature", "geometry": {"type": "Point", "coordinates": [-96.6988, 32.9607]}, "properties": {"year": 2022, "state": "Texas", "age_band": "45-64", "sex": "Male", "lighting": "Dark - Lighted", "hour": "6:00pm-6:59pm", "month": "January", "crash_group": "Motorist Overtaking Bicyclist", "crash_type": "Motorist Overtaking - Other/ Unknown"}}, {"type": "Feature", "geometry": {"type": "Point", "coordinates": [-97.2897, 33.1295]}, "properties": {"year": 2022, "state": "Texas", "age_band": "45-64", "sex": "Female", "lighting": "Daylight", "hour": "11:00am-11:59am", "month": "January", "crash_group": "Bicyclist Left Turn / Merge", "crash_type": "Bicyclist Left Turn - Same Direction"}}, {"type": "Feature", "geometry": {"type": "Point", "coordinates": [-97.4562, 27.8038]}, "properties": {"year": 2022, "state": "Texas", "age_band": "45-64", "sex": "Male", "lighting": "Dark - Lighted", "hour": "0:00am-0:59am", "month": "January", "crash_group": "Motorist Overtaking Bicyclist", "crash_type": "Motorist Overtaking - Undetected Bicyclist or Detected - Too Late to Avoid"}}, {"type": "Feature", "geometry": {"type": "Point", "coordinates": [-95.3987, 30.3081]}, "properties": {"year": 2022, "state": "Texas", "age_band": "25-44", "sex": "Male", "lighting": "Dark - Not Lighted", "hour": "4:00am-4:59am", "month": "January", "crash_group": "Motorist Overtaking Bicyclist", "crash_type": "Motorist Overtaking - Undetected Bicyclist or Detected - Too Late to Avoid"}}, {"type": "Feature", "geometry": {"type": "Point", "coordinates": [-97.7542, 28.4103]}, "properties": {"year": 2022, "state": "Texas", "age_band": "25-44", "sex": "Male", "lighting": "Daylight", "hour": "2:00pm-2:59pm", "month": "February", "crash_group": "Bicyclist Failed to Yield - Sign-Controlled Intersection", "crash_type": "Bicyclist Ride Out - Sign-Controlled Intersection"}}, {"type": "Feature", "geometry": {"type": "Point", "coordinates": [-95.5235, 30.2118]}, "properties": {"year": 2022, "state": "Texas", "age_band": "65+", "sex": "Female", "lighting": "Daylight", "hour": "2:00pm-2:59pm", "month": "February", "crash_group": "Motorist Failed to Yield - Sign-Controlled Intersection", "crash_type": "Motorist Drive Through - Sign-Controlled Intersection"}}, {"type": "Feature", "geometry": {"type": "Point", "coordinates": [-95.2911, 32.9171]}, "properties": {"year": 2022, "state": "Texas", "age_band": "25-44", "sex": "Female", "lighting": "Dark - Not Lighted", "hour": "7:00pm-7:59pm", "month": "February", "crash_group": "Motorist Overtaking Bicyclist", "crash_type": "Motorist Overtaking - Bicyclist Swerved"}}, {"type": "Feature", "geometry": {"type": "Point", "coordinates": [-95.5252, 29.705]}, "properties": {"year": 2022, "state": "Texas", "age_band": "65+", "sex": "Male", "lighting": "Daylight", "hour": "10:00am-10:59am", "month": "February", "crash_group": "Loss of Control / Turning Error", "crash_type": "Bicyclist Turning Error - Other"}}, {"type": "Feature", "geometry": {"type": "Point", "coordinates": [-95.3043, 29.6197]}, "properties": {"year": 2022, "state": "Texas", "age_band": "45-64", "sex": "Male", "lighting": "Dark - Not Lighted", "hour": "0:00am-0:59am", "month": "February", "crash_group": "Motorist Overtaking Bicyclist", "crash_type": "Motorist Overtaking - Other/ Unknown"}}, {"type": "Feature", "geometry": {"type": "Point", "coordinates": [-96.4266, 33.5411]}, "properties": {"year": 2022, "state": "Texas", "age_band": "65+", "sex": "Male", "lighting": "Daylight", "hour": "5:00pm-5:59pm", "month": "February", "crash_group": "Motorist Overtaking Bicyclist", "crash_type": "Motorist Overtaking - Undetected Bicyclist or Detected - Too Late to Avoid"}}, {"type": "Feature", "geometry": {"type": "Point", "coordinates": [-97.2633, 32.4079]}, "properties": {"year": 2022, "state": "Texas", "age_band": "25-44", "sex": "Male", "lighting": "Daylight", "hour": "3:00pm-3:59pm", "month": "February", "crash_group": "Wrong-Way / Wrong-Side", "crash_type": "Wrong-Way / Wrong-Side - Bicyclist"}}, {"type": "Feature", "geometry": {"type": "Point", "coordinates": [-95.6445, 29.753]}, "properties": {"year": 2022, "state": "Texas", "age_band": "45-64", "sex": "Male", "lighting": "Dark - Lighted", "hour": "8:00pm-8:59pm", "month": "February", "crash_group": "Crossing Paths - Other Circumstances", "crash_type": "Crossing Paths - Midblock - Other / Unknown"}}, {"type": "Feature", "geometry": {"type": "Point", "coordinates": [-95.2304, 29.6574]}, "properties": {"year": 2022, "state": "Texas", "age_band": "45-64", "sex": "Male", "lighting": "Dark - Lighted", "hour": "5:00am-5:59am", "month": "March", "crash_group": "Crossing Paths - Other Circumstances", "crash_type": "Crossing Paths - Intersection - Other / Unknown Control"}}, {"type": "Feature", "geometry": {"type": "Point", "coordinates": [-98.6494, 29.397]}, "properties": {"year": 2022, "state": "Texas", "age_band": "45-64", "sex": "Male", "lighting": "Daylight", "hour": "7:00pm-7:59pm", "month": "March", "crash_group": "Crossing Paths - Other Circumstances", "crash_type": "Crossing Paths - Midblock - Other / Unknown"}}, {"type": "Feature", "geometry": {"type": "Point", "coordinates": [-99.4732, 27.6626]}, "properties": {"year": 2022, "state": "Texas", "age_band": "45-64", "sex": "Male", "lighting": "Daylight", "hour": "4:00pm-4:59pm", "month": "March", "crash_group": "Motorist Overtaking Bicyclist", "crash_type": "Motorist Overtaking - Other/ Unknown"}}, {"type": "Feature", "geometry": {"type": "Point", "coordinates": [-94.7653, 29.3136]}, "properties": {"year": 2022, "state": "Texas", "age_band": "65+", "sex": "Female", "lighting": "Dark - Lighted", "hour": "6:00am-6:59am", "month": "March", "crash_group": "Motorist Overtaking Bicyclist", "crash_type": "Motorist Overtaking - Other/ Unknown"}}, {"type": "Feature", "geometry": {"type": "Point", "coordinates": [-98.4368, 29.5164]}, "properties": {"year": 2022, "state": "Texas", "age_band": "45-64", "sex": "Male", "lighting": "Daylight", "hour": "6:00pm-6:59pm", "month": "March", "crash_group": "Bicyclist Failed to Yield - Midblock", "crash_type": "Bicyclist Ride Out - Other Midblock"}}, {"type": "Feature", "geometry": {"type": "Point", "coordinates": [-97.8172, 30.6067]}, "properties": {"year": 2022, "state": "Texas", "age_band": "25-44", "sex": "Male", "lighting": "Dark - Not Lighted", "hour": "0:00am-0:59am", "month": "March", "crash_group": "Motorist Overtaking Bicyclist", "crash_type": "Motorist Overtaking - Undetected Bicyclist or Detected - Too Late to Avoid"}}, {"type": "Feature", "geometry": {"type": "Point", "coordinates": [-97.8541, 30.5243]}, "properties": {"year": 2022, "state": "Texas", "age_band": "45-64", "sex": "Male", "lighting": "Daylight", "hour": "5:00pm-5:59pm", "month": "March", "crash_group": "Loss of Control / Turning Error", "crash_type": "Motorist Lost Control - Other / Unknown"}}, {"type": "Feature", "geometry": {"type": "Point", "coordinates": [-98.4939, 29.4881]}, "properties": {"year": 2022, "state": "Texas", "age_band": "18-24", "sex": "Male", "lighting": "Dark - Lighted", "hour": "10:00pm-10:59pm", "month": "March", "crash_group": "Loss of Control / Turning Error", "crash_type": "Motorist Lost Control - Other / Unknown"}}, {"type": "Feature", "geometry": {"type": "Point", "coordinates": [-93.8625, 30.2156]}, "properties": {"year": 2022, "state": "Texas", "age_band": "45-64", "sex": "Male", "lighting": "Dark - Not Lighted", "hour": "9:00pm-9:59pm", "month": "March", "crash_group": "Motorist Overtaking Bicyclist", "crash_type": "Motorist Overtaking - Undetected Bicyclist or Detected - Too Late to Avoid"}}, {"type": "Feature", "geometry": {"type": "Point", "coordinates": [-97.8409, 29.8453]}, "properties": {"year": 2022, "state": "Texas", "age_band": "45-64", "sex": "Male", "lighting": "Dark - Not Lighted", "hour": "7:00am-7:59am", "month": "April", "crash_group": "Bicyclist Failed to Yield - Midblock", "crash_type": "Bicyclist Ride Out - Other Midblock"}}, {"type": "Feature", "geometry": {"type": "Point", "coordinates": [-94.8697, 30.4146]}, "properties": {"year": 2022, "state": "Texas", "age_band": "65+", "sex": "Male", "lighting": "Daylight", "hour": "2:00pm-2:59pm", "month": "April", "crash_group": "Motorist Overtaking Bicyclist", "crash_type": "Motorist Overtaking - Misjudged Space"}}, {"type": "Feature", "geometry": {"type": "Point", "coordinates": [-96.6658, 32.7312]}, "properties": {"year": 2022, "state": "Texas", "age_band": "45-64", "sex": "Male", "lighting": "Dark - Lighted", "hour": "8:00pm-8:59pm", "month": "April", "crash_group": "Crossing Paths - Other Circumstances", "crash_type": "Crossing Paths - Intersection - Other / Unknown Control"}}, {"type": "Feature", "geometry": {"type": "Point", "coordinates": [-95.3752, 29.5561]}, "properties": {"year": 2022, "state": "Texas", "age_band": "45-64", "sex": "Male", "lighting": "Dark - Not Lighted", "hour": "9:00pm-9:59pm", "month": "April", "crash_group": "Bicyclist Left Turn / Merge", "crash_type": "Bicyclist Left Turn - Same Direction"}}, {"type": "Feature", "geometry": {"type": "Point", "coordinates": [-97.3563, 32.7952]}, "properties": {"year": 2022, "state": "Texas", "age_band": "45-64", "sex": "Male", "lighting": "Dark - Not Lighted", "hour": "8:00pm-8:59pm", "month": "April", "crash_group": "Parallel Paths - Other Circumstances", "crash_type": "Parallel Paths - Other / Unknown"}}, {"type": "Feature", "geometry": {"type": "Point", "coordinates": [-97.9399, 29.8536]}, "properties": {"year": 2022, "state": "Texas", "age_band": "25-44", "sex": "Male", "lighting": "Dark - Not Lighted", "hour": "9:00pm-9:59pm", "month": "April", "crash_group": "Motorist Overtaking Bicyclist", "crash_type": "Motorist Overtaking - Undetected Bicyclist or Detected - Too Late to Avoid"}}, {"type": "Feature", "geometry": {"type": "Point", "coordinates": [-96.705, 32.8642]}, "properties": {"year": 2022, "state": "Texas", "age_band": "25-44", "sex": "Female", "lighting": "Dark - Lighted", "hour": "10:00pm-10:59pm", "month": "April", "crash_group": "Motorist Overtaking Bicyclist", "crash_type": "Motorist Overtaking - Other/ Unknown"}}, {"type": "Feature", "geometry": {"type": "Point", "coordinates": [-95.1281, 29.8614]}, "properties": {"year": 2022, "state": "Texas", "age_band": "25-44", "sex": "Male", "lighting": "Dark - Not Lighted", "hour": "3:00am-3:59am", "month": "April", "crash_group": "Motorist Overtaking Bicyclist", "crash_type": "Motorist Overtaking - Undetected Bicyclist or Detected - Too Late to Avoid"}}, {"type": "Feature", "geometry": {"type": "Point", "coordinates": [-97.871, 29.9959]}, "properties": {"year": 2022, "state": "Texas", "age_band": "25-44", "sex": "Male", "lighting": "Dark - Lighted", "hour": "10:00pm-10:59pm", "month": "March", "crash_group": "Bicyclist Left Turn / Merge", "crash_type": "Bicyclist Left Turn - Same Direction"}}, {"type": "Feature", "geometry": {"type": "Point", "coordinates": [-95.397, 29.0286]}, "properties": {"year": 2022, "state": "Texas", "age_band": "25-44", "sex": "Male", "lighting": "Dark - Not Lighted", "hour": "5:00am-5:59am", "month": "April", "crash_group": "Other / Unknown - Insufficient Details", "crash_type": "Unknown Approach Paths"}}, {"type": "Feature", "geometry": {"type": "Point", "coordinates": [-97.2947, 31.7072]}, "properties": {"year": 2022, "state": "Texas", "age_band": "25-44", "sex": "Female", "lighting": "Dark - Not Lighted", "hour": "10:00pm-10:59pm", "month": "April", "crash_group": "Motorist Overtaking Bicyclist", "crash_type": "Motorist Overtaking - Undetected Bicyclist or Detected - Too Late to Avoid"}}, {"type": "Feature", "geometry": {"type": "Point", "coordinates": [-98.0543, 27.7889]}, "properties": {"year": 2022, "state": "Texas", "age_band": "45-64", "sex": "Male", "lighting": "Dark - Lighted", "hour": "9:00pm-9:59pm", "month": "April", "crash_group": "Motorist Overtaking Bicyclist", "crash_type": "Motorist Overtaking - Undetected Bicyclist or Detected - Too Late to Avoid"}}, {"type": "Feature", "geometry": {"type": "Point", "coordinates": [-95.2555, 30.0321]}, "properties": {"year": 2022, "state": "Texas", "age_band": "25-44", "sex": "Male", "lighting": "Dark - Not Lighted", "hour": "3:00am-3:59am", "month": "March", "crash_group": "Motorist Overtaking Bicyclist", "crash_type": "Motorist Overtaking - Undetected Bicyclist or Detected - Too Late to Avoid"}}, {"type": "Feature", "geometry": {"type": "Point", "coordinates": [-97.7173, 30.2043]}, "properties": {"year": 2022, "state": "Texas", "age_band": "65+", "sex": "Male", "lighting": "Daylight", "hour": "8:00am-8:59am", "month": "March", "crash_group": "Motorist Overtaking Bicyclist", "crash_type": "Motorist Overtaking - Other/ Unknown"}}, {"type": "Feature", "geometry": {"type": "Point", "coordinates": [-97.7173, 30.2043]}, "properties": {"year": 2022, "state": "Texas", "age_band": "45-64", "sex": "Female", "lighting": "Daylight", "hour": "8:00am-8:59am", "month": "March", "crash_group": "Motorist Overtaking Bicyclist", "crash_type": "Motorist Overtaking - Other/ Unknown"}}, {"type": "Feature", "geometry": {"type": "Point", "coordinates": [-97.2057, 32.8267]}, "properties": {"year": 2022, "state": "Texas", "age_band": "18-24", "sex": "Male", "lighting": "Dark - Lighted", "hour": "9:00pm-9:59pm", "month": "April", "crash_group": "Crossing Paths - Other Circumstances", "crash_type": "Crossing Paths - Midblock - Other / Unknown"}}, {"type": "Feature", "geometry": {"type": "Point", "coordinates": [-101.8834, 35.2142]}, "properties": {"year": 2022, "state": "Texas", "age_band": "45-64", "sex": "Male", "lighting": "Daylight", "hour": "7:00pm-7:59pm", "month": "May", "crash_group": "Crossing Paths - Other Circumstances", "crash_type": "Crossing Paths - Uncontrolled Intersection"}}, {"type": "Feature", "geometry": {"type": "Point", "coordinates": [-97.6558, 29.7642]}, "properties": {"year": 2022, "state": "Texas", "age_band": "45-64", "sex": "Male", "lighting": "Dark - Not Lighted", "hour": "10:00pm-10:59pm", "month": "May", "crash_group": "Motorist Overtaking Bicyclist", "crash_type": "Motorist Overtaking - Undetected Bicyclist or Detected - Too Late to Avoid"}}, {"type": "Feature", "geometry": {"type": "Point", "coordinates": [-95.3089, 29.7361]}, "properties": {"year": 2022, "state": "Texas", "age_band": "45-64", "sex": "Male", "lighting": "Dark - Not Lighted", "hour": "2:00am-2:59am", "month": "May", "crash_group": "Motorist Overtaking Bicyclist", "crash_type": "Motorist Overtaking - Other/ Unknown"}}, {"type": "Feature", "geometry": {"type": "Point", "coordinates": [-94.6729, 31.6308]}, "properties": {"year": 2022, "state": "Texas", "age_band": "45-64", "sex": "Male", "lighting": "Daylight", "hour": "6:00pm-6:59pm", "month": "June", "crash_group": "Motorist Overtaking Bicyclist", "crash_type": "Motorist Overtaking - Other/ Unknown"}}, {"type": "Feature", "geometry": {"type": "Point", "coordinates": [-98.403, 29.487]}, "properties": {"year": 2022, "state": "Texas", "age_band": "25-44", "sex": "Male", "lighting": "Dark - Not Lighted", "hour": "3:00am-3:59am", "month": "June", "crash_group": "Motorist Overtaking Bicyclist", "crash_type": "Motorist Overtaking - Other/ Unknown"}}, {"type": "Feature", "geometry": {"type": "Point", "coordinates": [-96.723, 33.1882]}, "properties": {"year": 2022, "state": "Texas", "age_band": "65+", "sex": "Male", "lighting": "Daylight", "hour": "9:00am-9:59am", "month": "May", "crash_group": "Loss of Control / Turning Error", "crash_type": "Motorist Turning Error - Other"}}, {"type": "Feature", "geometry": {"type": "Point", "coordinates": [-96.7001, 32.9345]}, "properties": {"year": 2022, "state": "Texas", "age_band": "25-44", "sex": "Female", "lighting": "Dark - Lighted", "hour": "2:00am-2:59am", "month": "June", "crash_group": "Motorist Overtaking Bicyclist", "crash_type": "Motorist Overtaking - Undetected Bicyclist or Detected - Too Late to Avoid"}}, {"type": "Feature", "geometry": {"type": "Point", "coordinates": [-97.5092, 28.0366]}, "properties": {"year": 2022, "state": "Texas", "age_band": "65+", "sex": "Male", "lighting": "Daylight", "hour": "9:00am-9:59am", "month": "June", "crash_group": "Crossing Paths - Other Circumstances", "crash_type": "Crossing Paths - Intersection - Other / Unknown Control"}}, {"type": "Feature", "geometry": {"type": "Point", "coordinates": [-98.7634, 29.4215]}, "properties": {"year": 2022, "state": "Texas", "age_band": "25-44", "sex": "Male", "lighting": "Dark - Not Lighted", "hour": "0:00am-0:59am", "month": "June", "crash_group": "Crossing Paths - Other Circumstances", "crash_type": "Crossing Paths - Intersection - Other / Unknown Control"}}, {"type": "Feature", "geometry": {"type": "Point", "coordinates": [-95.4911, 29.7376]}, "properties": {"year": 2022, "state": "Texas", "age_band": "25-44", "sex": "Male", "lighting": "Dark - Lighted", "hour": "10:00pm-10:59pm", "month": "May", "crash_group": "Bicyclist Failed to Yield - Midblock", "crash_type": "Bicyclist Ride Out - Other Midblock"}}, {"type": "Feature", "geometry": {"type": "Point", "coordinates": [-95.5794, 29.7845]}, "properties": {"year": 2022, "state": "Texas", "age_band": "25-44", "sex": "Male", "lighting": "Daylight", "hour": "1:00pm-1:59pm", "month": "July", "crash_group": "Other / Unknown - Insufficient Details", "crash_type": "Unknown Approach Paths"}}, {"type": "Feature", "geometry": {"type": "Point", "coordinates": [-98.6037, 33.8636]}, "properties": {"year": 2022, "state": "Texas", "age_band": "65+", "sex": "Female", "lighting": "Daylight", "hour": "7:00am-7:59am", "month": "May", "crash_group": "Loss of Control / Turning Error", "crash_type": "Motorist Turning Error - Left turn"}}, {"type": "Feature", "geometry": {"type": "Point", "coordinates": [-98.5262, 29.4249]}, "properties": {"year": 2022, "state": "Texas", "age_band": "45-64", "sex": "Male", "lighting": "Dark - Lighted", "hour": "10:00pm-10:59pm", "month": "July", "crash_group": "Motorist Failed to Yield - Sign-Controlled Intersection", "crash_type": "Motorist Drive Through - Sign-Controlled Intersection"}}, {"type": "Feature", "geometry": {"type": "Point", "coordinates": [-95.5888, 29.7347]}, "properties": {"year": 2022, "state": "Texas", "age_band": "25-44", "sex": "Male", "lighting": "Dark - Lighted", "hour": "9:00pm-9:59pm", "month": "May", "crash_group": "Bicyclist Failed to Yield - Midblock", "crash_type": "Bicyclist Ride Out - Midblock - Unknown"}}, {"type": "Feature", "geometry": {"type": "Point", "coordinates": [-97.3161, 32.6843]}, "properties": {"year": 2022, "state": "Texas", "age_band": "25-44", "sex": "Male", "lighting": "Daylight", "hour": "7:00pm-7:59pm", "month": "August", "crash_group": "Loss of Control / Turning Error", "crash_type": "Bicyclist Lost Control - Other / Unknown"}}, {"type": "Feature", "geometry": {"type": "Point", "coordinates": [-98.4838, 29.4413]}, "properties": {"year": 2022, "state": "Texas", "age_band": "45-64", "sex": "Male", "lighting": "Dark - Not Lighted", "hour": "0:00am-0:59am", "month": "July", "crash_group": "Motorist Overtaking Bicyclist", "crash_type": "Motorist Overtaking - Undetected Bicyclist or Detected - Too Late to Avoid"}}, {"type": "Feature", "geometry": {"type": "Point", "coordinates": [-95.2116, 33.1629]}, "properties": {"year": 2022, "state": "Texas", "age_band": "25-44", "sex": "Male", "lighting": "Dark - Not Lighted", "hour": "0:00am-0:59am", "month": "July", "crash_group": "Motorist Overtaking Bicyclist", "crash_type": "Motorist Overtaking - Undetected Bicyclist or Detected - Too Late to Avoid"}}, {"type": "Feature", "geometry": {"type": "Point", "coordinates": [-94.9892, 29.7228]}, "properties": {"year": 2022, "state": "Texas", "age_band": "65+", "sex": "Male", "lighting": "Dark - Lighted", "hour": "6:00am-6:59am", "month": "August", "crash_group": "Bicyclist Left Turn / Merge", "crash_type": "Bicyclist Left Turn - Opposite Direction"}}, {"type": "Feature", "geometry": {"type": "Point", "coordinates": [-95.6043, 31.7886]}, "properties": {"year": 2022, "state": "Texas", "age_band": "65+", "sex": "Male", "lighting": "Daylight", "hour": "3:00pm-3:59pm", "month": "August", "crash_group": "Loss of Control / Turning Error", "crash_type": "Bicyclist Turning Error - Left turn"}}, {"type": "Feature", "geometry": {"type": "Point", "coordinates": [-97.0976, 32.7235]}, "properties": {"year": 2022, "state": "Texas", "age_band": "45-64", "sex": "Female", "lighting": "Dark - Lighted", "hour": "11:00pm-11:59pm", "month": "August", "crash_group": "Bicyclist Failed to Yield - Midblock", "crash_type": "Bicyclist Ride Out - Other Midblock"}}, {"type": "Feature", "geometry": {"type": "Point", "coordinates": [-94.102, 33.4179]}, "properties": {"year": 2022, "state": "Texas", "age_band": "18-24", "sex": "Male", "lighting": "Daylight", "hour": "5:00pm-5:59pm", "month": "August", "crash_group": "Other / Unusual Circumstances", "crash_type": "Unusual Circumstances"}}, {"type": "Feature", "geometry": {"type": "Point", "coordinates": [-96.6719, 33.2178]}, "properties": {"year": 2022, "state": "Texas", "age_band": "25-44", "sex": "Male", "lighting": "Dark - Not Lighted", "hour": "2:00am-2:59am", "month": "August", "crash_group": "Motorist Overtaking Bicyclist", "crash_type": "Motorist Overtaking - Other/ Unknown"}}, {"type": "Feature", "geometry": {"type": "Point", "coordinates": [-99.0087, 29.9426]}, "properties": {"year": 2022, "state": "Texas", "age_band": "25-44", "sex": "Male", "lighting": "Daylight", "hour": "3:00pm-3:59pm", "month": "August", "crash_group": "Wrong-Way / Wrong-Side", "crash_type": "Wrong-Way / Wrong-Side - Bicyclist"}}, {"type": "Feature", "geometry": {"type": "Point", "coordinates": [-96.407, 30.6544]}, "properties": {"year": 2022, "state": "Texas", "age_band": "45-64", "sex": "Male", "lighting": "Dark - Not Lighted", "hour": "5:00am-5:59am", "month": "September", "crash_group": "Crossing Paths - Other Circumstances", "crash_type": "Sign-Controlled Intersection - Other / Unknown"}}, {"type": "Feature", "geometry": {"type": "Point", "coordinates": [-96.6165, 32.6727]}, "properties": {"year": 2022, "state": "Texas", "age_band": "45-64", "sex": "Male", "lighting": "Dawn", "hour": "7:00am-7:59am", "month": "September", "crash_group": "Motorist Overtaking Bicyclist", "crash_type": "Motorist Overtaking - Other/ Unknown"}}, {"type": "Feature", "geometry": {"type": "Point", "coordinates": [-96.6886, 32.7123]}, "properties": {"year": 2022, "state": "Texas", "age_band": "45-64", "sex": "Female", "lighting": "Dark - Lighted", "hour": "2:00am-2:59am", "month": "September", "crash_group": "Crossing Paths - Other Circumstances", "crash_type": "Crossing Paths - Uncontrolled Intersection"}}, {"type": "Feature", "geometry": {"type": "Point", "coordinates": [-99.7581, 32.4437]}, "properties": {"year": 2022, "state": "Texas", "age_band": "45-64", "sex": "Female", "lighting": "Daylight", "hour": "7:00am-7:59am", "month": "September", "crash_group": "Motorist Left Turn / Merge", "crash_type": "Motorist Left Turn- Opposite Direction"}}, {"type": "Feature", "geometry": {"type": "Point", "coordinates": [-98.6605, 29.4763]}, "properties": {"year": 2022, "state": "Texas", "age_band": "25-44", "sex": "Male", "lighting": "Dark - Not Lighted", "hour": "9:00pm-9:59pm", "month": "September", "crash_group": "Motorist Overtaking Bicyclist", "crash_type": "Motorist Overtaking - Undetected Bicyclist or Detected - Too Late to Avoid"}}, {"type": "Feature", "geometry": {"type": "Point", "coordinates": [-98.6088, 29.4114]}, "properties": {"year": 2022, "state": "Texas", "age_band": "45-64", "sex": "Male", "lighting": "Dark - Lighted", "hour": "1:00am-1:59am", "month": "September", "crash_group": "Motorist Overtaking Bicyclist", "crash_type": "Motorist Overtaking - Other/ Unknown"}}, {"type": "Feature", "geometry": {"type": "Point", "coordinates": [-97.3055, 32.7713]}, "properties": {"year": 2022, "state": "Texas", "age_band": "45-64", "sex": "Male", "lighting": "Dark - Not Lighted", "hour": "0:00am-0:59am", "month": "September", "crash_group": "Motorist Overtaking Bicyclist", "crash_type": "Motorist Overtaking - Other/ Unknown"}}, {"type": "Feature", "geometry": {"type": "Point", "coordinates": [-97.0441, 32.7382]}, "properties": {"year": 2022, "state": "Texas", "age_band": "45-64", "sex": "Male", "lighting": "Dark - Not Lighted", "hour": "9:00pm-9:59pm", "month": "September", "crash_group": "Motorist Overtaking Bicyclist", "crash_type": "Motorist Overtaking - Other/ Unknown"}}, {"type": "Feature", "geometry": {"type": "Point", "coordinates": [-96.609, 33.6565]}, "properties": {"year": 2022, "state": "Texas", "age_band": "45-64", "sex": "Male", "lighting": "Daylight", "hour": "6:00pm-6:59pm", "month": "September", "crash_group": "Wrong-Way / Wrong-Side", "crash_type": "Wrong-Way / Wrong-Side - Bicyclist"}}, {"type": "Feature", "geometry": {"type": "Point", "coordinates": [-97.3325, 32.6352]}, "properties": {"year": 2022, "state": "Texas", "age_band": "25-44", "sex": "Male", "lighting": "Dark - Not Lighted", "hour": "8:00pm-8:59pm", "month": "September", "crash_group": "Motorist Overtaking Bicyclist", "crash_type": "Motorist Overtaking - Undetected Bicyclist or Detected - Too Late to Avoid"}}, {"type": "Feature", "geometry": {"type": "Point", "coordinates": [-97.3017, 32.7731]}, "properties": {"year": 2022, "state": "Texas", "age_band": "45-64", "sex": "Male", "lighting": "Dark - Lighted", "hour": "5:00am-5:59am", "month": "October", "crash_group": "Bicyclist Failed to Yield - Signalized Intersection", "crash_type": "Bicyclist Ride Through - Signalized Intersection"}}, {"type": "Feature", "geometry": {"type": "Point", "coordinates": [-95.2335, 29.7572]}, "properties": {"year": 2022, "state": "Texas", "age_band": "18-24", "sex": "Male", "lighting": "Dark - Not Lighted", "hour": "8:00pm-8:59pm", "month": "August", "crash_group": "Motorist Overtaking Bicyclist", "crash_type": "Motorist Overtaking - Undetected Bicyclist or Detected - Too Late to Avoid"}}, {"type": "Feature", "geometry": {"type": "Point", "coordinates": [-95.2366, 30.0636]}, "properties": {"year": 2022, "state": "Texas", "age_band": "0-12 (child)", "sex": "Male", "lighting": "Daylight", "hour": "4:00pm-4:59pm", "month": "September", "crash_group": "Motorist Left Turn / Merge", "crash_type": "Motorist Left Turn- Opposite Direction"}}, {"type": "Feature", "geometry": {"type": "Point", "coordinates": [-93.9248, 29.9668]}, "properties": {"year": 2022, "state": "Texas", "age_band": "45-64", "sex": "Male", "lighting": "Dark - Lighted", "hour": "7:00pm-7:59pm", "month": "October", "crash_group": "Motorist Overtaking Bicyclist", "crash_type": "Motorist Overtaking - Undetected Bicyclist or Detected - Too Late to Avoid"}}, {"type": "Feature", "geometry": {"type": "Point", "coordinates": [-95.2766, 29.6613]}, "properties": {"year": 2022, "state": "Texas", "age_band": "25-44", "sex": "Female", "lighting": "Dark - Lighted", "hour": "6:00am-6:59am", "month": "October", "crash_group": "Motorist Right Turn / Merge", "crash_type": "Motorist Right Turn - Same Direction"}}, {"type": "Feature", "geometry": {"type": "Point", "coordinates": [-101.8446, 33.52]}, "properties": {"year": 2022, "state": "Texas", "age_band": "45-64", "sex": "Female", "lighting": "Dark - Lighted", "hour": "6:00am-6:59am", "month": "October", "crash_group": "Bicyclist Failed to Yield - Signalized Intersection", "crash_type": "Bicyclist Ride Through - Signalized Intersection"}}, {"type": "Feature", "geometry": {"type": "Point", "coordinates": [-96.7783, 32.7717]}, "properties": {"year": 2022, "state": "Texas", "age_band": "45-64", "sex": "Female", "lighting": "Dark - Not Lighted", "hour": "8:00pm-8:59pm", "month": "October", "crash_group": "Motorist Overtaking Bicyclist", "crash_type": "Motorist Overtaking - Undetected Bicyclist or Detected - Too Late to Avoid"}}, {"type": "Feature", "geometry": {"type": "Point", "coordinates": [-95.4546, 30.3194]}, "properties": {"year": 2022, "state": "Texas", "age_band": "45-64", "sex": "Male", "lighting": "Dark - Lighted", "hour": "3:00am-3:59am", "month": "October", "crash_group": "Motorist Overtaking Bicyclist", "crash_type": "Motorist Overtaking - Other/ Unknown"}}, {"type": "Feature", "geometry": {"type": "Point", "coordinates": [-95.3912, 29.7575]}, "properties": {"year": 2022, "state": "Texas", "age_band": "45-64", "sex": "Male", "lighting": "Dark - Lighted", "hour": "7:00pm-7:59pm", "month": "October", "crash_group": "Loss of Control / Turning Error", "crash_type": "Bicyclist Lost Control - Other / Unknown"}}, {"type": "Feature", "geometry": {"type": "Point", "coordinates": [-94.1493, 33.4442]}, "properties": {"year": 2022, "state": "Texas", "age_band": "45-64", "sex": "Male", "lighting": "Dark - Not Lighted", "hour": "7:00pm-7:59pm", "month": "October", "crash_group": "Motorist Overtaking Bicyclist", "crash_type": "Motorist Overtaking - Undetected Bicyclist or Detected - Too Late to Avoid"}}, {"type": "Feature", "geometry": {"type": "Point", "coordinates": [-97.1328, 31.537]}, "properties": {"year": 2022, "state": "Texas", "age_band": "25-44", "sex": "Male", "lighting": "Dark - Lighted", "hour": "9:00pm-9:59pm", "month": "October", "crash_group": "Bicyclist Failed to Yield - Sign-Controlled Intersection", "crash_type": "Bicyclist Ride Out - Sign-Controlled Intersection"}}, {"type": "Feature", "geometry": {"type": "Point", "coordinates": [-95.2331, 32.2449]}, "properties": {"year": 2022, "state": "Texas", "age_band": "45-64", "sex": "Male", "lighting": "Dark - Not Lighted", "hour": "11:00pm-11:59pm", "month": "November", "crash_group": "Wrong-Way / Wrong-Side", "crash_type": "Wrong-Way / Wrong-Side - Bicyclist"}}, {"type": "Feature", "geometry": {"type": "Point", "coordinates": [-97.7434, 31.0944]}, "properties": {"year": 2022, "state": "Texas", "age_band": "45-64", "sex": "Male", "lighting": "Dark - Not Lighted", "hour": "7:00pm-7:59pm", "month": "November", "crash_group": "Wrong-Way / Wrong-Side", "crash_type": "Wrong-Way / Wrong-Side - Bicyclist"}}, {"type": "Feature", "geometry": {"type": "Point", "coordinates": [-98.4866, 33.9154]}, "properties": {"year": 2022, "state": "Texas", "age_band": "45-64", "sex": "Male", "lighting": "Dark - Lighted", "hour": "5:00am-5:59am", "month": "October", "crash_group": "Bicyclist Failed to Yield - Midblock", "crash_type": "Bicyclist Ride Out - Other Midblock"}}, {"type": "Feature", "geometry": {"type": "Point", "coordinates": [-96.4432, 32.6784]}, "properties": {"year": 2022, "state": "Texas", "age_band": "13-17 (teen)", "sex": "Male", "lighting": "Dark - Not Lighted", "hour": "6:00pm-6:59pm", "month": "November", "crash_group": "Motorist Overtaking Bicyclist", "crash_type": "Motorist Overtaking - Undetected Bicyclist or Detected - Too Late to Avoid"}}, {"type": "Feature", "geometry": {"type": "Point", "coordinates": [-96.4432, 32.6784]}, "properties": {"year": 2022, "state": "Texas", "age_band": "13-17 (teen)", "sex": "Male", "lighting": "Dark - Not Lighted", "hour": "6:00pm-6:59pm", "month": "November", "crash_group": "Motorist Overtaking Bicyclist", "crash_type": "Motorist Overtaking - Undetected Bicyclist or Detected - Too Late to Avoid"}}, {"type": "Feature", "geometry": {"type": "Point", "coordinates": [-106.4769, 31.7695]}, "properties": {"year": 2022, "state": "Texas", "age_band": "25-44", "sex": "Male", "lighting": "Dark - Not Lighted", "hour": "3:00am-3:59am", "month": "November", "crash_group": "Motorist Overtaking Bicyclist", "crash_type": "Motorist Overtaking - Other/ Unknown"}}, {"type": "Feature", "geometry": {"type": "Point", "coordinates": [-95.2014, 29.772]}, "properties": {"year": 2022, "state": "Texas", "age_band": "Unknown", "sex": "Male", "lighting": "Dark - Not Lighted", "hour": "11:00pm-11:59pm", "month": "November", "crash_group": "Motorist Overtaking Bicyclist", "crash_type": "Motorist Overtaking - Other/ Unknown"}}, {"type": "Feature", "geometry": {"type": "Point", "coordinates": [-97.7875, 33.1894]}, "properties": {"year": 2022, "state": "Texas", "age_band": "25-44", "sex": "Male", "lighting": "Dusk", "hour": "5:00pm-5:59pm", "month": "November", "crash_group": "Motorist Overtaking Bicyclist", "crash_type": "Motorist Overtaking - Undetected Bicyclist or Detected - Too Late to Avoid"}}, {"type": "Feature", "geometry": {"type": "Point", "coordinates": [-95.1598, 29.7905]}, "properties": {"year": 2022, "state": "Texas", "age_band": "45-64", "sex": "Female", "lighting": "Daylight", "hour": "3:00pm-3:59pm", "month": "November", "crash_group": "Motorist Right Turn / Merge", "crash_type": "Motorist Right Turn - Same Direction"}}, {"type": "Feature", "geometry": {"type": "Point", "coordinates": [-95.8297, 29.7369]}, "properties": {"year": 2022, "state": "Texas", "age_band": "13-17 (teen)", "sex": "Female", "lighting": "Dark - Lighted", "hour": "6:00pm-6:59pm", "month": "November", "crash_group": "Bicyclist Failed to Yield - Signalized Intersection", "crash_type": "Bicyclist Ride Out - Signalized Intersection"}}, {"type": "Feature", "geometry": {"type": "Point", "coordinates": [-106.3042, 31.7215]}, "properties": {"year": 2022, "state": "Texas", "age_band": "25-44", "sex": "Male", "lighting": "Dark - Lighted", "hour": "0:00am-0:59am", "month": "December", "crash_group": "Other / Unknown - Insufficient Details", "crash_type": "Unknown Approach Paths"}}, {"type": "Feature", "geometry": {"type": "Point", "coordinates": [-96.8555, 32.9495]}, "properties": {"year": 2022, "state": "Texas", "age_band": "45-64", "sex": "Male", "lighting": "Daylight", "hour": "8:00am-8:59am", "month": "December", "crash_group": "Motorist Left Turn / Merge", "crash_type": "Motorist Left Turn- Opposite Direction"}}, {"type": "Feature", "geometry": {"type": "Point", "coordinates": [-95.7062, 29.7904]}, "properties": {"year": 2022, "state": "Texas", "age_band": "18-24", "sex": "Male", "lighting": "Dark - Not Lighted", "hour": "5:00am-5:59am", "month": "December", "crash_group": "Bicyclist Failed to Yield - Signalized Intersection", "crash_type": "Bicyclist Ride Through - Signalized Intersection"}}, {"type": "Feature", "geometry": {"type": "Point", "coordinates": [-111.9054, 40.6059]}, "properties": {"year": 2022, "state": "Utah", "age_band": "45-64", "sex": "Male", "lighting": "Dark - Lighted", "hour": "0:00am-0:59am", "month": "April", "crash_group": "Motorist Overtaking Bicyclist", "crash_type": "Motorist Overtaking - Undetected Bicyclist or Detected - Too Late to Avoid"}}, {"type": "Feature", "geometry": {"type": "Point", "coordinates": [-111.9771, 41.0739]}, "properties": {"year": 2022, "state": "Utah", "age_band": "25-44", "sex": "Male", "lighting": "Daylight", "hour": "11:00am-11:59am", "month": "April", "crash_group": "Bicyclist Failed to Yield - Signalized Intersection", "crash_type": "Bicyclist Ride Through - Signalized Intersection"}}, {"type": "Feature", "geometry": {"type": "Point", "coordinates": [-113.4595, 37.1422]}, "properties": {"year": 2022, "state": "Utah", "age_band": "45-64", "sex": "Male", "lighting": "Daylight", "hour": "1:00pm-1:59pm", "month": "April", "crash_group": "Loss of Control / Turning Error", "crash_type": "Motorist Lost Control - Alcohol / Drug Impairment"}}, {"type": "Feature", "geometry": {"type": "Point", "coordinates": [-113.4595, 37.1422]}, "properties": {"year": 2022, "state": "Utah", "age_band": "45-64", "sex": "Male", "lighting": "Daylight", "hour": "1:00pm-1:59pm", "month": "April", "crash_group": "Loss of Control / Turning Error", "crash_type": "Motorist Lost Control - Alcohol / Drug Impairment"}}, {"type": "Feature", "geometry": {"type": "Point", "coordinates": [-111.6436, 40.123]}, "properties": {"year": 2022, "state": "Utah", "age_band": "45-64", "sex": "Male", "lighting": "Daylight", "hour": "11:00am-11:59am", "month": "May", "crash_group": "Motorist Right Turn / Merge", "crash_type": "Motorist right Turn - Opposite Direction"}}, {"type": "Feature", "geometry": {"type": "Point", "coordinates": [-111.9522, 41.1633]}, "properties": {"year": 2022, "state": "Utah", "age_band": "65+", "sex": "Male", "lighting": "Daylight", "hour": "8:00pm-8:59pm", "month": "July", "crash_group": "Motorist Failed to Yield - Signalized Intersection", "crash_type": "Motorist Drive Out - Signalized Intersection"}}, {"type": "Feature", "geometry": {"type": "Point", "coordinates": [-111.4679, 40.6928]}, "properties": {"year": 2022, "state": "Utah", "age_band": "18-24", "sex": "Male", "lighting": "Daylight", "hour": "3:00pm-3:59pm", "month": "July", "crash_group": "Parallel Paths - Other Circumstances", "crash_type": "Bicyclist Ride Out - Parallel Path"}}, {"type": "Feature", "geometry": {"type": "Point", "coordinates": [-111.7167, 40.2755]}, "properties": {"year": 2022, "state": "Utah", "age_band": "25-44", "sex": "Male", "lighting": "Daylight", "hour": "5:00pm-5:59pm", "month": "July", "crash_group": "Loss of Control / Turning Error", "crash_type": "Bicyclist Lost Control - Other / Unknown"}}, {"type": "Feature", "geometry": {"type": "Point", "coordinates": [-111.9392, 40.7717]}, "properties": {"year": 2022, "state": "Utah", "age_band": "45-64", "sex": "Female", "lighting": "Daylight", "hour": "12:00pm-12:59pm", "month": "June", "crash_group": "Bicyclist Failed to Yield - Signalized Intersection", "crash_type": "Bicyclist Ride Through - Signalized Intersection"}}, {"type": "Feature", "geometry": {"type": "Point", "coordinates": [-111.9098, 40.9066]}, "properties": {"year": 2022, "state": "Utah", "age_band": "13-17 (teen)", "sex": "Female", "lighting": "Daylight", "hour": "4:00pm-4:59pm", "month": "July", "crash_group": "Motorist Overtaking Bicyclist", "crash_type": "Motorist Overtaking - Other/ Unknown"}}, {"type": "Feature", "geometry": {"type": "Point", "coordinates": [-111.9098, 40.9066]}, "properties": {"year": 2022, "state": "Utah", "age_band": "45-64", "sex": "Male", "lighting": "Daylight", "hour": "4:00pm-4:59pm", "month": "July", "crash_group": "Motorist Overtaking Bicyclist", "crash_type": "Motorist Overtaking - Other/ Unknown"}}, {"type": "Feature", "geometry": {"type": "Point", "coordinates": [-112.049, 41.3359]}, "properties": {"year": 2022, "state": "Utah", "age_band": "65+", "sex": "Male", "lighting": "Daylight", "hour": "9:00am-9:59am", "month": "August", "crash_group": "Parallel Paths - Other Circumstances", "crash_type": "Bicyclist Ride Out - Parallel Path"}}, {"type": "Feature", "geometry": {"type": "Point", "coordinates": [-111.9341, 40.5879]}, "properties": {"year": 2022, "state": "Utah", "age_band": "13-17 (teen)", "sex": "Male", "lighting": "Daylight", "hour": "6:00pm-6:59pm", "month": "April", "crash_group": "Crossing Paths - Other Circumstances", "crash_type": "Crossing Paths - Intersection - Other / Unknown Control"}}, {"type": "Feature", "geometry": {"type": "Point", "coordinates": [-111.8932, 40.6621]}, "properties": {"year": 2022, "state": "Utah", "age_band": "25-44", "sex": "Male", "lighting": "Dawn", "hour": "6:00am-6:59am", "month": "September", "crash_group": "Motorist Failed to Yield - Signalized Intersection", "crash_type": "Motorist Drive Through - Signalized Intersection"}}, {"type": "Feature", "geometry": {"type": "Point", "coordinates": [-113.2961, 37.1707]}, "properties": {"year": 2022, "state": "Utah", "age_band": "13-17 (teen)", "sex": "Male", "lighting": "Dusk", "hour": "7:00pm-7:59pm", "month": "September", "crash_group": "Crossing Paths - Other Circumstances", "crash_type": "Crossing Paths - Intersection - Other / Unknown Control"}}, {"type": "Feature", "geometry": {"type": "Point", "coordinates": [-111.9013, 40.6997]}, "properties": {"year": 2022, "state": "Utah", "age_band": "45-64", "sex": "Male", "lighting": "Daylight", "hour": "4:00pm-4:59pm", "month": "August", "crash_group": "Loss of Control / Turning Error", "crash_type": "Motorist Turning Error - Right turn"}}, {"type": "Feature", "geometry": {"type": "Point", "coordinates": [-73.1564, 44.4327]}, "properties": {"year": 2022, "state": "Vermont", "age_band": "65+", "sex": "Male", "lighting": "Daylight", "hour": "12:00pm-12:59pm", "month": "October", "crash_group": "Motorist Overtaking Bicyclist", "crash_type": "Motorist Overtaking - Misjudged Space"}}, {"type": "Feature", "geometry": {"type": "Point", "coordinates": [-78.4089, 36.6622]}, "properties": {"year": 2022, "state": "Virginia", "age_band": "45-64", "sex": "Male", "lighting": "Daylight", "hour": "4:00pm-4:59pm", "month": "January", "crash_group": "Bicyclist Failed to Yield - Sign-Controlled Intersection", "crash_type": "Bicyclist Ride Through - Sign-Controlled Intersection"}}, {"type": "Feature", "geometry": {"type": "Point", "coordinates": [-79.863, 37.4329]}, "properties": {"year": 2022, "state": "Virginia", "age_band": "25-44", "sex": "Female", "lighting": "Daylight", "hour": "2:00pm-2:59pm", "month": "February", "crash_group": "Motorist Overtaking Bicyclist", "crash_type": "Motorist Overtaking - Undetected Bicyclist or Detected - Too Late to Avoid"}}, {"type": "Feature", "geometry": {"type": "Point", "coordinates": [-76.3873, 37.0915]}, "properties": {"year": 2022, "state": "Virginia", "age_band": "25-44", "sex": "Male", "lighting": "Dark - Not Lighted", "hour": "11:00pm-11:59pm", "month": "June", "crash_group": "Wrong-Way / Wrong-Side", "crash_type": "Wrong-Way / Wrong-Side - Bicyclist"}}, {"type": "Feature", "geometry": {"type": "Point", "coordinates": [-76.6929, 36.9642]}, "properties": {"year": 2022, "state": "Virginia", "age_band": "45-64", "sex": "Male", "lighting": "Daylight", "hour": "6:00pm-6:59pm", "month": "May", "crash_group": "Bicyclist Failed to Yield - Sign-Controlled Intersection", "crash_type": "Bicyclist Ride Out - Sign-Controlled Intersection"}}, {"type": "Feature", "geometry": {"type": "Point", "coordinates": [-77.3837, 37.217]}, "properties": {"year": 2022, "state": "Virginia", "age_band": "45-64", "sex": "Male", "lighting": "Daylight", "hour": "2:00pm-2:59pm", "month": "May", "crash_group": "Other / Unknown - Insufficient Details", "crash_type": "Unknown Approach Paths"}}, {"type": "Feature", "geometry": {"type": "Point", "coordinates": [-77.3998, 37.4712]}, "properties": {"year": 2022, "state": "Virginia", "age_band": "45-64", "sex": "Female", "lighting": "Daylight", "hour": "7:00am-7:59am", "month": "August", "crash_group": "Motorist Overtaking Bicyclist", "crash_type": "Motorist Overtaking - Other/ Unknown"}}, {"type": "Feature", "geometry": {"type": "Point", "coordinates": [-77.3998, 37.4712]}, "properties": {"year": 2022, "state": "Virginia", "age_band": "25-44", "sex": "Female", "lighting": "Daylight", "hour": "7:00am-7:59am", "month": "August", "crash_group": "Motorist Overtaking Bicyclist", "crash_type": "Motorist Overtaking - Other/ Unknown"}}, {"type": "Feature", "geometry": {"type": "Point", "coordinates": [-77.5159, 37.3895]}, "properties": {"year": 2022, "state": "Virginia", "age_band": "45-64", "sex": "Male", "lighting": "Daylight", "hour": "5:00pm-5:59pm", "month": "September", "crash_group": "Bicyclist Failed to Yield - Midblock", "crash_type": "Bicyclist Ride Out - Other Midblock"}}, {"type": "Feature", "geometry": {"type": "Point", "coordinates": [-76.4308, 36.9974]}, "properties": {"year": 2022, "state": "Virginia", "age_band": "25-44", "sex": "Male", "lighting": "Daylight", "hour": "6:00am-6:59am", "month": "September", "crash_group": "Other / Unknown - Insufficient Details", "crash_type": "Unknown Approach Paths"}}, {"type": "Feature", "geometry": {"type": "Point", "coordinates": [-77.4091, 38.9767]}, "properties": {"year": 2022, "state": "Virginia", "age_band": "45-64", "sex": "Male", "lighting": "Dark - Not Lighted", "hour": "5:00am-5:59am", "month": "September", "crash_group": "Motorist Left Turn / Merge", "crash_type": "Motorist Left Turn- Same Direction"}}, {"type": "Feature", "geometry": {"type": "Point", "coordinates": [-76.8084, 37.4016]}, "properties": {"year": 2022, "state": "Virginia", "age_band": "45-64", "sex": "Male", "lighting": "Dark - Lighted", "hour": "8:00pm-8:59pm", "month": "October", "crash_group": "Bicyclist Failed to Yield - Signalized Intersection", "crash_type": "Bicyclist Ride Out - Signalized Intersection"}}, {"type": "Feature", "geometry": {"type": "Point", "coordinates": [-77.5057, 38.2968]}, "properties": {"year": 2022, "state": "Virginia", "age_band": "45-64", "sex": "Male", "lighting": "Daylight", "hour": "1:00pm-1:59pm", "month": "December", "crash_group": "Bicyclist Failed to Yield - Midblock", "crash_type": "Bicyclist Ride Out - Other Midblock"}}, {"type": "Feature", "geometry": {"type": "Point", "coordinates": [-122.33, 47.5862]}, "properties": {"year": 2022, "state": "Washington", "age_band": "45-64", "sex": "Male", "lighting": "Dark - Lighted", "hour": "4:00pm-4:59pm", "month": "January", "crash_group": "Crossing Paths - Other Circumstances", "crash_type": "Crossing Paths - Uncontrolled Intersection"}}, {"type": "Feature", "geometry": {"type": "Point", "coordinates": [-122.6503, 47.6425]}, "properties": {"year": 2022, "state": "Washington", "age_band": "45-64", "sex": "Male", "lighting": "Daylight", "hour": "12:00pm-12:59pm", "month": "January", "crash_group": "Motorist Overtaking Bicyclist", "crash_type": "Motorist Overtaking - Other/ Unknown"}}, {"type": "Feature", "geometry": {"type": "Point", "coordinates": [-120.6555, 46.6057]}, "properties": {"year": 2022, "state": "Washington", "age_band": "65+", "sex": "Female", "lighting": "Daylight", "hour": "10:00am-10:59am", "month": "June", "crash_group": "Motorist Overtaking Bicyclist", "crash_type": "Motorist Overtaking - Other/ Unknown"}}, {"type": "Feature", "geometry": {"type": "Point", "coordinates": [-122.4346, 47.1352]}, "properties": {"year": 2022, "state": "Washington", "age_band": "13-17 (teen)", "sex": "Male", "lighting": "Daylight", "hour": "4:00pm-4:59pm", "month": "July", "crash_group": "Motorist Failed to Yield - Signalized Intersection", "crash_type": "Motorist Drive Out - Signalized Intersection"}}, {"type": "Feature", "geometry": {"type": "Point", "coordinates": [-122.3289, 47.586]}, "properties": {"year": 2022, "state": "Washington", "age_band": "65+", "sex": "Male", "lighting": "Daylight", "hour": "10:00am-10:59am", "month": "May", "crash_group": "Motorist Failed to Yield - Midblock", "crash_type": "Motorist Drive-Out - Commercial Driveway"}}, {"type": "Feature", "geometry": {"type": "Point", "coordinates": [-122.5526, 45.6746]}, "properties": {"year": 2022, "state": "Washington", "age_band": "18-24", "sex": "Male", "lighting": "Dark - Lighted", "hour": "5:00am-5:59am", "month": "August", "crash_group": "Motorist Failed to Yield - Signalized Intersection", "crash_type": "Motorist Drive Through - Signalized Intersection"}}, {"type": "Feature", "geometry": {"type": "Point", "coordinates": [-122.3487, 47.5715]}, "properties": {"year": 2022, "state": "Washington", "age_band": "45-64", "sex": "Male", "lighting": "Daylight", "hour": "6:00pm-6:59pm", "month": "July", "crash_group": "Motorist Overtaking Bicyclist", "crash_type": "Motorist Overtaking - Other/ Unknown"}}, {"type": "Feature", "geometry": {"type": "Point", "coordinates": [-120.6501, 47.598]}, "properties": {"year": 2022, "state": "Washington", "age_band": "65+", "sex": "Male", "lighting": "Daylight", "hour": "4:00pm-4:59pm", "month": "October", "crash_group": "Bicyclist Left Turn / Merge", "crash_type": "Bicyclist Left Turn - Same Direction"}}, {"type": "Feature", "geometry": {"type": "Point", "coordinates": [-122.2227, 47.347]}, "properties": {"year": 2022, "state": "Washington", "age_band": "45-64", "sex": "Male", "lighting": "Dark - Lighted", "hour": "10:00pm-10:59pm", "month": "October", "crash_group": "Parallel Paths - Other Circumstances", "crash_type": "Parallel Paths - Other / Unknown"}}, {"type": "Feature", "geometry": {"type": "Point", "coordinates": [-123.1377, 48.0689]}, "properties": {"year": 2022, "state": "Washington", "age_band": "65+", "sex": "Male", "lighting": "Daylight", "hour": "12:00pm-12:59pm", "month": "August", "crash_group": "Backing Vehicle", "crash_type": "Backing Vehicle"}}, {"type": "Feature", "geometry": {"type": "Point", "coordinates": [-119.1974, 46.7817]}, "properties": {"year": 2022, "state": "Washington", "age_band": "45-64", "sex": "Male", "lighting": "Dark - Not Lighted", "hour": "8:00pm-8:59pm", "month": "September", "crash_group": "Motorist Overtaking Bicyclist", "crash_type": "Motorist Overtaking - Other/ Unknown"}}, {"type": "Feature", "geometry": {"type": "Point", "coordinates": [-81.1882, 37.7879]}, "properties": {"year": 2022, "state": "West Virginia", "age_band": "65+", "sex": "Male", "lighting": "Daylight", "hour": "3:00pm-3:59pm", "month": "March", "crash_group": "Bicyclist Failed to Yield - Midblock", "crash_type": "Bicyclist Ride-Out - Commercial Driveway"}}, {"type": "Feature", "geometry": {"type": "Point", "coordinates": [-81.4575, 39.319]}, "properties": {"year": 2022, "state": "West Virginia", "age_band": "45-64", "sex": "Male", "lighting": "Dark - Not Lighted", "hour": "5:00am-5:59am", "month": "October", "crash_group": "Parallel Paths - Other Circumstances", "crash_type": "Parallel Paths - Other / Unknown"}}, {"type": "Feature", "geometry": {"type": "Point", "coordinates": [-87.9382, 43.0048]}, "properties": {"year": 2022, "state": "Wisconsin", "age_band": "25-44", "sex": "Male", "lighting": "Daylight", "hour": "11:00am-11:59am", "month": "March", "crash_group": "Bicyclist Failed to Yield - Sign-Controlled Intersection", "crash_type": "Bicyclist Ride Through - Sign-Controlled Intersection"}}, {"type": "Feature", "geometry": {"type": "Point", "coordinates": [-89.8544, 43.2493]}, "properties": {"year": 2022, "state": "Wisconsin", "age_band": "45-64", "sex": "Male", "lighting": "Dusk", "hour": "9:00pm-9:59pm", "month": "June", "crash_group": "Motorist Overtaking Bicyclist", "crash_type": "Motorist Overtaking - Other/ Unknown"}}, {"type": "Feature", "geometry": {"type": "Point", "coordinates": [-89.6888, 43.3727]}, "properties": {"year": 2022, "state": "Wisconsin", "age_band": "65+", "sex": "Male", "lighting": "Daylight", "hour": "12:00pm-12:59pm", "month": "July", "crash_group": "Loss of Control / Turning Error", "crash_type": "Bicyclist Lost Control - Surface Conditions"}}, {"type": "Feature", "geometry": {"type": "Point", "coordinates": [-89.2965, 43.0624]}, "properties": {"year": 2022, "state": "Wisconsin", "age_band": "65+", "sex": "Male", "lighting": "Daylight", "hour": "2:00pm-2:59pm", "month": "August", "crash_group": "Bicyclist Left Turn / Merge", "crash_type": "Bicyclist Left Turn - Same Direction"}}, {"type": "Feature", "geometry": {"type": "Point", "coordinates": [-89.6151, 44.9569]}, "properties": {"year": 2022, "state": "Wisconsin", "age_band": "0-12 (child)", "sex": "Male", "lighting": "Daylight", "hour": "3:00pm-3:59pm", "month": "September", "crash_group": "Bicyclist Failed to Yield - Sign-Controlled Intersection", "crash_type": "Bicyclist Ride Through - Sign-Controlled Intersection"}}, {"type": "Feature", "geometry": {"type": "Point", "coordinates": [-88.3576, 44.2073]}, "properties": {"year": 2022, "state": "Wisconsin", "age_band": "45-64", "sex": "Male", "lighting": "Daylight", "hour": "6:00am-6:59am", "month": "September", "crash_group": "Motorist Overtaking Bicyclist", "crash_type": "Motorist Overtaking - Undetected Bicyclist or Detected - Too Late to Avoid"}}, {"type": "Feature", "geometry": {"type": "Point", "coordinates": [-87.9943, 43.0167]}, "properties": {"year": 2022, "state": "Wisconsin", "age_band": "25-44", "sex": "Female", "lighting": "Daylight", "hour": "9:00am-9:59am", "month": "October", "crash_group": "Crossing Paths - Other Circumstances", "crash_type": "Crossing Paths - Intersection - Other / Unknown Control"}}, {"type": "Feature", "geometry": {"type": "Point", "coordinates": [-87.8702, 42.93]}, "properties": {"year": 2022, "state": "Wisconsin", "age_band": "65+", "sex": "Male", "lighting": "Daylight", "hour": "11:00am-11:59am", "month": "October", "crash_group": "Motorist Left Turn / Merge", "crash_type": "Motorist Left Turn- Opposite Direction"}}, {"type": "Feature", "geometry": {"type": "Point", "coordinates": [-88.014, 43.1195]}, "properties": {"year": 2022, "state": "Wisconsin", "age_band": "45-64", "sex": "Male", "lighting": "Dawn", "hour": "7:00am-7:59am", "month": "September", "crash_group": "Motorist Right Turn / Merge", "crash_type": "Motorist right Turn - Opposite Direction"}}, {"type": "Feature", "geometry": {"type": "Point", "coordinates": [-89.3858, 43.0668]}, "properties": {"year": 2022, "state": "Wisconsin", "age_band": "65+", "sex": "Male", "lighting": "Dark - Lighted", "hour": "6:00am-6:59am", "month": "October", "crash_group": "Bicyclist Failed to Yield - Signalized Intersection", "crash_type": "Bicyclist Ride Out - Signalized Intersection"}}, {"type": "Feature", "geometry": {"type": "Point", "coordinates": [-87.9904, 43.0737]}, "properties": {"year": 2022, "state": "Wisconsin", "age_band": "65+", "sex": "Male", "lighting": "Daylight", "hour": "5:00pm-5:59pm", "month": "October", "crash_group": "Bicyclist Right Turn / Merge", "crash_type": "Bicyclist Right Turn - Same Direction"}}, {"type": "Feature", "geometry": {"type": "Point", "coordinates": [-87.9044, 43.0529]}, "properties": {"year": 2022, "state": "Wisconsin", "age_band": "25-44", "sex": "Male", "lighting": "Dark - Lighted", "hour": "9:00pm-9:59pm", "month": "October", "crash_group": "Motorist Left Turn / Merge", "crash_type": "Motorist Left Turn- Opposite Direction"}}, {"type": "Feature", "geometry": {"type": "Point", "coordinates": [-89.5147, 43.0606]}, "properties": {"year": 2022, "state": "Wisconsin", "age_band": "25-44", "sex": "Male", "lighting": "Dark - Lighted", "hour": "3:00am-3:59am", "month": "June", "crash_group": "Parallel Paths - Other Circumstances", "crash_type": "Parallel Paths - Other / Unknown"}}, {"type": "Feature", "geometry": {"type": "Point", "coordinates": [-87.935, 43.0084]}, "properties": {"year": 2022, "state": "Wisconsin", "age_band": "65+", "sex": "Male", "lighting": "Daylight", "hour": "3:00pm-3:59pm", "month": "July", "crash_group": "Other / Unknown - Insufficient Details", "crash_type": "Unknown Approach Paths"}}, {"type": "Feature", "geometry": {"type": "Point", "coordinates": [-109.2123, 41.5895]}, "properties": {"year": 2022, "state": "Wyoming", "age_band": "18-24", "sex": "Male", "lighting": "Daylight", "hour": "11:00am-11:59am", "month": "August", "crash_group": "Crossing Paths - Other Circumstances", "crash_type": "Crossing Paths - Uncontrolled Intersection"}}, {"type": "Feature", "geometry": {"type": "Point", "coordinates": [-87.7836, 34.9319]}, "properties": {"year": 2023, "state": "Alabama", "age_band": "45-64", "sex": "Male", "lighting": "Dark - Not Lighted", "hour": "8:00pm-8:59pm", "month": "February", "crash_group": "Motorist Overtaking Bicyclist", "crash_type": "Motorist Overtaking - Undetected Bicyclist or Detected - Too Late to Avoid"}}, {"type": "Feature", "geometry": {"type": "Point", "coordinates": [-87.2245, 33.9374]}, "properties": {"year": 2023, "state": "Alabama", "age_band": "45-64", "sex": "Male", "lighting": "Dark - Not Lighted", "hour": "8:00pm-8:59pm", "month": "April", "crash_group": "Motorist Overtaking Bicyclist", "crash_type": "Motorist Overtaking - Undetected Bicyclist or Detected - Too Late to Avoid"}}, {"type": "Feature", "geometry": {"type": "Point", "coordinates": [-87.6895, 30.2502]}, "properties": {"year": 2023, "state": "Alabama", "age_band": "13-17 (teen)", "sex": "Male", "lighting": "Daylight", "hour": "1:00pm-1:59pm", "month": "May", "crash_group": "Loss of Control / Turning Error", "crash_type": "Bicyclist Lost Control - Other / Unknown"}}, {"type": "Feature", "geometry": {"type": "Point", "coordinates": [-86.2268, 34.2839]}, "properties": {"year": 2023, "state": "Alabama", "age_band": "45-64", "sex": "Male", "lighting": "Dark - Lighted", "hour": "8:00pm-8:59pm", "month": "May", "crash_group": "Crossing Paths - Other Circumstances", "crash_type": "Crossing Paths - Uncontrolled Intersection"}}, {"type": "Feature", "geometry": {"type": "Point", "coordinates": [-86.1717, 32.3387]}, "properties": {"year": 2023, "state": "Alabama", "age_band": "25-44", "sex": "Male", "lighting": "Dark - Lighted", "hour": "0:00am-0:59am", "month": "June", "crash_group": "Parallel Paths - Other Circumstances", "crash_type": "Parallel Paths - Other / Unknown"}}, {"type": "Feature", "geometry": {"type": "Point", "coordinates": [-86.4668, 32.4473]}, "properties": {"year": 2023, "state": "Alabama", "age_band": "45-64", "sex": "Male", "lighting": "Daylight", "hour": "6:00pm-6:59pm", "month": "September", "crash_group": "Motorist Left Turn / Merge", "crash_type": "Motorist Left Turn- Opposite Direction"}}, {"type": "Feature", "geometry": {"type": "Point", "coordinates": [-86.4734, 34.8955]}, "properties": {"year": 2023, "state": "Alabama", "age_band": "25-44", "sex": "Male", "lighting": "Daylight", "hour": "3:00pm-3:59pm", "month": "September", "crash_group": "Loss of Control / Turning Error", "crash_type": "Motorist Lost Control - Oversteering, Improper Braking, Speed"}}, {"type": "Feature", "geometry": {"type": "Point", "coordinates": [-86.9233, 34.8681]}, "properties": {"year": 2023, "state": "Alabama", "age_band": "65+", "sex": "Male", "lighting": "Daylight", "hour": "5:00pm-5:59pm", "month": "October", "crash_group": "Motorist Overtaking Bicyclist", "crash_type": "Motorist Overtaking - Other/ Unknown"}}, {"type": "Feature", "geometry": {"type": "Point", "coordinates": [-86.8536, 33.9482]}, "properties": {"year": 2023, "state": "Alabama", "age_band": "18-24", "sex": "Male", "lighting": "Dark - Not Lighted", "hour": "6:00pm-6:59pm", "month": "November", "crash_group": "Wrong-Way / Wrong-Side", "crash_type": "Wrong-Way / Wrong-Side - Bicyclist"}}, {"type": "Feature", "geometry": {"type": "Point", "coordinates": [-86.8867, 33.4646]}, "properties": {"year": 2023, "state": "Alabama", "age_band": "0-12 (child)", "sex": "Male", "lighting": "Daylight", "hour": "12:00pm-12:59pm", "month": "August", "crash_group": "Bicyclist Left Turn / Merge", "crash_type": "Bicyclist Left Turn - Same Direction"}}, {"type": "Feature", "geometry": {"type": "Point", "coordinates": [-114.2171, 33.6543]}, "properties": {"year": 2023, "state": "Arizona", "age_band": "13-17 (teen)", "sex": "Male", "lighting": "Dark - Lighted", "hour": "7:00pm-7:59pm", "month": "January", "crash_group": "Motorist Overtaking Bicyclist", "crash_type": "Motorist Overtaking - Undetected Bicyclist or Detected - Too Late to Avoid"}}, {"type": "Feature", "geometry": {"type": "Point", "coordinates": [-114.3476, 34.4783]}, "properties": {"year": 2023, "state": "Arizona", "age_band": "25-44", "sex": "Male", "lighting": "Dark - Not Lighted", "hour": "7:00pm-7:59pm", "month": "January", "crash_group": "Motorist Left Turn / Merge", "crash_type": "Motorist Left Turn- Opposite Direction"}}, {"type": "Feature", "geometry": {"type": "Point", "coordinates": [-111.8402, 33.4007]}, "properties": {"year": 2023, "state": "Arizona", "age_band": "25-44", "sex": "Male", "lighting": "Daylight", "hour": "5:00pm-5:59pm", "month": "January", "crash_group": "Bicyclist Failed to Yield - Signalized Intersection", "crash_type": "Bicyclist Ride Through - Signalized Intersection"}}, {"type": "Feature", "geometry": {"type": "Point", "coordinates": [-111.7204, 33.2634]}, "properties": {"year": 2023, "state": "Arizona", "age_band": "65+", "sex": "Male", "lighting": "Daylight", "hour": "2:00pm-2:59pm", "month": "February", "crash_group": "Bicyclist Left Turn / Merge", "crash_type": "Bicyclist Left Turn - Same Direction"}}, {"type": "Feature", "geometry": {"type": "Point", "coordinates": [-112.1691, 33.5697]}, "properties": {"year": 2023, "state": "Arizona", "age_band": "25-44", "sex": "Male", "lighting": "Dark - Lighted", "hour": "5:00am-5:59am", "month": "February", "crash_group": "Bicyclist Failed to Yield - Midblock", "crash_type": "Multiple Threat -  Midblock"}}, {"type": "Feature", "geometry": {"type": "Point", "coordinates": [-111.9348, 33.4001]}, "properties": {"year": 2023, "state": "Arizona", "age_band": "45-64", "sex": "Male", "lighting": "Dark - Lighted", "hour": "5:00am-5:59am", "month": "February", "crash_group": "Bicyclist Failed to Yield - Sign-Controlled Intersection", "crash_type": "Bicyclist Ride Through - Sign-Controlled Intersection"}}, {"type": "Feature", "geometry": {"type": "Point", "coordinates": [-111.5517, 33.4148]}, "properties": {"year": 2023, "state": "Arizona", "age_band": "45-64", "sex": "Male", "lighting": "Dusk", "hour": "6:00pm-6:59pm", "month": "March", "crash_group": "Bicyclist Failed to Yield - Midblock", "crash_type": "Bicyclist Ride Out - Midblock - Unknown"}}, {"type": "Feature", "geometry": {"type": "Point", "coordinates": [-110.9268, 32.2361]}, "properties": {"year": 2023, "state": "Arizona", "age_band": "18-24", "sex": "Male", "lighting": "Dark - Lighted", "hour": "10:00pm-10:59pm", "month": "March", "crash_group": "Other / Unknown - Insufficient Details", "crash_type": "Unknown Approach Paths"}}, {"type": "Feature", "geometry": {"type": "Point", "coordinates": [-111.8767, 33.7424]}, "properties": {"year": 2023, "state": "Arizona", "age_band": "65+", "sex": "Male", "lighting": "Dark - Not Lighted", "hour": "5:00am-5:59am", "month": "March", "crash_group": "Bicyclist Left Turn / Merge", "crash_type": "Bicyclist Left Turn - Same Direction"}}, {"type": "Feature", "geometry": {"type": "Point", "coordinates": [-112.078, 33.4948]}, "properties": {"year": 2023, "state": "Arizona", "age_band": "45-64", "sex": "Male", "lighting": "Dark - Lighted", "hour": "10:00pm-10:59pm", "month": "April", "crash_group": "Loss of Control / Turning Error", "crash_type": "Motorist Turning Error - Right turn"}}, {"type": "Feature", "geometry": {"type": "Point", "coordinates": [-112.4271, 33.3961]}, "properties": {"year": 2023, "state": "Arizona", "age_band": "45-64", "sex": "Female", "lighting": "Daylight", "hour": "7:00am-7:59am", "month": "February", "crash_group": "Other / Unknown - Insufficient Details", "crash_type": "Unknown Approach Paths"}}, {"type": "Feature", "geometry": {"type": "Point", "coordinates": [-112.4271, 33.3961]}, "properties": {"year": 2023, "state": "Arizona", "age_band": "65+", "sex": "Male", "lighting": "Daylight", "hour": "7:00am-7:59am", "month": "February", "crash_group": "Motorist Overtaking Bicyclist", "crash_type": "Motorist Overtaking - Other/ Unknown"}}, {"type": "Feature", "geometry": {"type": "Point", "coordinates": [-112.4271, 33.3961]}, "properties": {"year": 2023, "state": "Arizona", "age_band": "65+", "sex": "Male", "lighting": "Daylight", "hour": "7:00am-7:59am", "month": "February", "crash_group": "Motorist Overtaking Bicyclist", "crash_type": "Motorist Overtaking - Other/ Unknown"}}, {"type": "Feature", "geometry": {"type": "Point", "coordinates": [-112.4271, 33.3961]}, "properties": {"year": 2023, "state": "Arizona", "age_band": "65+", "sex": "Male", "lighting": "Daylight", "hour": "7:00am-7:59am", "month": "February", "crash_group": "Motorist Overtaking Bicyclist", "crash_type": "Motorist Overtaking - Other/ Unknown"}}, {"type": "Feature", "geometry": {"type": "Point", "coordinates": [-112.4271, 33.3961]}, "properties": {"year": 2023, "state": "Arizona", "age_band": "65+", "sex": "Male", "lighting": "Daylight", "hour": "7:00am-7:59am", "month": "February", "crash_group": "Motorist Overtaking Bicyclist", "crash_type": "Motorist Overtaking - Other/ Unknown"}}, {"type": "Feature", "geometry": {"type": "Point", "coordinates": [-112.4271, 33.3961]}, "properties": {"year": 2023, "state": "Arizona", "age_band": "45-64", "sex": "Male", "lighting": "Daylight", "hour": "7:00am-7:59am", "month": "February", "crash_group": "Motorist Overtaking Bicyclist", "crash_type": "Motorist Overtaking - Other/ Unknown"}}, {"type": "Feature", "geometry": {"type": "Point", "coordinates": [-112.4271, 33.3961]}, "properties": {"year": 2023, "state": "Arizona", "age_band": "25-44", "sex": "Male", "lighting": "Daylight", "hour": "7:00am-7:59am", "month": "February", "crash_group": "Motorist Overtaking Bicyclist", "crash_type": "Motorist Overtaking - Other/ Unknown"}}, {"type": "Feature", "geometry": {"type": "Point", "coordinates": [-112.4271, 33.3961]}, "properties": {"year": 2023, "state": "Arizona", "age_band": "65+", "sex": "Female", "lighting": "Daylight", "hour": "7:00am-7:59am", "month": "February", "crash_group": "Motorist Overtaking Bicyclist", "crash_type": "Motorist Overtaking - Other/ Unknown"}}, {"type": "Feature", "geometry": {"type": "Point", "coordinates": [-112.4271, 33.3961]}, "properties": {"year": 2023, "state": "Arizona", "age_band": "65+", "sex": "Male", "lighting": "Daylight", "hour": "7:00am-7:59am", "month": "February", "crash_group": "Motorist Overtaking Bicyclist", "crash_type": "Motorist Overtaking - Other/ Unknown"}}, {"type": "Feature", "geometry": {"type": "Point", "coordinates": [-112.4271, 33.3961]}, "properties": {"year": 2023, "state": "Arizona", "age_band": "65+", "sex": "Male", "lighting": "Daylight", "hour": "7:00am-7:59am", "month": "February", "crash_group": "Motorist Overtaking Bicyclist", "crash_type": "Motorist Overtaking - Other/ Unknown"}}, {"type": "Feature", "geometry": {"type": "Point", "coordinates": [-112.4271, 33.3961]}, "properties": {"year": 2023, "state": "Arizona", "age_band": "45-64", "sex": "Female", "lighting": "Daylight", "hour": "7:00am-7:59am", "month": "February", "crash_group": "Motorist Overtaking Bicyclist", "crash_type": "Motorist Overtaking - Other/ Unknown"}}, {"type": "Feature", "geometry": {"type": "Point", "coordinates": [-112.4271, 33.3961]}, "properties": {"year": 2023, "state": "Arizona", "age_band": "45-64", "sex": "Male", "lighting": "Daylight", "hour": "7:00am-7:59am", "month": "February", "crash_group": "Motorist Overtaking Bicyclist", "crash_type": "Motorist Overtaking - Other/ Unknown"}}, {"type": "Feature", "geometry": {"type": "Point", "coordinates": [-112.4271, 33.3961]}, "properties": {"year": 2023, "state": "Arizona", "age_band": "45-64", "sex": "Male", "lighting": "Daylight", "hour": "7:00am-7:59am", "month": "February", "crash_group": "Motorist Overtaking Bicyclist", "crash_type": "Motorist Overtaking - Other/ Unknown"}}, {"type": "Feature", "geometry": {"type": "Point", "coordinates": [-112.4271, 33.3961]}, "properties": {"year": 2023, "state": "Arizona", "age_band": "45-64", "sex": "Male", "lighting": "Daylight", "hour": "7:00am-7:59am", "month": "February", "crash_group": "Motorist Overtaking Bicyclist", "crash_type": "Motorist Overtaking - Other/ Unknown"}}, {"type": "Feature", "geometry": {"type": "Point", "coordinates": [-112.4271, 33.3961]}, "properties": {"year": 2023, "state": "Arizona", "age_band": "45-64", "sex": "Male", "lighting": "Daylight", "hour": "7:00am-7:59am", "month": "February", "crash_group": "Motorist Overtaking Bicyclist", "crash_type": "Motorist Overtaking - Other/ Unknown"}}, {"type": "Feature", "geometry": {"type": "Point", "coordinates": [-112.4271, 33.3961]}, "properties": {"year": 2023, "state": "Arizona", "age_band": "45-64", "sex": "Male", "lighting": "Daylight", "hour": "7:00am-7:59am", "month": "February", "crash_group": "Motorist Overtaking Bicyclist", "crash_type": "Motorist Overtaking - Other/ Unknown"}}, {"type": "Feature", "geometry": {"type": "Point", "coordinates": [-112.4271, 33.3961]}, "properties": {"year": 2023, "state": "Arizona", "age_band": "45-64", "sex": "Male", "lighting": "Daylight", "hour": "7:00am-7:59am", "month": "February", "crash_group": "Motorist Overtaking Bicyclist", "crash_type": "Motorist Overtaking - Other/ Unknown"}}, {"type": "Feature", "geometry": {"type": "Point", "coordinates": [-112.4271, 33.3961]}, "properties": {"year": 2023, "state": "Arizona", "age_band": "45-64", "sex": "Male", "lighting": "Daylight", "hour": "7:00am-7:59am", "month": "February", "crash_group": "Motorist Overtaking Bicyclist", "crash_type": "Motorist Overtaking - Other/ Unknown"}}, {"type": "Feature", "geometry": {"type": "Point", "coordinates": [-110.9635, 32.2503]}, "properties": {"year": 2023, "state": "Arizona", "age_band": "65+", "sex": "Male", "lighting": "Dark - Lighted", "hour": "8:00pm-8:59pm", "month": "March", "crash_group": "Parallel Paths - Other Circumstances", "crash_type": "Parallel Paths - Other / Unknown"}}, {"type": "Feature", "geometry": {"type": "Point", "coordinates": [-110.9012, 32.1998]}, "properties": {"year": 2023, "state": "Arizona", "age_band": "45-64", "sex": "Male", "lighting": "Daylight", "hour": "2:00pm-2:59pm", "month": "May", "crash_group": "Bicyclist Failed to Yield - Midblock", "crash_type": "Bicyclist Ride Out - Other Midblock"}}, {"type": "Feature", "geometry": {"type": "Point", "coordinates": [-111.635, 33.4504]}, "properties": {"year": 2023, "state": "Arizona", "age_band": "25-44", "sex": "Male", "lighting": "Daylight", "hour": "4:00pm-4:59pm", "month": "May", "crash_group": "Motorist Overtaking Bicyclist", "crash_type": "Motorist Overtaking - Other/ Unknown"}}, {"type": "Feature", "geometry": {"type": "Point", "coordinates": [-111.812, 33.3933]}, "properties": {"year": 2023, "state": "Arizona", "age_band": "65+", "sex": "Male", "lighting": "Dark - Lighted", "hour": "9:00pm-9:59pm", "month": "June", "crash_group": "Bicyclist Failed to Yield - Midblock", "crash_type": "Bicyclist Ride Out - Other Midblock"}}, {"type": "Feature", "geometry": {"type": "Point", "coordinates": [-112.0597, 33.5721]}, "properties": {"year": 2023, "state": "Arizona", "age_band": "25-44", "sex": "Male", "lighting": "Dark - Lighted", "hour": "9:00pm-9:59pm", "month": "February", "crash_group": "Bicyclist Failed to Yield - Midblock", "crash_type": "Bicyclist Ride Out - Other Midblock"}}, {"type": "Feature", "geometry": {"type": "Point", "coordinates": [-110.9718, 32.2373]}, "properties": {"year": 2023, "state": "Arizona", "age_band": "65+", "sex": "Male", "lighting": "Dark - Lighted", "hour": "10:00pm-10:59pm", "month": "June", "crash_group": "Bicyclist Left Turn / Merge", "crash_type": "Bicyclist Left Turn - Opposite Direction"}}, {"type": "Feature", "geometry": {"type": "Point", "coordinates": [-114.1437, 35.2186]}, "properties": {"year": 2023, "state": "Arizona", "age_band": "45-64", "sex": "Male", "lighting": "Dark - Lighted", "hour": "8:00pm-8:59pm", "month": "July", "crash_group": "Motorist Overtaking Bicyclist", "crash_type": "Motorist Overtaking - Undetected Bicyclist or Detected - Too Late to Avoid"}}, {"type": "Feature", "geometry": {"type": "Point", "coordinates": [-112.149, 35.2701]}, "properties": {"year": 2023, "state": "Arizona", "age_band": "25-44", "sex": "Male", "lighting": "Dark - Not Lighted", "hour": "7:00pm-7:59pm", "month": "September", "crash_group": "Parallel Paths - Other Circumstances", "crash_type": "Parallel Paths - Other / Unknown"}}, {"type": "Feature", "geometry": {"type": "Point", "coordinates": [-110.95, 32.2915]}, "properties": {"year": 2023, "state": "Arizona", "age_band": "65+", "sex": "Male", "lighting": "Dawn", "hour": "6:00am-6:59am", "month": "September", "crash_group": "Bicyclist Failed to Yield - Signalized Intersection", "crash_type": "Bicyclist Ride Out - Signalized Intersection"}}, {"type": "Feature", "geometry": {"type": "Point", "coordinates": [-111.8757, 33.5971]}, "properties": {"year": 2023, "state": "Arizona", "age_band": "65+", "sex": "Male", "lighting": "Dusk", "hour": "6:00pm-6:59pm", "month": "September", "crash_group": "Bicyclist Failed to Yield - Midblock", "crash_type": "Bicyclist Ride Out - Residential Driveway"}}, {"type": "Feature", "geometry": {"type": "Point", "coordinates": [-111.9097, 33.4384]}, "properties": {"year": 2023, "state": "Arizona", "age_band": "45-64", "sex": "Female", "lighting": "Dusk", "hour": "6:00pm-6:59pm", "month": "April", "crash_group": "Motorist Left Turn / Merge", "crash_type": "Motorist Left Turn- Opposite Direction"}}, {"type": "Feature", "geometry": {"type": "Point", "coordinates": [-111.8565, 33.4223]}, "properties": {"year": 2023, "state": "Arizona", "age_band": "65+", "sex": "Male", "lighting": "Daylight", "hour": "4:00pm-4:59pm", "month": "November", "crash_group": "Other / Unknown - Insufficient Details", "crash_type": "Unknown Approach Paths"}}, {"type": "Feature", "geometry": {"type": "Point", "coordinates": [-112.294, 33.4355]}, "properties": {"year": 2023, "state": "Arizona", "age_band": "25-44", "sex": "Male", "lighting": "Dark - Lighted", "hour": "7:00pm-7:59pm", "month": "October", "crash_group": "Other / Unknown - Insufficient Details", "crash_type": "Unknown Approach Paths"}}, {"type": "Feature", "geometry": {"type": "Point", "coordinates": [-112.0476, 33.5274]}, "properties": {"year": 2023, "state": "Arizona", "age_band": "45-64", "sex": "Male", "lighting": "Daylight", "hour": "10:00am-10:59am", "month": "June", "crash_group": "Motorist Failed to Yield - Signalized Intersection", "crash_type": "Motorist Drive Through - Signalized Intersection"}}, {"type": "Feature", "geometry": {"type": "Point", "coordinates": [-110.9762, 32.2067]}, "properties": {"year": 2023, "state": "Arizona", "age_band": "25-44", "sex": "Male", "lighting": "Dark - Not Lighted", "hour": "6:00pm-6:59pm", "month": "December", "crash_group": "Bicyclist Failed to Yield - Midblock", "crash_type": "Bicyclist Ride Out - Other Midblock"}}, {"type": "Feature", "geometry": {"type": "Point", "coordinates": [-112.2179, 33.5092]}, "properties": {"year": 2023, "state": "Arizona", "age_band": "25-44", "sex": "Male", "lighting": "Dark - Unknown Lighting", "hour": "5:00am-5:59am", "month": "May", "crash_group": "Other / Unknown - Insufficient Details", "crash_type": "Unknown Approach Paths"}}, {"type": "Feature", "geometry": {"type": "Point", "coordinates": [-112.1159, 33.5022]}, "properties": {"year": 2023, "state": "Arizona", "age_band": "45-64", "sex": "Male", "lighting": "Dark - Lighted", "hour": "5:00am-5:59am", "month": "October", "crash_group": "Motorist Left Turn / Merge", "crash_type": "Motorist Left Turn- Opposite Direction"}}, {"type": "Feature", "geometry": {"type": "Point", "coordinates": [-112.1775, 33.5675]}, "properties": {"year": 2023, "state": "Arizona", "age_band": "65+", "sex": "Female", "lighting": "Daylight", "hour": "10:00am-10:59am", "month": "December", "crash_group": "Loss of Control / Turning Error", "crash_type": "Motorist Turning Error - Left turn"}}, {"type": "Feature", "geometry": {"type": "Point", "coordinates": [-110.8709, 32.2508]}, "properties": {"year": 2023, "state": "Arizona", "age_band": "65+", "sex": "Male", "lighting": "Dark - Lighted", "hour": "4:00am-4:59am", "month": "October", "crash_group": "Motorist Overtaking Bicyclist", "crash_type": "Motorist Overtaking - Other/ Unknown"}}, {"type": "Feature", "geometry": {"type": "Point", "coordinates": [-110.863, 32.2069]}, "properties": {"year": 2023, "state": "Arizona", "age_band": "45-64", "sex": "Male", "lighting": "Dark - Lighted", "hour": "3:00am-3:59am", "month": "August", "crash_group": "Motorist Overtaking Bicyclist", "crash_type": "Motorist Overtaking - Other/ Unknown"}}, {"type": "Feature", "geometry": {"type": "Point", "coordinates": [-112.2713, 33.566]}, "properties": {"year": 2023, "state": "Arizona", "age_band": "65+", "sex": "Female", "lighting": "Daylight", "hour": "9:00am-9:59am", "month": "November", "crash_group": "Other / Unknown - Insufficient Details", "crash_type": "Unknown Approach Paths"}}, {"type": "Feature", "geometry": {"type": "Point", "coordinates": [-111.6109, 33.5435]}, "properties": {"year": 2023, "state": "Arizona", "age_band": "65+", "sex": "Male", "lighting": "Daylight", "hour": "11:00am-11:59am", "month": "December", "crash_group": "Parallel Paths - Other Circumstances", "crash_type": "Parallel Paths - Other / Unknown"}}, {"type": "Feature", "geometry": {"type": "Point", "coordinates": [-111.8716, 33.3929]}, "properties": {"year": 2023, "state": "Arizona", "age_band": "45-64", "sex": "Male", "lighting": "Daylight", "hour": "4:00pm-4:59pm", "month": "November", "crash_group": "Motorist Right Turn / Merge", "crash_type": "Motorist Right Turn - Same Direction"}}, {"type": "Feature", "geometry": {"type": "Point", "coordinates": [-112.0998, 33.6249]}, "properties": {"year": 2023, "state": "Arizona", "age_band": "25-44", "sex": "Male", "lighting": "Dark - Lighted", "hour": "9:00pm-9:59pm", "month": "June", "crash_group": "Crossing Paths - Other Circumstances", "crash_type": "Crossing Paths - Midblock - Other / Unknown"}}, {"type": "Feature", "geometry": {"type": "Point", "coordinates": [-112.0826, 33.5135]}, "properties": {"year": 2023, "state": "Arizona", "age_band": "65+", "sex": "Male", "lighting": "Dark - Lighted", "hour": "3:00am-3:59am", "month": "June", "crash_group": "Parallel Paths - Other Circumstances", "crash_type": "Parallel Paths - Other / Unknown"}}, {"type": "Feature", "geometry": {"type": "Point", "coordinates": [-112.1129, 33.5092]}, "properties": {"year": 2023, "state": "Arizona", "age_band": "25-44", "sex": "Male", "lighting": "Daylight", "hour": "8:00am-8:59am", "month": "January", "crash_group": "Motorist Right Turn / Merge", "crash_type": "Motorist Right Turn - Same Direction"}}, {"type": "Feature", "geometry": {"type": "Point", "coordinates": [-111.8381, 33.3889]}, "properties": {"year": 2023, "state": "Arizona", "age_band": "45-64", "sex": "Female", "lighting": "Daylight", "hour": "12:00pm-12:59pm", "month": "August", "crash_group": "Bicyclist Failed to Yield - Midblock", "crash_type": "Bicyclist Ride Out - Other Midblock"}}, {"type": "Feature", "geometry": {"type": "Point", "coordinates": [-111.6959, 32.7629]}, "properties": {"year": 2023, "state": "Arizona", "age_band": "25-44", "sex": "Male", "lighting": "Dark - Not Lighted", "hour": "5:00am-5:59am", "month": "September", "crash_group": "Other / Unknown - Insufficient Details", "crash_type": "Unknown Approach Paths"}}, {"type": "Feature", "geometry": {"type": "Point", "coordinates": [-111.9265, 33.4289]}, "properties": {"year": 2023, "state": "Arizona", "age_band": "45-64", "sex": "Male", "lighting": "Dark - Lighted", "hour": "8:00pm-8:59pm", "month": "September", "crash_group": "Loss of Control / Turning Error", "crash_type": "Motorist Turning Error - Left turn"}}, {"type": "Feature", "geometry": {"type": "Point", "coordinates": [-94.1266, 36.3005]}, "properties": {"year": 2023, "state": "Arkansas", "age_band": "65+", "sex": "Male", "lighting": "Dusk", "hour": "5:00pm-5:59pm", "month": "January", "crash_group": "Bicyclist Left Turn / Merge", "crash_type": "Bicyclist Left Turn - Same Direction"}}, {"type": "Feature", "geometry": {"type": "Point", "coordinates": [-92.007, 34.2056]}, "properties": {"year": 2023, "state": "Arkansas", "age_band": "45-64", "sex": "Male", "lighting": "Dark - Lighted", "hour": "9:00pm-9:59pm", "month": "May", "crash_group": "Motorist Overtaking Bicyclist", "crash_type": "Motorist Overtaking - Other/ Unknown"}}, {"type": "Feature", "geometry": {"type": "Point", "coordinates": [-94.1895, 36.0401]}, "properties": {"year": 2023, "state": "Arkansas", "age_band": "25-44", "sex": "Male", "lighting": "Dark - Not Lighted", "hour": "10:00pm-10:59pm", "month": "June", "crash_group": "Bicyclist Failed to Yield - Midblock", "crash_type": "Bicyclist Ride Out - Midblock - Unknown"}}, {"type": "Feature", "geometry": {"type": "Point", "coordinates": [-92.6206, 35.9009]}, "properties": {"year": 2023, "state": "Arkansas", "age_band": "65+", "sex": "Male", "lighting": "Daylight", "hour": "6:00am-6:59am", "month": "July", "crash_group": "Wrong-Way / Wrong-Side", "crash_type": "Wrong-Way / Wrong-Side - Bicyclist"}}, {"type": "Feature", "geometry": {"type": "Point", "coordinates": [-90.0352, 35.8574]}, "properties": {"year": 2023, "state": "Arkansas", "age_band": "45-64", "sex": "Male", "lighting": "Dark - Not Lighted", "hour": "4:00am-4:59am", "month": "June", "crash_group": "Motorist Overtaking Bicyclist", "crash_type": "Motorist Overtaking - Undetected Bicyclist or Detected - Too Late to Avoid"}}, {"type": "Feature", "geometry": {"type": "Point", "coordinates": [-91.7974, 35.2473]}, "properties": {"year": 2023, "state": "Arkansas", "age_band": "13-17 (teen)", "sex": "Female", "lighting": "Dark - Not Lighted", "hour": "2:00am-2:59am", "month": "August", "crash_group": "Motorist Overtaking Bicyclist", "crash_type": "Motorist Overtaking - Undetected Bicyclist or Detected - Too Late to Avoid"}}, {"type": "Feature", "geometry": {"type": "Point", "coordinates": [-92.3443, 34.706]}, "properties": {"year": 2023, "state": "Arkansas", "age_band": "45-64", "sex": "Male", "lighting": "Dark - Not Lighted", "hour": "11:00pm-11:59pm", "month": "September", "crash_group": "Other / Unknown - Insufficient Details", "crash_type": "Unknown Approach Paths"}}, {"type": "Feature", "geometry": {"type": "Point", "coordinates": [-90.1935, 35.1428]}, "properties": {"year": 2023, "state": "Arkansas", "age_band": "45-64", "sex": "Male", "lighting": "Dark - Not Lighted", "hour": "9:00pm-9:59pm", "month": "October", "crash_group": "Motorist Overtaking Bicyclist", "crash_type": "Motorist Overtaking - Undetected Bicyclist or Detected - Too Late to Avoid"}}, {"type": "Feature", "geometry": {"type": "Point", "coordinates": [-91.1945, 34.8924]}, "properties": {"year": 2023, "state": "Arkansas", "age_band": "65+", "sex": "Male", "lighting": "Daylight", "hour": "3:00pm-3:59pm", "month": "November", "crash_group": "Bicyclist Failed to Yield - Midblock", "crash_type": "Bicyclist Ride Out - Other Midblock"}}, {"type": "Feature", "geometry": {"type": "Point", "coordinates": [-94.4131, 35.3119]}, "properties": {"year": 2023, "state": "Arkansas", "age_band": "45-64", "sex": "Male", "lighting": "Daylight", "hour": "12:00pm-12:59pm", "month": "October", "crash_group": "Parallel Paths - Other Circumstances", "crash_type": "Motorist Turn / Merge - Other / Unknown"}}, {"type": "Feature", "geometry": {"type": "Point", "coordinates": [-94.1959, 36.0538]}, "properties": {"year": 2023, "state": "Arkansas", "age_band": "45-64", "sex": "Male", "lighting": "Daylight", "hour": "11:00am-11:59am", "month": "November", "crash_group": "Crossing Paths - Other Circumstances", "crash_type": "Signalized Intersection - Other / Unknown"}}, {"type": "Feature", "geometry": {"type": "Point", "coordinates": [-121.5789, 39.0345]}, "properties": {"year": 2023, "state": "California", "age_band": "65+", "sex": "Male", "lighting": "Dark - Not Lighted", "hour": "7:00pm-7:59pm", "month": "January", "crash_group": "Bicyclist Right Turn / Merge", "crash_type": "Bicyclist Right Turn - Same Direction"}}, {"type": "Feature", "geometry": {"type": "Point", "coordinates": [-121.0857, 37.4669]}, "properties": {"year": 2023, "state": "California", "age_band": "45-64", "sex": "Male", "lighting": "Daylight", "hour": "3:00pm-3:59pm", "month": "January", "crash_group": "Wrong-Way / Wrong-Side", "crash_type": "Wrong-Way / Wrong-Side - Bicyclist"}}, {"type": "Feature", "geometry": {"type": "Point", "coordinates": [-117.8992, 33.8034]}, "properties": {"year": 2023, "state": "California", "age_band": "25-44", "sex": "Female", "lighting": "Daylight", "hour": "7:00am-7:59am", "month": "February", "crash_group": "Bicyclist Left Turn / Merge", "crash_type": "Bicyclist Left Turn - Same Direction"}}, {"type": "Feature", "geometry": {"type": "Point", "coordinates": [-119.0105, 35.391]}, "properties": {"year": 2023, "state": "California", "age_band": "45-64", "sex": "Male", "lighting": "Daylight", "hour": "3:00pm-3:59pm", "month": "January", "crash_group": "Parallel Paths - Other Circumstances", "crash_type": "Parallel Paths - Other / Unknown"}}, {"type": "Feature", "geometry": {"type": "Point", "coordinates": [-122.4325, 37.464]}, "properties": {"year": 2023, "state": "California", "age_band": "65+", "sex": "Male", "lighting": "Daylight", "hour": "3:00pm-3:59pm", "month": "February", "crash_group": "Crossing Paths - Other Circumstances", "crash_type": "Crossing Paths - Midblock - Other / Unknown"}}, {"type": "Feature", "geometry": {"type": "Point", "coordinates": [-116.4242, 33.7871]}, "properties": {"year": 2023, "state": "California", "age_band": "65+", "sex": "Male", "lighting": "Daylight", "hour": "3:00pm-3:59pm", "month": "February", "crash_group": "Bicyclist Left Turn / Merge", "crash_type": "Bicyclist Left Turn - Same Direction"}}, {"type": "Feature", "geometry": {"type": "Point", "coordinates": [-116.5129, 33.816]}, "properties": {"year": 2023, "state": "California", "age_band": "45-64", "sex": "Male", "lighting": "Dark - Not Lighted", "hour": "4:00am-4:59am", "month": "March", "crash_group": "Bicyclist Failed to Yield - Midblock", "crash_type": "Bicyclist Ride-Out - Driveway, Unknown Type"}}, {"type": "Feature", "geometry": {"type": "Point", "coordinates": [-117.7238, 34.0558]}, "properties": {"year": 2023, "state": "California", "age_band": "65+", "sex": "Male", "lighting": "Dark - Lighted", "hour": "5:00am-5:59am", "month": "March", "crash_group": "Motorist Left Turn / Merge", "crash_type": "Motorist Left Turn- Opposite Direction"}}, {"type": "Feature", "geometry": {"type": "Point", "coordinates": [-119.0391, 35.4222]}, "properties": {"year": 2023, "state": "California", "age_band": "13-17 (teen)", "sex": "Male", "lighting": "Dark - Lighted", "hour": "8:00pm-8:59pm", "month": "April", "crash_group": "Motorist Overtaking Bicyclist", "crash_type": "Motorist Overtaking - Undetected Bicyclist or Detected - Too Late to Avoid"}}, {"type": "Feature", "geometry": {"type": "Point", "coordinates": [-121.4412, 38.9806]}, "properties": {"year": 2023, "state": "California", "age_band": "45-64", "sex": "Male", "lighting": "Daylight", "hour": "7:00am-7:59am", "month": "April", "crash_group": "Motorist Overtaking Bicyclist", "crash_type": "Motorist Overtaking - Undetected Bicyclist or Detected - Too Late to Avoid"}}, {"type": "Feature", "geometry": {"type": "Point", "coordinates": [-117.8025, 33.7877]}, "properties": {"year": 2023, "state": "California", "age_band": "45-64", "sex": "Male", "lighting": "Dark - Lighted", "hour": "10:00pm-10:59pm", "month": "April", "crash_group": "Bicyclist Failed to Yield - Midblock", "crash_type": "Bicyclist Ride Out - Midblock - Unknown"}}, {"type": "Feature", "geometry": {"type": "Point", "coordinates": [-119.6181, 37.3637]}, "properties": {"year": 2023, "state": "California", "age_band": "45-64", "sex": "Male", "lighting": "Daylight", "hour": "11:00am-11:59am", "month": "April", "crash_group": "Bicyclist Left Turn / Merge", "crash_type": "Bicyclist Left Turn - Same Direction"}}, {"type": "Feature", "geometry": {"type": "Point", "coordinates": [-121.3038, 38.5977]}, "properties": {"year": 2023, "state": "California", "age_band": "45-64", "sex": "Male", "lighting": "Dark - Lighted", "hour": "10:00pm-10:59pm", "month": "January", "crash_group": "Motorist Overtaking Bicyclist", "crash_type": "Motorist Overtaking - Undetected Bicyclist or Detected - Too Late to Avoid"}}, {"type": "Feature", "geometry": {"type": "Point", "coordinates": [-117.7249, 34.0594]}, "properties": {"year": 2023, "state": "California", "age_band": "Unknown", "sex": "Male", "lighting": "Dark - Lighted", "hour": "7:00pm-7:59pm", "month": "January", "crash_group": "Other / Unknown - Insufficient Details", "crash_type": "Unknown Approach Paths"}}, {"type": "Feature", "geometry": {"type": "Point", "coordinates": [-121.2283, 37.9319]}, "properties": {"year": 2023, "state": "California", "age_band": "45-64", "sex": "Male", "lighting": "Daylight", "hour": "3:00pm-3:59pm", "month": "March", "crash_group": "Motorist Right Turn / Merge", "crash_type": "Motorist Right Turn on Red - Opposite Direction"}}, {"type": "Feature", "geometry": {"type": "Point", "coordinates": [-121.6198, 40.9255]}, "properties": {"year": 2023, "state": "California", "age_band": "25-44", "sex": "Female", "lighting": "Dark - Not Lighted", "hour": "9:00pm-9:59pm", "month": "July", "crash_group": "Parallel Paths - Other Circumstances", "crash_type": "Motorist Turn / Merge - Other / Unknown"}}, {"type": "Feature", "geometry": {"type": "Point", "coordinates": [-117.3413, 34.1634]}, "properties": {"year": 2023, "state": "California", "age_band": "25-44", "sex": "Female", "lighting": "Dark - Not Lighted", "hour": "1:00am-1:59am", "month": "January", "crash_group": "Motorist Overtaking Bicyclist", "crash_type": "Motorist Overtaking - Undetected Bicyclist or Detected - Too Late to Avoid"}}, {"type": "Feature", "geometry": {"type": "Point", "coordinates": [-116.9718, 33.7545]}, "properties": {"year": 2023, "state": "California", "age_band": "45-64", "sex": "Male", "lighting": "Dark - Not Lighted", "hour": "8:00pm-8:59pm", "month": "July", "crash_group": "Wrong-Way / Wrong-Side", "crash_type": "Wrong-Way / Wrong-Side - Bicyclist"}}, {"type": "Feature", "geometry": {"type": "Point", "coordinates": [-121.323, 38.0243]}, "properties": {"year": 2023, "state": "California", "age_band": "65+", "sex": "Female", "lighting": "Daylight", "hour": "6:00pm-6:59pm", "month": "July", "crash_group": "Motorist Overtaking Bicyclist", "crash_type": "Motorist Overtaking - Bicyclist Swerved"}}, {"type": "Feature", "geometry": {"type": "Point", "coordinates": [-117.207, 33.8911]}, "properties": {"year": 2023, "state": "California", "age_band": "13-17 (teen)", "sex": "Male", "lighting": "Daylight", "hour": "7:00pm-7:59pm", "month": "June", "crash_group": "Bicyclist Failed to Yield - Signalized Intersection", "crash_type": "Bicyclist Ride Through - Signalized Intersection"}}, {"type": "Feature", "geometry": {"type": "Point", "coordinates": [-120.8308, 37.4571]}, "properties": {"year": 2023, "state": "California", "age_band": "25-44", "sex": "Male", "lighting": "Dark - Not Lighted", "hour": "1:00am-1:59am", "month": "July", "crash_group": "Motorist Overtaking Bicyclist", "crash_type": "Motorist Overtaking - Other/ Unknown"}}, {"type": "Feature", "geometry": {"type": "Point", "coordinates": [-118.5535, 34.2299]}, "properties": {"year": 2023, "state": "California", "age_band": "45-64", "sex": "Male", "lighting": "Dark - Unknown Lighting", "hour": "7:00pm-7:59pm", "month": "January", "crash_group": "Crossing Paths - Other Circumstances", "crash_type": "Crossing Paths - Intersection - Other / Unknown Control"}}, {"type": "Feature", "geometry": {"type": "Point", "coordinates": [-122.3652, 37.9743]}, "properties": {"year": 2023, "state": "California", "age_band": "45-64", "sex": "Male", "lighting": "Daylight", "hour": "10:00am-10:59am", "month": "July", "crash_group": "Bicyclist Failed to Yield - Signalized Intersection", "crash_type": "Bicyclist Ride Through - Signalized Intersection"}}, {"type": "Feature", "geometry": {"type": "Point", "coordinates": [-122.7125, 38.3579]}, "properties": {"year": 2023, "state": "California", "age_band": "45-64", "sex": "Female", "lighting": "Daylight", "hour": "12:00pm-12:59pm", "month": "July", "crash_group": "Crossing Paths - Other Circumstances", "crash_type": "Crossing Paths - Midblock - Other / Unknown"}}, {"type": "Feature", "geometry": {"type": "Point", "coordinates": [-122.6106, 38.942]}, "properties": {"year": 2023, "state": "California", "age_band": "45-64", "sex": "Male", "lighting": "Dark - Not Lighted", "hour": "5:00pm-5:59pm", "month": "January", "crash_group": "Bicyclist Right Turn / Merge", "crash_type": "Bicyclist Right Turn - Same Direction"}}, {"type": "Feature", "geometry": {"type": "Point", "coordinates": [-117.523, 34.1062]}, "properties": {"year": 2023, "state": "California", "age_band": "25-44", "sex": "Female", "lighting": "Dark - Lighted", "hour": "8:00pm-8:59pm", "month": "January", "crash_group": "Wrong-Way / Wrong-Side", "crash_type": "Wrong-Way / Wrong-Side - Bicyclist"}}, {"type": "Feature", "geometry": {"type": "Point", "coordinates": [-117.523, 34.1062]}, "properties": {"year": 2023, "state": "California", "age_band": "25-44", "sex": "Male", "lighting": "Dark - Lighted", "hour": "8:00pm-8:59pm", "month": "January", "crash_group": "Wrong-Way / Wrong-Side", "crash_type": "Wrong-Way / Wrong-Side - Bicyclist"}}, {"type": "Feature", "geometry": {"type": "Point", "coordinates": [-121.9135, 37.3709]}, "properties": {"year": 2023, "state": "California", "age_band": "65+", "sex": "Male", "lighting": "Dark - Not Lighted", "hour": "8:00pm-8:59pm", "month": "March", "crash_group": "Parallel Paths - Other Circumstances", "crash_type": "Parallel Paths - Other / Unknown"}}, {"type": "Feature", "geometry": {"type": "Point", "coordinates": [-117.2034, 32.7625]}, "properties": {"year": 2023, "state": "California", "age_band": "45-64", "sex": "Male", "lighting": "Dark - Not Lighted", "hour": "7:00pm-7:59pm", "month": "January", "crash_group": "Motorist Overtaking Bicyclist", "crash_type": "Motorist Overtaking - Undetected Bicyclist or Detected - Too Late to Avoid"}}, {"type": "Feature", "geometry": {"type": "Point", "coordinates": [-117.0028, 34.0152]}, "properties": {"year": 2023, "state": "California", "age_band": "25-44", "sex": "Female", "lighting": "Daylight", "hour": "1:00pm-1:59pm", "month": "January", "crash_group": "Bicyclist Left Turn / Merge", "crash_type": "Bicyclist Left Turn - Same Direction"}}, {"type": "Feature", "geometry": {"type": "Point", "coordinates": [-122.0379, 37.6028]}, "properties": {"year": 2023, "state": "California", "age_band": "65+", "sex": "Male", "lighting": "Daylight", "hour": "4:00pm-4:59pm", "month": "January", "crash_group": "Bicyclist Left Turn / Merge", "crash_type": "Bicyclist Left Turn - Same Direction"}}, {"type": "Feature", "geometry": {"type": "Point", "coordinates": [-117.2384, 34.1212]}, "properties": {"year": 2023, "state": "California", "age_band": "65+", "sex": "Male", "lighting": "Dark - Not Lighted", "hour": "8:00pm-8:59pm", "month": "July", "crash_group": "Bicyclist Failed to Yield - Midblock", "crash_type": "Bicyclist Ride Out - Residential Driveway"}}, {"type": "Feature", "geometry": {"type": "Point", "coordinates": [-122.0054, 37.3343]}, "properties": {"year": 2023, "state": "California", "age_band": "65+", "sex": "Male", "lighting": "Daylight", "hour": "11:00am-11:59am", "month": "February", "crash_group": "Motorist Right Turn / Merge", "crash_type": "Motorist Right Turn - Same Direction"}}, {"type": "Feature", "geometry": {"type": "Point", "coordinates": [-121.2559, 38.7659]}, "properties": {"year": 2023, "state": "California", "age_band": "45-64", "sex": "Male", "lighting": "Dark - Not Lighted", "hour": "4:00am-4:59am", "month": "January", "crash_group": "Wrong-Way / Wrong-Side", "crash_type": "Wrong-Way / Wrong-Side - Bicyclist"}}, {"type": "Feature", "geometry": {"type": "Point", "coordinates": [-117.7156, 34.055]}, "properties": {"year": 2023, "state": "California", "age_band": "45-64", "sex": "Male", "lighting": "Dark - Not Lighted", "hour": "8:00pm-8:59pm", "month": "February", "crash_group": "Bicyclist Left Turn / Merge", "crash_type": "Bicyclist Left Turn - Opposite Direction"}}, {"type": "Feature", "geometry": {"type": "Point", "coordinates": [-118.1654, 34.6382]}, "properties": {"year": 2023, "state": "California", "age_band": "25-44", "sex": "Male", "lighting": "Dark - Not Lighted", "hour": "11:00pm-11:59pm", "month": "May", "crash_group": "Motorist Overtaking Bicyclist", "crash_type": "Motorist Overtaking - Undetected Bicyclist or Detected - Too Late to Avoid"}}, {"type": "Feature", "geometry": {"type": "Point", "coordinates": [-121.6892, 36.8431]}, "properties": {"year": 2023, "state": "California", "age_band": "45-64", "sex": "Male", "lighting": "Daylight", "hour": "12:00pm-12:59pm", "month": "July", "crash_group": "Motorist Overtaking Bicyclist", "crash_type": "Motorist Overtaking - Undetected Bicyclist or Detected - Too Late to Avoid"}}, {"type": "Feature", "geometry": {"type": "Point", "coordinates": [-122.3054, 37.4722]}, "properties": {"year": 2023, "state": "California", "age_band": "25-44", "sex": "Male", "lighting": "Daylight", "hour": "4:00pm-4:59pm", "month": "April", "crash_group": "Bicyclist Left Turn / Merge", "crash_type": "Bicyclist Left Turn - Same Direction"}}, {"type": "Feature", "geometry": {"type": "Point", "coordinates": [-118.2899, 33.7527]}, "properties": {"year": 2023, "state": "California", "age_band": "45-64", "sex": "Male", "lighting": "Dark - Lighted", "hour": "0:00am-0:59am", "month": "March", "crash_group": "Motorist Overtaking Bicyclist", "crash_type": "Motorist Overtaking - Other/ Unknown"}}, {"type": "Feature", "geometry": {"type": "Point", "coordinates": [-117.3262, 33.2291]}, "properties": {"year": 2023, "state": "California", "age_band": "45-64", "sex": "Male", "lighting": "Daylight", "hour": "4:00pm-4:59pm", "month": "March", "crash_group": "Crossing Paths - Other Circumstances", "crash_type": "Crossing Paths - Uncontrolled Intersection"}}, {"type": "Feature", "geometry": {"type": "Point", "coordinates": [-118.3878, 34.2227]}, "properties": {"year": 2023, "state": "California", "age_band": "45-64", "sex": "Male", "lighting": "Dark - Lighted", "hour": "6:00am-6:59am", "month": "March", "crash_group": "Motorist Left Turn / Merge", "crash_type": "Motorist Left Turn- Same Direction"}}, {"type": "Feature", "geometry": {"type": "Point", "coordinates": [-122.2231, 37.4897]}, "properties": {"year": 2023, "state": "California", "age_band": "45-64", "sex": "Male", "lighting": "Dark - Not Lighted", "hour": "9:00pm-9:59pm", "month": "March", "crash_group": "Motorist Failed to Yield - Midblock", "crash_type": "Motorist Drive-Out - Commercial Driveway"}}, {"type": "Feature", "geometry": {"type": "Point", "coordinates": [-122.4156, 37.6564]}, "properties": {"year": 2023, "state": "California", "age_band": "45-64", "sex": "Male", "lighting": "Dark - Lighted", "hour": "11:00pm-11:59pm", "month": "March", "crash_group": "Wrong-Way / Wrong-Side", "crash_type": "Wrong-Way / Wrong-Side - Bicyclist"}}, {"type": "Feature", "geometry": {"type": "Point", "coordinates": [-121.4467, 38.5337]}, "properties": {"year": 2023, "state": "California", "age_band": "45-64", "sex": "Male", "lighting": "Daylight", "hour": "7:00pm-7:59pm", "month": "March", "crash_group": "Bicyclist Left Turn / Merge", "crash_type": "Bicyclist Left Turn - Same Direction"}}, {"type": "Feature", "geometry": {"type": "Point", "coordinates": [-118.4863, 35.607]}, "properties": {"year": 2023, "state": "California", "age_band": "Unknown", "sex": "Male", "lighting": "Dark - Not Lighted", "hour": "8:00pm-8:59pm", "month": "September", "crash_group": "Parallel Paths - Other Circumstances", "crash_type": "Parallel Paths - Other / Unknown"}}, {"type": "Feature", "geometry": {"type": "Point", "coordinates": [-117.0417, 32.6908]}, "properties": {"year": 2023, "state": "California", "age_band": "65+", "sex": "Male", "lighting": "Dark - Not Lighted", "hour": "11:00pm-11:59pm", "month": "May", "crash_group": "Motorist Overtaking Bicyclist", "crash_type": "Motorist Overtaking - Other/ Unknown"}}, {"type": "Feature", "geometry": {"type": "Point", "coordinates": [-122.0525, 37.9685]}, "properties": {"year": 2023, "state": "California", "age_band": "25-44", "sex": "Male", "lighting": "Dark - Lighted", "hour": "9:00pm-9:59pm", "month": "May", "crash_group": "Other / Unknown - Insufficient Details", "crash_type": "Unknown Location"}}, {"type": "Feature", "geometry": {"type": "Point", "coordinates": [-121.9966, 37.5609]}, "properties": {"year": 2023, "state": "California", "age_band": "45-64", "sex": "Male", "lighting": "Dark - Lighted", "hour": "9:00pm-9:59pm", "month": "April", "crash_group": "Loss of Control / Turning Error", "crash_type": "Bicyclist Turning Error - Left turn"}}, {"type": "Feature", "geometry": {"type": "Point", "coordinates": [-118.0641, 34.1081]}, "properties": {"year": 2023, "state": "California", "age_band": "45-64", "sex": "Male", "lighting": "Daylight", "hour": "4:00pm-4:59pm", "month": "June", "crash_group": "Bicyclist Failed to Yield - Sign-Controlled Intersection", "crash_type": "Bicyclist Ride Through - Sign-Controlled Intersection"}}, {"type": "Feature", "geometry": {"type": "Point", "coordinates": [-119.7548, 36.7085]}, "properties": {"year": 2023, "state": "California", "age_band": "25-44", "sex": "Male", "lighting": "Daylight", "hour": "12:00pm-12:59pm", "month": "August", "crash_group": "Bicyclist Left Turn / Merge", "crash_type": "Bicyclist Left Turn - Same Direction"}}, {"type": "Feature", "geometry": {"type": "Point", "coordinates": [-119.003, 35.3061]}, "properties": {"year": 2023, "state": "California", "age_band": "25-44", "sex": "Female", "lighting": "Dark - Not Lighted", "hour": "6:00am-6:59am", "month": "September", "crash_group": "Bicyclist Failed to Yield - Sign-Controlled Intersection", "crash_type": "Bicyclist Ride Through - Sign-Controlled Intersection"}}, {"type": "Feature", "geometry": {"type": "Point", "coordinates": [-118.287, 33.9592]}, "properties": {"year": 2023, "state": "California", "age_band": "45-64", "sex": "Male", "lighting": "Dark - Not Lighted", "hour": "10:00pm-10:59pm", "month": "June", "crash_group": "Bicyclist Failed to Yield - Midblock", "crash_type": "Bicyclist Ride Out - Midblock - Unknown"}}, {"type": "Feature", "geometry": {"type": "Point", "coordinates": [-121.4088, 38.4909]}, "properties": {"year": 2023, "state": "California", "age_band": "25-44", "sex": "Male", "lighting": "Dark - Lighted", "hour": "2:00am-2:59am", "month": "August", "crash_group": "Bicyclist Failed to Yield - Midblock", "crash_type": "Bicyclist Ride Out - Residential Driveway"}}, {"type": "Feature", "geometry": {"type": "Point", "coordinates": [-118.1142, 33.7572]}, "properties": {"year": 2023, "state": "California", "age_band": "65+", "sex": "Male", "lighting": "Daylight", "hour": "12:00pm-12:59pm", "month": "July", "crash_group": "Parallel Paths - Other Circumstances", "crash_type": "Motorist Turn / Merge - Other / Unknown"}}, {"type": "Feature", "geometry": {"type": "Point", "coordinates": [-118.1142, 33.7572]}, "properties": {"year": 2023, "state": "California", "age_band": "65+", "sex": "Female", "lighting": "Daylight", "hour": "12:00pm-12:59pm", "month": "July", "crash_group": "Parallel Paths - Other Circumstances", "crash_type": "Motorist Turn / Merge - Other / Unknown"}}, {"type": "Feature", "geometry": {"type": "Point", "coordinates": [-117.1603, 32.7116]}, "properties": {"year": 2023, "state": "California", "age_band": "45-64", "sex": "Female", "lighting": "Daylight", "hour": "11:00am-11:59am", "month": "July", "crash_group": "Motorist Overtaking Bicyclist", "crash_type": "Motorist Overtaking - Misjudged Space"}}, {"type": "Feature", "geometry": {"type": "Point", "coordinates": [-117.672, 34.0337]}, "properties": {"year": 2023, "state": "California", "age_band": "0-12 (child)", "sex": "Male", "lighting": "Daylight", "hour": "4:00pm-4:59pm", "month": "October", "crash_group": "Bicyclist Failed to Yield - Sign-Controlled Intersection", "crash_type": "Bicyclist Ride Out - Sign-Controlled Intersection"}}, {"type": "Feature", "geometry": {"type": "Point", "coordinates": [-116.5261, 33.8159]}, "properties": {"year": 2023, "state": "California", "age_band": "65+", "sex": "Male", "lighting": "Dark - Not Lighted", "hour": "1:00am-1:59am", "month": "October", "crash_group": "Bicyclist Failed to Yield - Midblock", "crash_type": "Bicyclist Ride-Out - Driveway, Unknown Type"}}, {"type": "Feature", "geometry": {"type": "Point", "coordinates": [-121.3149, 37.9966]}, "properties": {"year": 2023, "state": "California", "age_band": "45-64", "sex": "Male", "lighting": "Dark - Lighted", "hour": "10:00pm-10:59pm", "month": "July", "crash_group": "Bicyclist Failed to Yield - Signalized Intersection", "crash_type": "Bicyclist Ride Through - Signalized Intersection"}}, {"type": "Feature", "geometry": {"type": "Point", "coordinates": [-121.3744, 38.7039]}, "properties": {"year": 2023, "state": "California", "age_band": "45-64", "sex": "Male", "lighting": "Dawn", "hour": "5:00am-5:59am", "month": "July", "crash_group": "Motorist Overtaking Bicyclist", "crash_type": "Motorist Overtaking - Other/ Unknown"}}, {"type": "Feature", "geometry": {"type": "Point", "coordinates": [-121.4218, 38.5615]}, "properties": {"year": 2023, "state": "California", "age_band": "45-64", "sex": "Male", "lighting": "Daylight", "hour": "11:00am-11:59am", "month": "May", "crash_group": "Wrong-Way / Wrong-Side", "crash_type": "Wrong-Way / Wrong-Side - Motorist"}}, {"type": "Feature", "geometry": {"type": "Point", "coordinates": [-117.2515, 33.9173]}, "properties": {"year": 2023, "state": "California", "age_band": "25-44", "sex": "Male", "lighting": "Dark - Lighted", "hour": "5:00am-5:59am", "month": "August", "crash_group": "Bicyclist Failed to Yield - Midblock", "crash_type": "Bicyclist Ride Out - Midblock - Unknown"}}, {"type": "Feature", "geometry": {"type": "Point", "coordinates": [-116.4668, 33.8004]}, "properties": {"year": 2023, "state": "California", "age_band": "65+", "sex": "Male", "lighting": "Dark - Lighted", "hour": "3:00am-3:59am", "month": "August", "crash_group": "Motorist Overtaking Bicyclist", "crash_type": "Motorist Overtaking - Other/ Unknown"}}, {"type": "Feature", "geometry": {"type": "Point", "coordinates": [-117.3132, 34.1678]}, "properties": {"year": 2023, "state": "California", "age_band": "45-64", "sex": "Male", "lighting": "Dark - Lighted", "hour": "8:00pm-8:59pm", "month": "August", "crash_group": "Motorist Left Turn / Merge", "crash_type": "Motorist Left Turn- Opposite Direction"}}, {"type": "Feature", "geometry": {"type": "Point", "coordinates": [-118.1546, 33.9478]}, "properties": {"year": 2023, "state": "California", "age_band": "25-44", "sex": "Male", "lighting": "Dark - Lighted", "hour": "0:00am-0:59am", "month": "July", "crash_group": "Crossing Paths - Other Circumstances", "crash_type": "Signalized Intersection - Other / Unknown"}}, {"type": "Feature", "geometry": {"type": "Point", "coordinates": [-118.2349, 33.8257]}, "properties": {"year": 2023, "state": "California", "age_band": "25-44", "sex": "Male", "lighting": "Dark - Not Lighted", "hour": "1:00am-1:59am", "month": "October", "crash_group": "Bicyclist Left Turn / Merge", "crash_type": "Bicyclist Left Turn - Same Direction"}}, {"type": "Feature", "geometry": {"type": "Point", "coordinates": [-121.4154, 38.6049]}, "properties": {"year": 2023, "state": "California", "age_band": "45-64", "sex": "Male", "lighting": "Dark - Not Lighted", "hour": "7:00pm-7:59pm", "month": "October", "crash_group": "Bicyclist Left Turn / Merge", "crash_type": "Bicyclist Left Turn - Opposite Direction"}}, {"type": "Feature", "geometry": {"type": "Point", "coordinates": [-118.3153, 33.9599]}, "properties": {"year": 2023, "state": "California", "age_band": "45-64", "sex": "Male", "lighting": "Dark - Lighted", "hour": "1:00am-1:59am", "month": "September", "crash_group": "Bicyclist Right Turn / Merge", "crash_type": "Bicyclist Right Turn - Same Direction"}}, {"type": "Feature", "geometry": {"type": "Point", "coordinates": [-118.324, 34.0037]}, "properties": {"year": 2023, "state": "California", "age_band": "45-64", "sex": "Male", "lighting": "Dark - Unknown Lighting", "hour": "10:00pm-10:59pm", "month": "October", "crash_group": "Motorist Overtaking Bicyclist", "crash_type": "Motorist Overtaking - Other/ Unknown"}}, {"type": "Feature", "geometry": {"type": "Point", "coordinates": [-118.2961, 34.0959]}, "properties": {"year": 2023, "state": "California", "age_band": "25-44", "sex": "Male", "lighting": "Daylight", "hour": "12:00pm-12:59pm", "month": "October", "crash_group": "Other / Unusual Circumstances", "crash_type": "Unusual Circumstances"}}, {"type": "Feature", "geometry": {"type": "Point", "coordinates": [-119.3493, 35.586]}, "properties": {"year": 2023, "state": "California", "age_band": "25-44", "sex": "Female", "lighting": "Dark - Not Lighted", "hour": "6:00pm-6:59pm", "month": "November", "crash_group": "Motorist Overtaking Bicyclist", "crash_type": "Motorist Overtaking - Other/ Unknown"}}, {"type": "Feature", "geometry": {"type": "Point", "coordinates": [-117.2577, 33.6735]}, "properties": {"year": 2023, "state": "California", "age_band": "25-44", "sex": "Male", "lighting": "Dark - Not Lighted", "hour": "9:00pm-9:59pm", "month": "June", "crash_group": "Wrong-Way / Wrong-Side", "crash_type": "Wrong-Way / Wrong-Side - Bicyclist"}}, {"type": "Feature", "geometry": {"type": "Point", "coordinates": [-118.4376, 34.2549]}, "properties": {"year": 2023, "state": "California", "age_band": "25-44", "sex": "Male", "lighting": "Dark - Lighted", "hour": "10:00pm-10:59pm", "month": "August", "crash_group": "Motorist Overtaking Bicyclist", "crash_type": "Motorist Overtaking - Other/ Unknown"}}, {"type": "Feature", "geometry": {"type": "Point", "coordinates": [-118.662, 34.2808]}, "properties": {"year": 2023, "state": "California", "age_band": "65+", "sex": "Male", "lighting": "Daylight", "hour": "2:00pm-2:59pm", "month": "November", "crash_group": "Bicyclist Failed to Yield - Sign-Controlled Intersection", "crash_type": "Bicyclist Ride Through - Sign-Controlled Intersection"}}, {"type": "Feature", "geometry": {"type": "Point", "coordinates": [-121.4113, 38.1161]}, "properties": {"year": 2023, "state": "California", "age_band": "45-64", "sex": "Male", "lighting": "Dusk", "hour": "4:00pm-4:59pm", "month": "November", "crash_group": "Bicyclist Left Turn / Merge", "crash_type": "Bicyclist Left Turn - Opposite Direction"}}, {"type": "Feature", "geometry": {"type": "Point", "coordinates": [-122.3114, 38.382]}, "properties": {"year": 2023, "state": "California", "age_band": "45-64", "sex": "Female", "lighting": "Daylight", "hour": "11:00am-11:59am", "month": "October", "crash_group": "Other / Unusual Circumstances", "crash_type": "Unusual Circumstances"}}, {"type": "Feature", "geometry": {"type": "Point", "coordinates": [-122.3114, 38.382]}, "properties": {"year": 2023, "state": "California", "age_band": "45-64", "sex": "Male", "lighting": "Daylight", "hour": "11:00am-11:59am", "month": "October", "crash_group": "Other / Unusual Circumstances", "crash_type": "Unusual Circumstances"}}, {"type": "Feature", "geometry": {"type": "Point", "coordinates": [-121.2706, 37.9519]}, "properties": {"year": 2023, "state": "California", "age_band": "45-64", "sex": "Male", "lighting": "Daylight", "hour": "1:00pm-1:59pm", "month": "September", "crash_group": "Bicyclist Failed to Yield - Sign-Controlled Intersection", "crash_type": "Multiple Threat - Sign-Controlled Intersection"}}, {"type": "Feature", "geometry": {"type": "Point", "coordinates": [-118.4503, 34.2328]}, "properties": {"year": 2023, "state": "California", "age_band": "45-64", "sex": "Male", "lighting": "Dark - Not Lighted", "hour": "10:00pm-10:59pm", "month": "December", "crash_group": "Crossing Paths - Other Circumstances", "crash_type": "Crossing Paths - Midblock - Other / Unknown"}}, {"type": "Feature", "geometry": {"type": "Point", "coordinates": [-118.1201, 34.661]}, "properties": {"year": 2023, "state": "California", "age_band": "25-44", "sex": "Male", "lighting": "Dark - Not Lighted", "hour": "10:00pm-10:59pm", "month": "December", "crash_group": "Parallel Paths - Other Circumstances", "crash_type": "Parallel Paths - Other / Unknown"}}, {"type": "Feature", "geometry": {"type": "Point", "coordinates": [-118.9707, 35.3541]}, "properties": {"year": 2023, "state": "California", "age_band": "45-64", "sex": "Male", "lighting": "Dark - Not Lighted", "hour": "10:00pm-10:59pm", "month": "April", "crash_group": "Wrong-Way / Wrong-Side", "crash_type": "Wrong-Way / Wrong-Side - Bicyclist"}}, {"type": "Feature", "geometry": {"type": "Point", "coordinates": [-121.8198, 38.006]}, "properties": {"year": 2023, "state": "California", "age_band": "45-64", "sex": "Male", "lighting": "Dark - Lighted", "hour": "9:00pm-9:59pm", "month": "May", "crash_group": "Motorist Overtaking Bicyclist", "crash_type": "Motorist Overtaking - Misjudged Space"}}, {"type": "Feature", "geometry": {"type": "Point", "coordinates": [-116.0879, 33.5694]}, "properties": {"year": 2023, "state": "California", "age_band": "45-64", "sex": "Male", "lighting": "Dark - Not Lighted", "hour": "6:00pm-6:59pm", "month": "October", "crash_group": "Motorist Overtaking Bicyclist", "crash_type": "Motorist Overtaking - Other/ Unknown"}}, {"type": "Feature", "geometry": {"type": "Point", "coordinates": [-121.6455, 36.6523]}, "properties": {"year": 2023, "state": "California", "age_band": "25-44", "sex": "Male", "lighting": "Dark - Not Lighted", "hour": "8:00pm-8:59pm", "month": "November", "crash_group": "Motorist Overtaking Bicyclist", "crash_type": "Motorist Overtaking - Undetected Bicyclist or Detected - Too Late to Avoid"}}, {"type": "Feature", "geometry": {"type": "Point", "coordinates": [-117.3703, 34.0574]}, "properties": {"year": 2023, "state": "California", "age_band": "65+", "sex": "Male", "lighting": "Dark - Lighted", "hour": "7:00pm-7:59pm", "month": "October", "crash_group": "Motorist Overtaking Bicyclist", "crash_type": "Motorist Overtaking - Undetected Bicyclist or Detected - Too Late to Avoid"}}, {"type": "Feature", "geometry": {"type": "Point", "coordinates": [-121.2789, 37.8718]}, "properties": {"year": 2023, "state": "California", "age_band": "25-44", "sex": "Male", "lighting": "Dark - Not Lighted", "hour": "3:00am-3:59am", "month": "September", "crash_group": "Motorist Overtaking Bicyclist", "crash_type": "Motorist Overtaking - Other/ Unknown"}}, {"type": "Feature", "geometry": {"type": "Point", "coordinates": [-119.6348, 36.8374]}, "properties": {"year": 2023, "state": "California", "age_band": "25-44", "sex": "Male", "lighting": "Daylight", "hour": "6:00pm-6:59pm", "month": "May", "crash_group": "Motorist Overtaking Bicyclist", "crash_type": "Motorist Overtaking - Other/ Unknown"}}, {"type": "Feature", "geometry": {"type": "Point", "coordinates": [-121.2762, 37.9523]}, "properties": {"year": 2023, "state": "California", "age_band": "25-44", "sex": "Male", "lighting": "Dark - Lighted", "hour": "5:00pm-5:59pm", "month": "November", "crash_group": "Motorist Overtaking Bicyclist", "crash_type": "Motorist Overtaking - Undetected Bicyclist or Detected - Too Late to Avoid"}}, {"type": "Feature", "geometry": {"type": "Point", "coordinates": [-118.1277, 33.9568]}, "properties": {"year": 2023, "state": "California", "age_band": "25-44", "sex": "Male", "lighting": "Dark - Lighted", "hour": "9:00pm-9:59pm", "month": "September", "crash_group": "Motorist Failed to Yield - Signalized Intersection", "crash_type": "Motorist Drive Through - Signalized Intersection"}}, {"type": "Feature", "geometry": {"type": "Point", "coordinates": [-117.593, 34.03]}, "properties": {"year": 2023, "state": "California", "age_band": "13-17 (teen)", "sex": "Male", "lighting": "Daylight", "hour": "8:00am-8:59am", "month": "June", "crash_group": "Motorist Right Turn / Merge", "crash_type": "Motorist Right Turn on Red - Same Direction"}}, {"type": "Feature", "geometry": {"type": "Point", "coordinates": [-117.9373, 33.7161]}, "properties": {"year": 2023, "state": "California", "age_band": "65+", "sex": "Male", "lighting": "Daylight", "hour": "4:00pm-4:59pm", "month": "October", "crash_group": "Loss of Control / Turning Error", "crash_type": "Bicyclist Lost Control - Other / Unknown"}}, {"type": "Feature", "geometry": {"type": "Point", "coordinates": [-118.4889, 34.0347]}, "properties": {"year": 2023, "state": "California", "age_band": "65+", "sex": "Female", "lighting": "Daylight", "hour": "8:00am-8:59am", "month": "October", "crash_group": "Bicyclist Failed to Yield - Sign-Controlled Intersection", "crash_type": "Bicyclist Ride Through - Sign-Controlled Intersection"}}, {"type": "Feature", "geometry": {"type": "Point", "coordinates": [-117.659, 33.6543]}, "properties": {"year": 2023, "state": "California", "age_band": "45-64", "sex": "Female", "lighting": "Daylight", "hour": "7:00am-7:59am", "month": "June", "crash_group": "Parallel Paths - Other Circumstances", "crash_type": "Parallel Paths - Other / Unknown"}}, {"type": "Feature", "geometry": {"type": "Point", "coordinates": [-121.42, 38.5952]}, "properties": {"year": 2023, "state": "California", "age_band": "45-64", "sex": "Male", "lighting": "Dark - Lighted", "hour": "6:00am-6:59am", "month": "December", "crash_group": "Parallel Paths - Other Circumstances", "crash_type": "Motorist Turn / Merge - Other / Unknown"}}, {"type": "Feature", "geometry": {"type": "Point", "coordinates": [-117.2897, 34.0828]}, "properties": {"year": 2023, "state": "California", "age_band": "45-64", "sex": "Male", "lighting": "Dark - Lighted", "hour": "7:00pm-7:59pm", "month": "September", "crash_group": "Motorist Overtaking Bicyclist", "crash_type": "Motorist Overtaking - Other/ Unknown"}}, {"type": "Feature", "geometry": {"type": "Point", "coordinates": [-117.2897, 34.0828]}, "properties": {"year": 2023, "state": "California", "age_band": "25-44", "sex": "Female", "lighting": "Dark - Lighted", "hour": "7:00pm-7:59pm", "month": "September", "crash_group": "Motorist Overtaking Bicyclist", "crash_type": "Motorist Overtaking - Other/ Unknown"}}, {"type": "Feature", "geometry": {"type": "Point", "coordinates": [-118.1971, 33.9478]}, "properties": {"year": 2023, "state": "California", "age_band": "45-64", "sex": "Male", "lighting": "Dark - Lighted", "hour": "7:00pm-7:59pm", "month": "November", "crash_group": "Bicyclist Failed to Yield - Midblock", "crash_type": "Bicyclist Ride Out - Other Midblock"}}, {"type": "Feature", "geometry": {"type": "Point", "coordinates": [-121.4615, 38.5105]}, "properties": {"year": 2023, "state": "California", "age_band": "45-64", "sex": "Male", "lighting": "Daylight", "hour": "7:00am-7:59am", "month": "August", "crash_group": "Bicyclist Left Turn / Merge", "crash_type": "Bicyclist Left Turn - Opposite Direction"}}, {"type": "Feature", "geometry": {"type": "Point", "coordinates": [-117.2707, 34.064]}, "properties": {"year": 2023, "state": "California", "age_band": "13-17 (teen)", "sex": "Male", "lighting": "Dark - Not Lighted", "hour": "9:00pm-9:59pm", "month": "March", "crash_group": "Bicyclist Failed to Yield - Midblock", "crash_type": "Bicyclist Ride Out - Other Midblock"}}, {"type": "Feature", "geometry": {"type": "Point", "coordinates": [-121.5011, 38.59]}, "properties": {"year": 2023, "state": "California", "age_band": "25-44", "sex": "Male", "lighting": "Dark - Lighted", "hour": "5:00am-5:59am", "month": "August", "crash_group": "Other / Unknown - Insufficient Details", "crash_type": "Unknown Approach Paths"}}, {"type": "Feature", "geometry": {"type": "Point", "coordinates": [-121.5944, 39.1457]}, "properties": {"year": 2023, "state": "California", "age_band": "65+", "sex": "Male", "lighting": "Daylight", "hour": "11:00am-11:59am", "month": "August", "crash_group": "Crossing Paths - Other Circumstances", "crash_type": "Signalized Intersection - Other / Unknown"}}, {"type": "Feature", "geometry": {"type": "Point", "coordinates": [-117.0994, 34.0714]}, "properties": {"year": 2023, "state": "California", "age_band": "45-64", "sex": "Male", "lighting": "Daylight", "hour": "9:00am-9:59am", "month": "July", "crash_group": "Parallel Paths - Other Circumstances", "crash_type": "Motorist Turn / Merge - Other / Unknown"}}, {"type": "Feature", "geometry": {"type": "Point", "coordinates": [-117.0994, 34.0714]}, "properties": {"year": 2023, "state": "California", "age_band": "18-24", "sex": "Male", "lighting": "Daylight", "hour": "9:00am-9:59am", "month": "July", "crash_group": "Parallel Paths - Other Circumstances", "crash_type": "Motorist Turn / Merge - Other / Unknown"}}, {"type": "Feature", "geometry": {"type": "Point", "coordinates": [-121.2698, 37.9708]}, "properties": {"year": 2023, "state": "California", "age_band": "25-44", "sex": "Female", "lighting": "Dark - Lighted", "hour": "10:00pm-10:59pm", "month": "November", "crash_group": "Bicyclist Failed to Yield - Midblock", "crash_type": "Bicyclist Ride Out - Midblock - Unknown"}}, {"type": "Feature", "geometry": {"type": "Point", "coordinates": [-117.7644, 33.7856]}, "properties": {"year": 2023, "state": "California", "age_band": "65+", "sex": "Male", "lighting": "Daylight", "hour": "9:00am-9:59am", "month": "October", "crash_group": "Motorist Failed to Yield - Signalized Intersection", "crash_type": "Motorist Drive Through - Signalized Intersection"}}, {"type": "Feature", "geometry": {"type": "Point", "coordinates": [-118.5271, 34.379]}, "properties": {"year": 2023, "state": "California", "age_band": "25-44", "sex": "Male", "lighting": "Daylight", "hour": "12:00pm-12:59pm", "month": "November", "crash_group": "Bicyclist Failed to Yield - Signalized Intersection", "crash_type": "Bicyclist Ride Out - Signalized Intersection"}}, {"type": "Feature", "geometry": {"type": "Point", "coordinates": [-117.3689, 34.4049]}, "properties": {"year": 2023, "state": "California", "age_band": "65+", "sex": "Male", "lighting": "Daylight", "hour": "5:00pm-5:59pm", "month": "October", "crash_group": "Parallel Paths - Other Circumstances", "crash_type": "Bicyclist Ride Out - Parallel Path"}}, {"type": "Feature", "geometry": {"type": "Point", "coordinates": [-116.2336, 33.7268]}, "properties": {"year": 2023, "state": "California", "age_band": "45-64", "sex": "Male", "lighting": "Daylight", "hour": "1:00pm-1:59pm", "month": "September", "crash_group": "Bicyclist Failed to Yield - Signalized Intersection", "crash_type": "Bicyclist Ride Through - Signalized Intersection"}}, {"type": "Feature", "geometry": {"type": "Point", "coordinates": [-118.1962, 33.8194]}, "properties": {"year": 2023, "state": "California", "age_band": "45-64", "sex": "Male", "lighting": "Daylight", "hour": "3:00pm-3:59pm", "month": "October", "crash_group": "Bicyclist Failed to Yield - Midblock", "crash_type": "Bicyclist Ride Out - Midblock - Unknown"}}, {"type": "Feature", "geometry": {"type": "Point", "coordinates": [-121.5361, 38.6696]}, "properties": {"year": 2023, "state": "California", "age_band": "18-24", "sex": "Not Reported", "lighting": "Dark - Not Lighted", "hour": "0:00am-0:59am", "month": "December", "crash_group": "Wrong-Way / Wrong-Side", "crash_type": "Wrong-Way / Wrong-Side - Bicyclist"}}, {"type": "Feature", "geometry": {"type": "Point", "coordinates": [-118.7614, 34.2568]}, "properties": {"year": 2023, "state": "California", "age_band": "45-64", "sex": "Female", "lighting": "Daylight", "hour": "1:00pm-1:59pm", "month": "December", "crash_group": "Motorist Failed to Yield - Sign-Controlled Intersection", "crash_type": "Motorist Drive Out - Sign-Controlled Intersection"}}, {"type": "Feature", "geometry": {"type": "Point", "coordinates": [-118.405, 33.9315]}, "properties": {"year": 2023, "state": "California", "age_band": "45-64", "sex": "Male", "lighting": "Dark - Lighted", "hour": "8:00pm-8:59pm", "month": "October", "crash_group": "Crossing Paths - Other Circumstances", "crash_type": "Crossing Paths - Midblock - Other / Unknown"}}, {"type": "Feature", "geometry": {"type": "Point", "coordinates": [-119.0558, 34.3509]}, "properties": {"year": 2023, "state": "California", "age_band": "25-44", "sex": "Male", "lighting": "Dark - Lighted", "hour": "8:00pm-8:59pm", "month": "May", "crash_group": "Other / Unknown - Insufficient Details", "crash_type": "Unknown Approach Paths"}}, {"type": "Feature", "geometry": {"type": "Point", "coordinates": [-121.434, 38.4637]}, "properties": {"year": 2023, "state": "California", "age_band": "45-64", "sex": "Male", "lighting": "Daylight", "hour": "9:00am-9:59am", "month": "October", "crash_group": "Loss of Control / Turning Error", "crash_type": "Bicyclist Turning Error - Left turn"}}, {"type": "Feature", "geometry": {"type": "Point", "coordinates": [-120.9944, 37.6921]}, "properties": {"year": 2023, "state": "California", "age_band": "45-64", "sex": "Male", "lighting": "Dusk", "hour": "5:00pm-5:59pm", "month": "November", "crash_group": "Bicyclist Failed to Yield - Midblock", "crash_type": "Bicyclist Ride Out - Midblock - Unknown"}}, {"type": "Feature", "geometry": {"type": "Point", "coordinates": [-118.0424, 33.9538]}, "properties": {"year": 2023, "state": "California", "age_band": "45-64", "sex": "Male", "lighting": "Daylight", "hour": "2:00pm-2:59pm", "month": "July", "crash_group": "Crossing Paths - Other Circumstances", "crash_type": "Crossing Paths - Midblock - Other / Unknown"}}, {"type": "Feature", "geometry": {"type": "Point", "coordinates": [-121.4244, 38.5532]}, "properties": {"year": 2023, "state": "California", "age_band": "45-64", "sex": "Male", "lighting": "Dark - Lighted", "hour": "9:00pm-9:59pm", "month": "June", "crash_group": "Bicyclist Failed to Yield - Midblock", "crash_type": "Bicyclist Ride-Out - Commercial Driveway"}}, {"type": "Feature", "geometry": {"type": "Point", "coordinates": [-117.5067, 34.0481]}, "properties": {"year": 2023, "state": "California", "age_band": "25-44", "sex": "Male", "lighting": "Daylight", "hour": "6:00pm-6:59pm", "month": "July", "crash_group": "Bicyclist Failed to Yield - Signalized Intersection", "crash_type": "Bicyclist Ride Through - Signalized Intersection"}}, {"type": "Feature", "geometry": {"type": "Point", "coordinates": [-121.7508, 38.0075]}, "properties": {"year": 2023, "state": "California", "age_band": "25-44", "sex": "Male", "lighting": "Dark - Not Lighted", "hour": "0:00am-0:59am", "month": "December", "crash_group": "Motorist Overtaking Bicyclist", "crash_type": "Motorist Overtaking - Other/ Unknown"}}, {"type": "Feature", "geometry": {"type": "Point", "coordinates": [-122.0739, 37.6604]}, "properties": {"year": 2023, "state": "California", "age_band": "45-64", "sex": "Male", "lighting": "Daylight", "hour": "5:00pm-5:59pm", "month": "September", "crash_group": "Crossing Paths - Other Circumstances", "crash_type": "Crossing Paths - Intersection - Other / Unknown Control"}}, {"type": "Feature", "geometry": {"type": "Point", "coordinates": [-121.4647, 38.5336]}, "properties": {"year": 2023, "state": "California", "age_band": "45-64", "sex": "Female", "lighting": "Dark - Lighted", "hour": "1:00am-1:59am", "month": "August", "crash_group": "Other / Unknown - Insufficient Details", "crash_type": "Unknown Location"}}, {"type": "Feature", "geometry": {"type": "Point", "coordinates": [-117.8979, 34.1615]}, "properties": {"year": 2023, "state": "California", "age_band": "65+", "sex": "Male", "lighting": "Daylight", "hour": "1:00pm-1:59pm", "month": "December", "crash_group": "Motorist Overtaking Bicyclist", "crash_type": "Motorist Overtaking - Undetected Bicyclist or Detected - Too Late to Avoid"}}, {"type": "Feature", "geometry": {"type": "Point", "coordinates": [-117.7685, 34.051]}, "properties": {"year": 2023, "state": "California", "age_band": "65+", "sex": "Male", "lighting": "Daylight", "hour": "4:00pm-4:59pm", "month": "July", "crash_group": "Bicyclist Right Turn / Merge", "crash_type": "Bicyclist Right Turn - Same Direction"}}, {"type": "Feature", "geometry": {"type": "Point", "coordinates": [-117.9762, 33.8631]}, "properties": {"year": 2023, "state": "California", "age_band": "25-44", "sex": "Male", "lighting": "Daylight", "hour": "9:00am-9:59am", "month": "April", "crash_group": "Parallel Paths - Other Circumstances", "crash_type": "Parallel Paths - Other / Unknown"}}, {"type": "Feature", "geometry": {"type": "Point", "coordinates": [-122.0811, 37.6314]}, "properties": {"year": 2023, "state": "California", "age_band": "25-44", "sex": "Male", "lighting": "Not Reported", "hour": "10:00pm-10:59pm", "month": "May", "crash_group": "Crossing Paths - Other Circumstances", "crash_type": "Crossing Paths - Midblock - Other / Unknown"}}, {"type": "Feature", "geometry": {"type": "Point", "coordinates": [-118.3178, 33.8656]}, "properties": {"year": 2023, "state": "California", "age_band": "65+", "sex": "Male", "lighting": "Daylight", "hour": "1:00pm-1:59pm", "month": "July", "crash_group": "Other / Unusual Circumstances", "crash_type": "Unusual Circumstances"}}, {"type": "Feature", "geometry": {"type": "Point", "coordinates": [-117.7762, 33.5345]}, "properties": {"year": 2023, "state": "California", "age_band": "45-64", "sex": "Male", "lighting": "Dusk", "hour": "6:00pm-6:59pm", "month": "October", "crash_group": "Crossing Paths - Other Circumstances", "crash_type": "Sign-Controlled Intersection - Other / Unknown"}}, {"type": "Feature", "geometry": {"type": "Point", "coordinates": [-119.8638, 36.7955]}, "properties": {"year": 2023, "state": "California", "age_band": "25-44", "sex": "Male", "lighting": "Dark - Not Lighted", "hour": "11:00pm-11:59pm", "month": "January", "crash_group": "Other / Unknown - Insufficient Details", "crash_type": "Unknown Approach Paths"}}, {"type": "Feature", "geometry": {"type": "Point", "coordinates": [-118.2056, 34.6602]}, "properties": {"year": 2023, "state": "California", "age_band": "13-17 (teen)", "sex": "Male", "lighting": "Dark - Lighted", "hour": "10:00pm-10:59pm", "month": "August", "crash_group": "Loss of Control / Turning Error", "crash_type": "Bicyclist Turning Error - Left turn"}}, {"type": "Feature", "geometry": {"type": "Point", "coordinates": [-116.2327, 33.6963]}, "properties": {"year": 2023, "state": "California", "age_band": "25-44", "sex": "Male", "lighting": "Dark - Not Lighted", "hour": "3:00am-3:59am", "month": "October", "crash_group": "Motorist Overtaking Bicyclist", "crash_type": "Motorist Overtaking - Undetected Bicyclist or Detected - Too Late to Avoid"}}, {"type": "Feature", "geometry": {"type": "Point", "coordinates": [-120.9989, 37.6458]}, "properties": {"year": 2023, "state": "California", "age_band": "25-44", "sex": "Male", "lighting": "Dark - Lighted", "hour": "7:00pm-7:59pm", "month": "October", "crash_group": "Crossing Paths - Other Circumstances", "crash_type": "Crossing Paths - Uncontrolled Intersection"}}, {"type": "Feature", "geometry": {"type": "Point", "coordinates": [-116.1475, 33.6496]}, "properties": {"year": 2023, "state": "California", "age_band": "45-64", "sex": "Male", "lighting": "Dark - Not Lighted", "hour": "11:00pm-11:59pm", "month": "December", "crash_group": "Motorist Overtaking Bicyclist", "crash_type": "Motorist Overtaking - Undetected Bicyclist or Detected - Too Late to Avoid"}}, {"type": "Feature", "geometry": {"type": "Point", "coordinates": [-122.4304, 37.7321]}, "properties": {"year": 2023, "state": "California", "age_band": "25-44", "sex": "Female", "lighting": "Dark - Not Lighted", "hour": "0:00am-0:59am", "month": "October", "crash_group": "Motorist Overtaking Bicyclist", "crash_type": "Motorist Overtaking - Other/ Unknown"}}, {"type": "Feature", "geometry": {"type": "Point", "coordinates": [-121.3807, 38.6611]}, "properties": {"year": 2023, "state": "California", "age_band": "45-64", "sex": "Male", "lighting": "Dark - Lighted", "hour": "8:00pm-8:59pm", "month": "October", "crash_group": "Motorist Overtaking Bicyclist", "crash_type": "Motorist Overtaking - Other/ Unknown"}}, {"type": "Feature", "geometry": {"type": "Point", "coordinates": [-118.4433, 33.9832]}, "properties": {"year": 2023, "state": "California", "age_band": "45-64", "sex": "Male", "lighting": "Daylight", "hour": "1:00pm-1:59pm", "month": "December", "crash_group": "Crossing Paths - Other Circumstances", "crash_type": "Crossing Paths - Midblock - Other / Unknown"}}, {"type": "Feature", "geometry": {"type": "Point", "coordinates": [-117.1902, 34.4933]}, "properties": {"year": 2023, "state": "California", "age_band": "65+", "sex": "Male", "lighting": "Dark - Lighted", "hour": "5:00pm-5:59pm", "month": "December", "crash_group": "Crossing Paths - Other Circumstances", "crash_type": "Crossing Paths - Uncontrolled Intersection"}}, {"type": "Feature", "geometry": {"type": "Point", "coordinates": [-122.2293, 37.7794]}, "properties": {"year": 2023, "state": "California", "age_band": "45-64", "sex": "Male", "lighting": "Daylight", "hour": "9:00am-9:59am", "month": "July", "crash_group": "Parallel Paths - Other Circumstances", "crash_type": "Parallel Paths - Other / Unknown"}}, {"type": "Feature", "geometry": {"type": "Point", "coordinates": [-122.5131, 37.9612]}, "properties": {"year": 2023, "state": "California", "age_band": "65+", "sex": "Male", "lighting": "Daylight", "hour": "7:00am-7:59am", "month": "December", "crash_group": "Bicyclist Left Turn / Merge", "crash_type": "Bicyclist Left Turn - Same Direction"}}, {"type": "Feature", "geometry": {"type": "Point", "coordinates": [-121.8292, 37.3202]}, "properties": {"year": 2023, "state": "California", "age_band": "Unknown", "sex": "Female", "lighting": "Dark - Lighted", "hour": "4:00am-4:59am", "month": "May", "crash_group": "Crossing Paths - Other Circumstances", "crash_type": "Crossing Paths - Midblock - Other / Unknown"}}, {"type": "Feature", "geometry": {"type": "Point", "coordinates": [-117.2821, 33.7626]}, "properties": {"year": 2023, "state": "California", "age_band": "0-12 (child)", "sex": "Female", "lighting": "Dark - Not Lighted", "hour": "7:00pm-7:59pm", "month": "August", "crash_group": "Motorist Overtaking Bicyclist", "crash_type": "Motorist Overtaking - Other/ Unknown"}}, {"type": "Feature", "geometry": {"type": "Point", "coordinates": [-121.1499, 38.6829]}, "properties": {"year": 2023, "state": "California", "age_band": "25-44", "sex": "Male", "lighting": "Daylight", "hour": "1:00pm-1:59pm", "month": "November", "crash_group": "Bicyclist Failed to Yield - Midblock", "crash_type": "Bicyclist Ride Out - Other Midblock"}}, {"type": "Feature", "geometry": {"type": "Point", "coordinates": [-121.3003, 37.9458]}, "properties": {"year": 2023, "state": "California", "age_band": "25-44", "sex": "Male", "lighting": "Daylight", "hour": "11:00am-11:59am", "month": "November", "crash_group": "Parallel Paths - Other Circumstances", "crash_type": "Parallel Paths - Other / Unknown"}}, {"type": "Feature", "geometry": {"type": "Point", "coordinates": [-117.26, 34.073]}, "properties": {"year": 2023, "state": "California", "age_band": "25-44", "sex": "Male", "lighting": "Dark - Not Lighted", "hour": "5:00pm-5:59pm", "month": "November", "crash_group": "Crossing Paths - Other Circumstances", "crash_type": "Crossing Paths - Uncontrolled Intersection"}}, {"type": "Feature", "geometry": {"type": "Point", "coordinates": [-119.1974, 35.7759]}, "properties": {"year": 2023, "state": "California", "age_band": "13-17 (teen)", "sex": "Male", "lighting": "Dark - Not Lighted", "hour": "7:00pm-7:59pm", "month": "September", "crash_group": "Motorist Overtaking Bicyclist", "crash_type": "Motorist Overtaking - Undetected Bicyclist or Detected - Too Late to Avoid"}}, {"type": "Feature", "geometry": {"type": "Point", "coordinates": [-121.2909, 38.6803]}, "properties": {"year": 2023, "state": "California", "age_band": "45-64", "sex": "Male", "lighting": "Daylight", "hour": "12:00pm-12:59pm", "month": "September", "crash_group": "Loss of Control / Turning Error", "crash_type": "Bicyclist Turning Error - Left turn"}}, {"type": "Feature", "geometry": {"type": "Point", "coordinates": [-117.8678, 33.7303]}, "properties": {"year": 2023, "state": "California", "age_band": "45-64", "sex": "Male", "lighting": "Daylight", "hour": "7:00am-7:59am", "month": "May", "crash_group": "Bicyclist Failed to Yield - Midblock", "crash_type": "Bicyclist Ride Out - Other Midblock"}}, {"type": "Feature", "geometry": {"type": "Point", "coordinates": [-120.8273, 37.0733]}, "properties": {"year": 2023, "state": "California", "age_band": "13-17 (teen)", "sex": "Male", "lighting": "Daylight", "hour": "7:00am-7:59am", "month": "November", "crash_group": "Motorist Overtaking Bicyclist", "crash_type": "Motorist Overtaking - Other/ Unknown"}}, {"type": "Feature", "geometry": {"type": "Point", "coordinates": [-120.8273, 37.0733]}, "properties": {"year": 2023, "state": "California", "age_band": "13-17 (teen)", "sex": "Male", "lighting": "Daylight", "hour": "7:00am-7:59am", "month": "November", "crash_group": "Motorist Overtaking Bicyclist", "crash_type": "Motorist Overtaking - Other/ Unknown"}}, {"type": "Feature", "geometry": {"type": "Point", "coordinates": [-122.4609, 37.7926]}, "properties": {"year": 2023, "state": "California", "age_band": "25-44", "sex": "Male", "lighting": "Daylight", "hour": "Unknown Hours", "month": "April", "crash_group": "Loss of Control / Turning Error", "crash_type": "Motorist Lost Control - Alcohol / Drug Impairment"}}, {"type": "Feature", "geometry": {"type": "Point", "coordinates": [-117.3124, 34.0484]}, "properties": {"year": 2023, "state": "California", "age_band": "25-44", "sex": "Female", "lighting": "Dark - Unknown Lighting", "hour": "7:00pm-7:59pm", "month": "December", "crash_group": "Other / Unknown - Insufficient Details", "crash_type": "Unknown Approach Paths"}}, {"type": "Feature", "geometry": {"type": "Point", "coordinates": [-122.1712, 37.7511]}, "properties": {"year": 2023, "state": "California", "age_band": "25-44", "sex": "Male", "lighting": "Daylight", "hour": "6:00pm-6:59pm", "month": "September", "crash_group": "Parallel Paths - Other Circumstances", "crash_type": "Parallel Paths - Other / Unknown"}}, {"type": "Feature", "geometry": {"type": "Point", "coordinates": [-121.2664, 38.5682]}, "properties": {"year": 2023, "state": "California", "age_band": "45-64", "sex": "Male", "lighting": "Dusk", "hour": "6:00pm-6:59pm", "month": "November", "crash_group": "Bicyclist Failed to Yield - Midblock", "crash_type": "Bicyclist Ride Out - Other Midblock"}}, {"type": "Feature", "geometry": {"type": "Point", "coordinates": [-115.5702, 32.8672]}, "properties": {"year": 2023, "state": "California", "age_band": "45-64", "sex": "Male", "lighting": "Dark - Not Lighted", "hour": "5:00pm-5:59pm", "month": "December", "crash_group": "Motorist Overtaking Bicyclist", "crash_type": "Motorist Overtaking - Other/ Unknown"}}, {"type": "Feature", "geometry": {"type": "Point", "coordinates": [-121.5113, 38.6617]}, "properties": {"year": 2023, "state": "California", "age_band": "45-64", "sex": "Male", "lighting": "Daylight", "hour": "11:00am-11:59am", "month": "December", "crash_group": "Bicyclist Failed to Yield - Signalized Intersection", "crash_type": "Bicyclist Ride Out - Signalized Intersection"}}, {"type": "Feature", "geometry": {"type": "Point", "coordinates": [-118.4451, 34.0459]}, "properties": {"year": 2023, "state": "California", "age_band": "45-64", "sex": "Not Reported", "lighting": "Dark - Lighted", "hour": "10:00pm-10:59pm", "month": "November", "crash_group": "Motorist Overtaking Bicyclist", "crash_type": "Motorist Overtaking - Undetected Bicyclist or Detected - Too Late to Avoid"}}, {"type": "Feature", "geometry": {"type": "Point", "coordinates": [-117.7192, 34.065]}, "properties": {"year": 2023, "state": "California", "age_band": "45-64", "sex": "Male", "lighting": "Daylight", "hour": "10:00am-10:59am", "month": "November", "crash_group": "Parallel Paths - Other Circumstances", "crash_type": "Parallel Paths - Other / Unknown"}}, {"type": "Feature", "geometry": {"type": "Point", "coordinates": [-119.039, 35.3249]}, "properties": {"year": 2023, "state": "California", "age_band": "65+", "sex": "Male", "lighting": "Daylight", "hour": "2:00pm-2:59pm", "month": "November", "crash_group": "Other / Unknown - Insufficient Details", "crash_type": "Unknown Location"}}, {"type": "Feature", "geometry": {"type": "Point", "coordinates": [-118.0111, 33.8465]}, "properties": {"year": 2023, "state": "California", "age_band": "18-24", "sex": "Not Reported", "lighting": "Dark - Lighted", "hour": "11:00pm-11:59pm", "month": "November", "crash_group": "Other / Unusual Circumstances", "crash_type": "Unusual Circumstances"}}, {"type": "Feature", "geometry": {"type": "Point", "coordinates": [-121.0318, 37.6968]}, "properties": {"year": 2023, "state": "California", "age_band": "65+", "sex": "Male", "lighting": "Daylight", "hour": "8:00am-8:59am", "month": "August", "crash_group": "Motorist Right Turn / Merge", "crash_type": "Motorist Right Turn on Red - Same Direction"}}, {"type": "Feature", "geometry": {"type": "Point", "coordinates": [-104.7062, 38.7374]}, "properties": {"year": 2023, "state": "Colorado", "age_band": "18-24", "sex": "Male", "lighting": "Dark - Not Lighted", "hour": "3:00am-3:59am", "month": "January", "crash_group": "Motorist Overtaking Bicyclist", "crash_type": "Motorist Overtaking - Misjudged Space"}}, {"type": "Feature", "geometry": {"type": "Point", "coordinates": [-105.0489, 40.5236]}, "properties": {"year": 2023, "state": "Colorado", "age_band": "65+", "sex": "Male", "lighting": "Daylight", "hour": "11:00am-11:59am", "month": "February", "crash_group": "Bicyclist Failed to Yield - Signalized Intersection", "crash_type": "Bicyclist Ride Through - Signalized Intersection"}}, {"type": "Feature", "geometry": {"type": "Point", "coordinates": [-105.0817, 39.726]}, "properties": {"year": 2023, "state": "Colorado", "age_band": "45-64", "sex": "Male", "lighting": "Dark - Lighted", "hour": "9:00pm-9:59pm", "month": "April", "crash_group": "Motorist Overtaking Bicyclist", "crash_type": "Motorist Overtaking - Undetected Bicyclist or Detected - Too Late to Avoid"}}, {"type": "Feature", "geometry": {"type": "Point", "coordinates": [-105.0532, 39.8128]}, "properties": {"year": 2023, "state": "Colorado", "age_band": "25-44", "sex": "Male", "lighting": "Daylight", "hour": "10:00pm-10:59pm", "month": "April", "crash_group": "Bicyclist Failed to Yield - Signalized Intersection", "crash_type": "Bicyclist Ride Through - Signalized Intersection"}}, {"type": "Feature", "geometry": {"type": "Point", "coordinates": [-105.058, 40.547]}, "properties": {"year": 2023, "state": "Colorado", "age_band": "65+", "sex": "Male", "lighting": "Daylight", "hour": "12:00pm-12:59pm", "month": "February", "crash_group": "Bicyclist Failed to Yield - Sign-Controlled Intersection", "crash_type": "Bicyclist Ride Out - Sign-Controlled Intersection"}}, {"type": "Feature", "geometry": {"type": "Point", "coordinates": [-104.8659, 39.7342]}, "properties": {"year": 2023, "state": "Colorado", "age_band": "25-44", "sex": "Male", "lighting": "Dark - Lighted", "hour": "11:00pm-11:59pm", "month": "May", "crash_group": "Motorist Left Turn / Merge", "crash_type": "Motorist Left Turn- Opposite Direction"}}, {"type": "Feature", "geometry": {"type": "Point", "coordinates": [-104.861, 39.7401]}, "properties": {"year": 2023, "state": "Colorado", "age_band": "45-64", "sex": "Male", "lighting": "Dark - Lighted", "hour": "11:00pm-11:59pm", "month": "May", "crash_group": "Bicyclist Right Turn / Merge", "crash_type": "Bicyclist Right Turn - Same Direction"}}, {"type": "Feature", "geometry": {"type": "Point", "coordinates": [-103.0656, 39.2925]}, "properties": {"year": 2023, "state": "Colorado", "age_band": "0-12 (child)", "sex": "Male", "lighting": "Daylight", "hour": "3:00pm-3:59pm", "month": "May", "crash_group": "Bicyclist Failed to Yield - Midblock", "crash_type": "Bicyclist Ride Out - Other Midblock"}}, {"type": "Feature", "geometry": {"type": "Point", "coordinates": [-105.4651, 40.0622]}, "properties": {"year": 2023, "state": "Colorado", "age_band": "45-64", "sex": "Male", "lighting": "Daylight", "hour": "12:00pm-12:59pm", "month": "July", "crash_group": "Wrong-Way / Wrong-Side", "crash_type": "Wrong-Way / Wrong-Side - Motorist"}}, {"type": "Feature", "geometry": {"type": "Point", "coordinates": [-105.4651, 40.0622]}, "properties": {"year": 2023, "state": "Colorado", "age_band": "45-64", "sex": "Female", "lighting": "Daylight", "hour": "12:00pm-12:59pm", "month": "July", "crash_group": "Wrong-Way / Wrong-Side", "crash_type": "Wrong-Way / Wrong-Side - Motorist"}}, {"type": "Feature", "geometry": {"type": "Point", "coordinates": [-105.2112, 40.0708]}, "properties": {"year": 2023, "state": "Colorado", "age_band": "13-17 (teen)", "sex": "Male", "lighting": "Daylight", "hour": "12:00pm-12:59pm", "month": "July", "crash_group": "Parallel Paths - Other Circumstances", "crash_type": "Parallel Paths - Other / Unknown"}}, {"type": "Feature", "geometry": {"type": "Point", "coordinates": [-104.9363, 39.693]}, "properties": {"year": 2023, "state": "Colorado", "age_band": "45-64", "sex": "Male", "lighting": "Dawn", "hour": "5:00am-5:59am", "month": "July", "crash_group": "Bicyclist Failed to Yield - Sign-Controlled Intersection", "crash_type": "Bicyclist Ride Through - Sign-Controlled Intersection"}}, {"type": "Feature", "geometry": {"type": "Point", "coordinates": [-104.9581, 40.5086]}, "properties": {"year": 2023, "state": "Colorado", "age_band": "0-12 (child)", "sex": "Male", "lighting": "Daylight", "hour": "5:00pm-5:59pm", "month": "August", "crash_group": "Bicyclist Failed to Yield - Sign-Controlled Intersection", "crash_type": "Bicyclist Ride Out - Sign-Controlled Intersection"}}, {"type": "Feature", "geometry": {"type": "Point", "coordinates": [-108.5571, 39.0775]}, "properties": {"year": 2023, "state": "Colorado", "age_band": "45-64", "sex": "Male", "lighting": "Dawn", "hour": "6:00am-6:59am", "month": "August", "crash_group": "Bicyclist Right Turn / Merge", "crash_type": "Bicyclist Right Turn - Same Direction"}}, {"type": "Feature", "geometry": {"type": "Point", "coordinates": [-104.675, 38.3168]}, "properties": {"year": 2023, "state": "Colorado", "age_band": "45-64", "sex": "Male", "lighting": "Dark - Not Lighted", "hour": "9:00pm-9:59pm", "month": "August", "crash_group": "Crossing Paths - Other Circumstances", "crash_type": "Crossing Paths - Midblock - Other / Unknown"}}, {"type": "Feature", "geometry": {"type": "Point", "coordinates": [-105.0813, 39.6557]}, "properties": {"year": 2023, "state": "Colorado", "age_band": "45-64", "sex": "Male", "lighting": "Dark - Lighted", "hour": "9:00pm-9:59pm", "month": "August", "crash_group": "Bicyclist Failed to Yield - Signalized Intersection", "crash_type": "Bicyclist Ride Through - Signalized Intersection"}}, {"type": "Feature", "geometry": {"type": "Point", "coordinates": [-104.997, 39.7052]}, "properties": {"year": 2023, "state": "Colorado", "age_band": "45-64", "sex": "Male", "lighting": "Daylight", "hour": "9:00am-9:59am", "month": "August", "crash_group": "Crossing Paths - Other Circumstances", "crash_type": "Crossing Paths - Midblock - Other / Unknown"}}, {"type": "Feature", "geometry": {"type": "Point", "coordinates": [-104.7598, 38.7925]}, "properties": {"year": 2023, "state": "Colorado", "age_band": "25-44", "sex": "Male", "lighting": "Dark - Not Lighted", "hour": "10:00pm-10:59pm", "month": "September", "crash_group": "Motorist Overtaking Bicyclist", "crash_type": "Motorist Overtaking - Other/ Unknown"}}, {"type": "Feature", "geometry": {"type": "Point", "coordinates": [-104.7952, 38.8075]}, "properties": {"year": 2023, "state": "Colorado", "age_band": "25-44", "sex": "Female", "lighting": "Daylight", "hour": "5:00pm-5:59pm", "month": "October", "crash_group": "Motorist Overtaking Bicyclist", "crash_type": "Motorist Overtaking - Other/ Unknown"}}, {"type": "Feature", "geometry": {"type": "Point", "coordinates": [-104.9977, 39.5951]}, "properties": {"year": 2023, "state": "Colorado", "age_band": "13-17 (teen)", "sex": "Male", "lighting": "Daylight", "hour": "8:00am-8:59am", "month": "October", "crash_group": "Motorist Failed to Yield - Sign-Controlled Intersection", "crash_type": "Motorist Drive Out - Sign-Controlled Intersection"}}, {"type": "Feature", "geometry": {"type": "Point", "coordinates": [-104.6911, 40.3995]}, "properties": {"year": 2023, "state": "Colorado", "age_band": "25-44", "sex": "Male", "lighting": "Dark - Lighted", "hour": "0:00am-0:59am", "month": "December", "crash_group": "Crossing Paths - Other Circumstances", "crash_type": "Crossing Paths - Midblock - Other / Unknown"}}, {"type": "Feature", "geometry": {"type": "Point", "coordinates": [-71.8662, 41.3657]}, "properties": {"year": 2023, "state": "Connecticut", "age_band": "65+", "sex": "Male", "lighting": "Dark - Not Lighted", "hour": "10:00pm-10:59pm", "month": "March", "crash_group": "Wrong-Way / Wrong-Side", "crash_type": "Wrong-Way / Wrong-Side - Bicyclist"}}, {"type": "Feature", "geometry": {"type": "Point", "coordinates": [-73.0933, 41.8563]}, "properties": {"year": 2023, "state": "Connecticut", "age_band": "45-64", "sex": "Female", "lighting": "Daylight", "hour": "9:00am-9:59am", "month": "June", "crash_group": "Motorist Overtaking Bicyclist", "crash_type": "Motorist Overtaking - Undetected Bicyclist or Detected - Too Late to Avoid"}}, {"type": "Feature", "geometry": {"type": "Point", "coordinates": [-72.8595, 41.3218]}, "properties": {"year": 2023, "state": "Connecticut", "age_band": "18-24", "sex": "Male", "lighting": "Dark - Unknown Lighting", "hour": "10:00pm-10:59pm", "month": "July", "crash_group": "Motorist Overtaking Bicyclist", "crash_type": "Motorist Overtaking - Misjudged Space"}}, {"type": "Feature", "geometry": {"type": "Point", "coordinates": [-72.2996, 41.8089]}, "properties": {"year": 2023, "state": "Connecticut", "age_band": "25-44", "sex": "Male", "lighting": "Dark - Unknown Lighting", "hour": "6:00am-6:59am", "month": "October", "crash_group": "Motorist Left Turn / Merge", "crash_type": "Motorist Left Turn- Opposite Direction"}}, {"type": "Feature", "geometry": {"type": "Point", "coordinates": [-75.569, 38.9148]}, "properties": {"year": 2023, "state": "Delaware", "age_band": "45-64", "sex": "Male", "lighting": "Dark - Lighted", "hour": "5:00pm-5:59pm", "month": "January", "crash_group": "Motorist Failed to Yield - Sign-Controlled Intersection", "crash_type": "Motorist Drive Out - Sign-Controlled Intersection"}}, {"type": "Feature", "geometry": {"type": "Point", "coordinates": [-75.1021, 38.7127]}, "properties": {"year": 2023, "state": "Delaware", "age_band": "45-64", "sex": "Male", "lighting": "Dark - Unknown Lighting", "hour": "7:00pm-7:59pm", "month": "January", "crash_group": "Bicyclist Failed to Yield - Midblock", "crash_type": "Bicyclist Ride Out - Other Midblock"}}, {"type": "Feature", "geometry": {"type": "Point", "coordinates": [-75.6224, 39.6507]}, "properties": {"year": 2023, "state": "Delaware", "age_band": "45-64", "sex": "Male", "lighting": "Dark - Lighted", "hour": "9:00pm-9:59pm", "month": "September", "crash_group": "Bicyclist Failed to Yield - Signalized Intersection", "crash_type": "Bicyclist Ride Through - Signalized Intersection"}}, {"type": "Feature", "geometry": {"type": "Point", "coordinates": [-75.7536, 39.6817]}, "properties": {"year": 2023, "state": "Delaware", "age_band": "18-24", "sex": "Male", "lighting": "Dark - Lighted", "hour": "2:00am-2:59am", "month": "September", "crash_group": "Bicyclist Failed to Yield - Signalized Intersection", "crash_type": "Bicyclist Ride Through - Signalized Intersection"}}, {"type": "Feature", "geometry": {"type": "Point", "coordinates": [-75.0619, 38.5867]}, "properties": {"year": 2023, "state": "Delaware", "age_band": "65+", "sex": "Male", "lighting": "Daylight", "hour": "10:00am-10:59am", "month": "October", "crash_group": "Bicyclist Left Turn / Merge", "crash_type": "Bicyclist Left Turn - Same Direction"}}, {"type": "Feature", "geometry": {"type": "Point", "coordinates": [-76.9232, 38.9037]}, "properties": {"year": 2023, "state": "District of Columbia", "age_band": "45-64", "sex": "Male", "lighting": "Dark - Lighted", "hour": "0:00am-0:59am", "month": "July", "crash_group": "Wrong-Way / Wrong-Side", "crash_type": "Wrong-Way / Wrong-Side - Motorist"}}, {"type": "Feature", "geometry": {"type": "Point", "coordinates": [-77.0401, 38.9037]}, "properties": {"year": 2023, "state": "District of Columbia", "age_band": "18-24", "sex": "Male", "lighting": "Dark - Lighted", "hour": "0:00am-0:59am", "month": "October", "crash_group": "Bicyclist Failed to Yield - Signalized Intersection", "crash_type": "Bicyclist Ride Through - Signalized Intersection"}}, {"type": "Feature", "geometry": {"type": "Point", "coordinates": [-77.0151, 38.9065]}, "properties": {"year": 2023, "state": "District of Columbia", "age_band": "25-44", "sex": "Male", "lighting": "Dark - Not Lighted", "hour": "9:00pm-9:59pm", "month": "December", "crash_group": "Motorist Left Turn / Merge", "crash_type": "Motorist Left Turn- Same Direction"}}, {"type": "Feature", "geometry": {"type": "Point", "coordinates": [-81.4604, 30.6342]}, "properties": {"year": 2023, "state": "Florida", "age_band": "25-44", "sex": "Male", "lighting": "Dark - Not Lighted", "hour": "6:00pm-6:59pm", "month": "January", "crash_group": "Motorist Overtaking Bicyclist", "crash_type": "Motorist Overtaking - Undetected Bicyclist or Detected - Too Late to Avoid"}}, {"type": "Feature", "geometry": {"type": "Point", "coordinates": [-82.3737, 29.6243]}, "properties": {"year": 2023, "state": "Florida", "age_band": "Unknown", "sex": "Male", "lighting": "Daylight", "hour": "12:00pm-12:59pm", "month": "January", "crash_group": "Other / Unknown - Insufficient Details", "crash_type": "Unknown Approach Paths"}}, {"type": "Feature", "geometry": {"type": "Point", "coordinates": [-81.5963, 30.1862]}, "properties": {"year": 2023, "state": "Florida", "age_band": "18-24", "sex": "Male", "lighting": "Daylight", "hour": "3:00pm-3:59pm", "month": "January", "crash_group": "Bicyclist Left Turn / Merge", "crash_type": "Bicyclist Left Turn - Same Direction"}}, {"type": "Feature", "geometry": {"type": "Point", "coordinates": [-81.4914, 28.34]}, "properties": {"year": 2023, "state": "Florida", "age_band": "25-44", "sex": "Male", "lighting": "Dark - Not Lighted", "hour": "7:00pm-7:59pm", "month": "January", "crash_group": "Bicyclist Failed to Yield - Sign-Controlled Intersection", "crash_type": "Bicyclist Ride Out - Sign-Controlled Intersection"}}, {"type": "Feature", "geometry": {"type": "Point", "coordinates": [-80.1123, 26.6491]}, "properties": {"year": 2023, "state": "Florida", "age_band": "Unknown", "sex": "Female", "lighting": "Dusk", "hour": "6:00pm-6:59pm", "month": "January", "crash_group": "Bicyclist Failed to Yield - Midblock", "crash_type": "Bicyclist Ride Out - Other Midblock"}}, {"type": "Feature", "geometry": {"type": "Point", "coordinates": [-80.3165, 27.5383]}, "properties": {"year": 2023, "state": "Florida", "age_band": "65+", "sex": "Male", "lighting": "Daylight", "hour": "11:00am-11:59am", "month": "January", "crash_group": "Bicyclist Left Turn / Merge", "crash_type": "Bicyclist Left Turn - Same Direction"}}, {"type": "Feature", "geometry": {"type": "Point", "coordinates": [-82.7874, 27.9461]}, "properties": {"year": 2023, "state": "Florida", "age_band": "65+", "sex": "Male", "lighting": "Daylight", "hour": "4:00pm-4:59pm", "month": "January", "crash_group": "Bicyclist Left Turn / Merge", "crash_type": "Bicyclist Left Turn - Same Direction"}}, {"type": "Feature", "geometry": {"type": "Point", "coordinates": [-80.2407, 25.8203]}, "properties": {"year": 2023, "state": "Florida", "age_band": "25-44", "sex": "Male", "lighting": "Dark - Lighted", "hour": "9:00pm-9:59pm", "month": "January", "crash_group": "Bicyclist Failed to Yield - Midblock", "crash_type": "Bicyclist Ride Out - Other Midblock"}}, {"type": "Feature", "geometry": {"type": "Point", "coordinates": [-80.046, 26.6155]}, "properties": {"year": 2023, "state": "Florida", "age_band": "25-44", "sex": "Male", "lighting": "Dark - Lighted", "hour": "0:00am-0:59am", "month": "January", "crash_group": "Motorist Overtaking Bicyclist", "crash_type": "Motorist Overtaking - Undetected Bicyclist or Detected - Too Late to Avoid"}}, {"type": "Feature", "geometry": {"type": "Point", "coordinates": [-81.6812, 30.3559]}, "properties": {"year": 2023, "state": "Florida", "age_band": "45-64", "sex": "Male", "lighting": "Dark - Lighted", "hour": "6:00pm-6:59pm", "month": "January", "crash_group": "Crossing Paths - Other Circumstances", "crash_type": "Crossing Paths - Uncontrolled Intersection"}}, {"type": "Feature", "geometry": {"type": "Point", "coordinates": [-82.482, 27.1797]}, "properties": {"year": 2023, "state": "Florida", "age_band": "65+", "sex": "Male", "lighting": "Daylight", "hour": "2:00pm-2:59pm", "month": "January", "crash_group": "Motorist Failed to Yield - Signalized Intersection", "crash_type": "Motorist Drive Out - Signalized Intersection"}}, {"type": "Feature", "geometry": {"type": "Point", "coordinates": [-82.7042, 27.7918]}, "properties": {"year": 2023, "state": "Florida", "age_band": "25-44", "sex": "Male", "lighting": "Dark - Lighted", "hour": "6:00pm-6:59pm", "month": "January", "crash_group": "Bicyclist Failed to Yield - Sign-Controlled Intersection", "crash_type": "Bicyclist Ride Through - Sign-Controlled Intersection"}}, {"type": "Feature", "geometry": {"type": "Point", "coordinates": [-81.3124, 28.2507]}, "properties": {"year": 2023, "state": "Florida", "age_band": "Unknown", "sex": "Not Reported", "lighting": "Dark - Lighted", "hour": "9:00pm-9:59pm", "month": "February", "crash_group": "Crossing Paths - Other Circumstances", "crash_type": "Crossing Paths - Midblock - Other / Unknown"}}, {"type": "Feature", "geometry": {"type": "Point", "coordinates": [-82.2005, 28.3775]}, "properties": {"year": 2023, "state": "Florida", "age_band": "25-44", "sex": "Male", "lighting": "Dark - Not Lighted", "hour": "8:00pm-8:59pm", "month": "January", "crash_group": "Bicyclist Failed to Yield - Midblock", "crash_type": "Bicyclist Ride Out - Other Midblock"}}, {"type": "Feature", "geometry": {"type": "Point", "coordinates": [-82.5834, 27.4623]}, "properties": {"year": 2023, "state": "Florida", "age_band": "45-64", "sex": "Male", "lighting": "Dark - Lighted", "hour": "8:00pm-8:59pm", "month": "January", "crash_group": "Bicyclist Failed to Yield - Midblock", "crash_type": "Bicyclist Ride Out - Other Midblock"}}, {"type": "Feature", "geometry": {"type": "Point", "coordinates": [-82.5255, 27.2384]}, "properties": {"year": 2023, "state": "Florida", "age_band": "65+", "sex": "Male", "lighting": "Daylight", "hour": "4:00pm-4:59pm", "month": "February", "crash_group": "Loss of Control / Turning Error", "crash_type": "Bicyclist Lost Control - Other / Unknown"}}, {"type": "Feature", "geometry": {"type": "Point", "coordinates": [-81.2629, 29.0632]}, "properties": {"year": 2023, "state": "Florida", "age_band": "45-64", "sex": "Male", "lighting": "Dark - Not Lighted", "hour": "6:00pm-6:59pm", "month": "January", "crash_group": "Bicyclist Failed to Yield - Signalized Intersection", "crash_type": "Bicyclist Ride Out - Signalized Intersection"}}, {"type": "Feature", "geometry": {"type": "Point", "coordinates": [-81.5651, 28.3485]}, "properties": {"year": 2023, "state": "Florida", "age_band": "45-64", "sex": "Male", "lighting": "Dark - Lighted", "hour": "6:00am-6:59am", "month": "February", "crash_group": "Motorist Overtaking Bicyclist", "crash_type": "Motorist Overtaking - Other/ Unknown"}}, {"type": "Feature", "geometry": {"type": "Point", "coordinates": [-82.6683, 27.8205]}, "properties": {"year": 2023, "state": "Florida", "age_band": "18-24", "sex": "Female", "lighting": "Daylight", "hour": "4:00pm-4:59pm", "month": "January", "crash_group": "Crossing Paths - Other Circumstances", "crash_type": "Crossing Paths - Uncontrolled Intersection"}}, {"type": "Feature", "geometry": {"type": "Point", "coordinates": [-82.0771, 26.9642]}, "properties": {"year": 2023, "state": "Florida", "age_band": "65+", "sex": "Male", "lighting": "Daylight", "hour": "5:00pm-5:59pm", "month": "February", "crash_group": "Motorist Left Turn / Merge", "crash_type": "Motorist Left Turn- Same Direction"}}, {"type": "Feature", "geometry": {"type": "Point", "coordinates": [-81.5174, 28.5627]}, "properties": {"year": 2023, "state": "Florida", "age_band": "13-17 (teen)", "sex": "Male", "lighting": "Daylight", "hour": "4:00pm-4:59pm", "month": "February", "crash_group": "Motorist Left Turn / Merge", "crash_type": "Motorist Left Turn- Same Direction"}}, {"type": "Feature", "geometry": {"type": "Point", "coordinates": [-81.4132, 28.2972]}, "properties": {"year": 2023, "state": "Florida", "age_band": "Unknown", "sex": "Male", "lighting": "Dark - Lighted", "hour": "6:00pm-6:59pm", "month": "February", "crash_group": "Bicyclist Failed to Yield - Sign-Controlled Intersection", "crash_type": "Bicyclist Ride Through - Sign-Controlled Intersection"}}, {"type": "Feature", "geometry": {"type": "Point", "coordinates": [-82.2164, 28.23]}, "properties": {"year": 2023, "state": "Florida", "age_band": "25-44", "sex": "Male", "lighting": "Dusk", "hour": "6:00pm-6:59pm", "month": "January", "crash_group": "Bicyclist Left Turn / Merge", "crash_type": "Bicyclist Left Turn - Same Direction"}}, {"type": "Feature", "geometry": {"type": "Point", "coordinates": [-81.9564, 26.6256]}, "properties": {"year": 2023, "state": "Florida", "age_band": "65+", "sex": "Male", "lighting": "Daylight", "hour": "3:00pm-3:59pm", "month": "January", "crash_group": "Parallel Paths - Other Circumstances", "crash_type": "Bicyclist Ride Out - Parallel Path"}}, {"type": "Feature", "geometry": {"type": "Point", "coordinates": [-82.516, 27.2674]}, "properties": {"year": 2023, "state": "Florida", "age_band": "45-64", "sex": "Male", "lighting": "Dark - Lighted", "hour": "7:00pm-7:59pm", "month": "March", "crash_group": "Bicyclist Failed to Yield - Midblock", "crash_type": "Bicyclist Ride Out - Midblock - Unknown"}}, {"type": "Feature", "geometry": {"type": "Point", "coordinates": [-81.9625, 28.0776]}, "properties": {"year": 2023, "state": "Florida", "age_band": "45-64", "sex": "Male", "lighting": "Daylight", "hour": "5:00pm-5:59pm", "month": "March", "crash_group": "Parallel Paths - Other Circumstances", "crash_type": "Parallel Paths - Other / Unknown"}}, {"type": "Feature", "geometry": {"type": "Point", "coordinates": [-80.0863, 26.3504]}, "properties": {"year": 2023, "state": "Florida", "age_band": "65+", "sex": "Male", "lighting": "Daylight", "hour": "8:00am-8:59am", "month": "March", "crash_group": "Motorist Right Turn / Merge", "crash_type": "Motorist Right Turn - Same Direction"}}, {"type": "Feature", "geometry": {"type": "Point", "coordinates": [-87.2643, 30.4315]}, "properties": {"year": 2023, "state": "Florida", "age_band": "25-44", "sex": "Male", "lighting": "Dark - Not Lighted", "hour": "9:00pm-9:59pm", "month": "March", "crash_group": "Parallel Paths - Other Circumstances", "crash_type": "Parallel Paths - Other / Unknown"}}, {"type": "Feature", "geometry": {"type": "Point", "coordinates": [-80.0898, 26.5757]}, "properties": {"year": 2023, "state": "Florida", "age_band": "13-17 (teen)", "sex": "Female", "lighting": "Dark - Lighted", "hour": "9:00pm-9:59pm", "month": "March", "crash_group": "Motorist Right Turn / Merge", "crash_type": "Motorist right Turn - Opposite Direction"}}, {"type": "Feature", "geometry": {"type": "Point", "coordinates": [-82.5033, 28.0253]}, "properties": {"year": 2023, "state": "Florida", "age_band": "45-64", "sex": "Male", "lighting": "Daylight", "hour": "11:00am-11:59am", "month": "March", "crash_group": "Crossing Paths - Other Circumstances", "crash_type": "Crossing Paths - Midblock - Other / Unknown"}}, {"type": "Feature", "geometry": {"type": "Point", "coordinates": [-83.0934, 29.6155]}, "properties": {"year": 2023, "state": "Florida", "age_band": "45-64", "sex": "Female", "lighting": "Dark - Not Lighted", "hour": "2:00am-2:59am", "month": "March", "crash_group": "Motorist Overtaking Bicyclist", "crash_type": "Motorist Overtaking - Misjudged Space"}}, {"type": "Feature", "geometry": {"type": "Point", "coordinates": [-82.3679, 27.895]}, "properties": {"year": 2023, "state": "Florida", "age_band": "45-64", "sex": "Male", "lighting": "Dark - Lighted", "hour": "6:00am-6:59am", "month": "March", "crash_group": "Bicyclist Failed to Yield - Midblock", "crash_type": "Bicyclist Ride Out - Other Midblock"}}, {"type": "Feature", "geometry": {"type": "Point", "coordinates": [-80.2036, 26.0832]}, "properties": {"year": 2023, "state": "Florida", "age_band": "25-44", "sex": "Male", "lighting": "Dark - Unknown Lighting", "hour": "5:00am-5:59am", "month": "March", "crash_group": "Parallel Paths - Other Circumstances", "crash_type": "Parallel Paths - Other / Unknown"}}, {"type": "Feature", "geometry": {"type": "Point", "coordinates": [-80.2099, 27.2811]}, "properties": {"year": 2023, "state": "Florida", "age_band": "45-64", "sex": "Male", "lighting": "Dark - Not Lighted", "hour": "7:00pm-7:59pm", "month": "March", "crash_group": "Parallel Paths - Other Circumstances", "crash_type": "Parallel Paths - Other / Unknown"}}, {"type": "Feature", "geometry": {"type": "Point", "coordinates": [-80.6058, 28.405]}, "properties": {"year": 2023, "state": "Florida", "age_band": "65+", "sex": "Male", "lighting": "Daylight", "hour": "10:00am-10:59am", "month": "February", "crash_group": "Bicyclist Failed to Yield - Midblock", "crash_type": "Bicyclist Ride Out - Other Midblock"}}, {"type": "Feature", "geometry": {"type": "Point", "coordinates": [-82.7671, 28.0736]}, "properties": {"year": 2023, "state": "Florida", "age_band": "45-64", "sex": "Male", "lighting": "Daylight", "hour": "10:00am-10:59am", "month": "March", "crash_group": "Crossing Paths - Other Circumstances", "crash_type": "Sign-Controlled Intersection - Other / Unknown"}}, {"type": "Feature", "geometry": {"type": "Point", "coordinates": [-81.7419, 26.1006]}, "properties": {"year": 2023, "state": "Florida", "age_band": "65+", "sex": "Male", "lighting": "Daylight", "hour": "9:00am-9:59am", "month": "March", "crash_group": "Motorist Overtaking Bicyclist", "crash_type": "Motorist Overtaking - Other/ Unknown"}}, {"type": "Feature", "geometry": {"type": "Point", "coordinates": [-80.3686, 27.3958]}, "properties": {"year": 2023, "state": "Florida", "age_band": "45-64", "sex": "Male", "lighting": "Dark - Not Lighted", "hour": "5:00am-5:59am", "month": "February", "crash_group": "Motorist Overtaking Bicyclist", "crash_type": "Motorist Overtaking - Undetected Bicyclist or Detected - Too Late to Avoid"}}, {"type": "Feature", "geometry": {"type": "Point", "coordinates": [-80.9861, 29.1412]}, "properties": {"year": 2023, "state": "Florida", "age_band": "25-44", "sex": "Male", "lighting": "Dark - Not Lighted", "hour": "8:00pm-8:59pm", "month": "March", "crash_group": "Bicyclist Failed to Yield - Midblock", "crash_type": "Bicyclist Ride Out - Other Midblock"}}, {"type": "Feature", "geometry": {"type": "Point", "coordinates": [-80.2512, 26.0426]}, "properties": {"year": 2023, "state": "Florida", "age_band": "65+", "sex": "Male", "lighting": "Daylight", "hour": "4:00pm-4:59pm", "month": "March", "crash_group": "Bicyclist Failed to Yield - Midblock", "crash_type": "Bicyclist Ride Out - Other Midblock"}}, {"type": "Feature", "geometry": {"type": "Point", "coordinates": [-80.5856, 24.9531]}, "properties": {"year": 2023, "state": "Florida", "age_band": "45-64", "sex": "Male", "lighting": "Daylight", "hour": "3:00pm-3:59pm", "month": "February", "crash_group": "Bicyclist Left Turn / Merge", "crash_type": "Bicyclist Left Turn - Opposite Direction"}}, {"type": "Feature", "geometry": {"type": "Point", "coordinates": [-82.1914, 28.4129]}, "properties": {"year": 2023, "state": "Florida", "age_band": "25-44", "sex": "Female", "lighting": "Dark - Not Lighted", "hour": "10:00pm-10:59pm", "month": "February", "crash_group": "Bicyclist Left Turn / Merge", "crash_type": "Bicyclist Left Turn - Same Direction"}}, {"type": "Feature", "geometry": {"type": "Point", "coordinates": [-82.3531, 26.9566]}, "properties": {"year": 2023, "state": "Florida", "age_band": "65+", "sex": "Male", "lighting": "Daylight", "hour": "6:00am-6:59am", "month": "March", "crash_group": "Bicyclist Failed to Yield - Midblock", "crash_type": "Bicyclist Ride Out - Other Midblock"}}, {"type": "Feature", "geometry": {"type": "Point", "coordinates": [-81.8446, 27.9143]}, "properties": {"year": 2023, "state": "Florida", "age_band": "45-64", "sex": "Male", "lighting": "Dark - Lighted", "hour": "7:00pm-7:59pm", "month": "February", "crash_group": "Motorist Overtaking Bicyclist", "crash_type": "Motorist Overtaking - Misjudged Space"}}, {"type": "Feature", "geometry": {"type": "Point", "coordinates": [-80.0811, 26.7182]}, "properties": {"year": 2023, "state": "Florida", "age_band": "Unknown", "sex": "Male", "lighting": "Daylight", "hour": "5:00pm-5:59pm", "month": "February", "crash_group": "Bicyclist Right Turn / Merge", "crash_type": "Bicyclist Right Turn - Same Direction"}}, {"type": "Feature", "geometry": {"type": "Point", "coordinates": [-80.2167, 26.0248]}, "properties": {"year": 2023, "state": "Florida", "age_band": "45-64", "sex": "Male", "lighting": "Dark - Lighted", "hour": "8:00pm-8:59pm", "month": "February", "crash_group": "Motorist Overtaking Bicyclist", "crash_type": "Motorist Overtaking - Bicyclist Swerved"}}, {"type": "Feature", "geometry": {"type": "Point", "coordinates": [-82.659, 27.752]}, "properties": {"year": 2023, "state": "Florida", "age_band": "65+", "sex": "Male", "lighting": "Dark - Lighted", "hour": "7:00pm-7:59pm", "month": "February", "crash_group": "Bicyclist Failed to Yield - Midblock", "crash_type": "Bicyclist Ride Out - Other Midblock"}}, {"type": "Feature", "geometry": {"type": "Point", "coordinates": [-80.2589, 25.8456]}, "properties": {"year": 2023, "state": "Florida", "age_band": "45-64", "sex": "Male", "lighting": "Daylight", "hour": "6:00pm-6:59pm", "month": "March", "crash_group": "Loss of Control / Turning Error", "crash_type": "Motorist Turning Error - Right turn"}}, {"type": "Feature", "geometry": {"type": "Point", "coordinates": [-81.4456, 28.2999]}, "properties": {"year": 2023, "state": "Florida", "age_band": "65+", "sex": "Male", "lighting": "Dawn", "hour": "7:00am-7:59am", "month": "March", "crash_group": "Bicyclist Failed to Yield - Midblock", "crash_type": "Bicyclist Ride Out - Midblock - Unknown"}}, {"type": "Feature", "geometry": {"type": "Point", "coordinates": [-81.991, 28.8493]}, "properties": {"year": 2023, "state": "Florida", "age_band": "65+", "sex": "Male", "lighting": "Daylight", "hour": "8:00am-8:59am", "month": "March", "crash_group": "Motorist Left Turn / Merge", "crash_type": "Motorist Left Turn- Opposite Direction"}}, {"type": "Feature", "geometry": {"type": "Point", "coordinates": [-82.3151, 29.6483]}, "properties": {"year": 2023, "state": "Florida", "age_band": "65+", "sex": "Male", "lighting": "Dark - Lighted", "hour": "10:00pm-10:59pm", "month": "January", "crash_group": "Other / Unknown - Insufficient Details", "crash_type": "Unknown Approach Paths"}}, {"type": "Feature", "geometry": {"type": "Point", "coordinates": [-80.2621, 27.218]}, "properties": {"year": 2023, "state": "Florida", "age_band": "25-44", "sex": "Male", "lighting": "Dark - Lighted", "hour": "9:00pm-9:59pm", "month": "March", "crash_group": "Motorist Left Turn / Merge", "crash_type": "Motorist Left Turn- Same Direction"}}, {"type": "Feature", "geometry": {"type": "Point", "coordinates": [-80.8749, 28.7573]}, "properties": {"year": 2023, "state": "Florida", "age_band": "25-44", "sex": "Male", "lighting": "Dawn", "hour": "6:00am-6:59am", "month": "March", "crash_group": "Bicyclist Left Turn / Merge", "crash_type": "Bicyclist Left Turn - Opposite Direction"}}, {"type": "Feature", "geometry": {"type": "Point", "coordinates": [-82.563, 27.4796]}, "properties": {"year": 2023, "state": "Florida", "age_band": "45-64", "sex": "Male", "lighting": "Daylight", "hour": "9:00am-9:59am", "month": "March", "crash_group": "Bicyclist Left Turn / Merge", "crash_type": "Bicyclist Left Turn - Same Direction"}}, {"type": "Feature", "geometry": {"type": "Point", "coordinates": [-81.9492, 26.514]}, "properties": {"year": 2023, "state": "Florida", "age_band": "45-64", "sex": "Male", "lighting": "Dawn", "hour": "7:00am-7:59am", "month": "March", "crash_group": "Motorist Right Turn / Merge", "crash_type": "Motorist right Turn - Opposite Direction"}}, {"type": "Feature", "geometry": {"type": "Point", "coordinates": [-82.6965, 28.3606]}, "properties": {"year": 2023, "state": "Florida", "age_band": "45-64", "sex": "Male", "lighting": "Dark - Lighted", "hour": "9:00pm-9:59pm", "month": "April", "crash_group": "Crossing Paths - Other Circumstances", "crash_type": "Crossing Paths - Uncontrolled Intersection"}}, {"type": "Feature", "geometry": {"type": "Point", "coordinates": [-81.6379, 29.0492]}, "properties": {"year": 2023, "state": "Florida", "age_band": "13-17 (teen)", "sex": "Male", "lighting": "Daylight", "hour": "5:00pm-5:59pm", "month": "March", "crash_group": "Bicyclist Left Turn / Merge", "crash_type": "Bicyclist Left Turn - Same Direction"}}, {"type": "Feature", "geometry": {"type": "Point", "coordinates": [-82.2154, 27.9377]}, "properties": {"year": 2023, "state": "Florida", "age_band": "25-44", "sex": "Male", "lighting": "Dark - Not Lighted", "hour": "8:00pm-8:59pm", "month": "April", "crash_group": "Bicyclist Failed to Yield - Midblock", "crash_type": "Bicyclist Ride Out - Other Midblock"}}, {"type": "Feature", "geometry": {"type": "Point", "coordinates": [-87.2967, 30.4543]}, "properties": {"year": 2023, "state": "Florida", "age_band": "65+", "sex": "Male", "lighting": "Dark - Not Lighted", "hour": "4:00am-4:59am", "month": "April", "crash_group": "Motorist Overtaking Bicyclist", "crash_type": "Motorist Overtaking - Undetected Bicyclist or Detected - Too Late to Avoid"}}, {"type": "Feature", "geometry": {"type": "Point", "coordinates": [-81.287, 29.6529]}, "properties": {"year": 2023, "state": "Florida", "age_band": "65+", "sex": "Male", "lighting": "Daylight", "hour": "3:00pm-3:59pm", "month": "April", "crash_group": "Bicyclist Right Turn / Merge", "crash_type": "Bicyclist Right Turn - Same Direction"}}, {"type": "Feature", "geometry": {"type": "Point", "coordinates": [-80.4245, 25.6914]}, "properties": {"year": 2023, "state": "Florida", "age_band": "Unknown", "sex": "Female", "lighting": "Daylight", "hour": "8:00am-8:59am", "month": "March", "crash_group": "Motorist Right Turn / Merge", "crash_type": "Motorist Right Turn - Same Direction"}}, {"type": "Feature", "geometry": {"type": "Point", "coordinates": [-81.5926, 29.1585]}, "properties": {"year": 2023, "state": "Florida", "age_band": "25-44", "sex": "Male", "lighting": "Dark - Not Lighted", "hour": "10:00pm-10:59pm", "month": "April", "crash_group": "Bicyclist Left Turn / Merge", "crash_type": "Bicyclist Left Turn - Same Direction"}}, {"type": "Feature", "geometry": {"type": "Point", "coordinates": [-81.6799, 26.6172]}, "properties": {"year": 2023, "state": "Florida", "age_band": "65+", "sex": "Male", "lighting": "Daylight", "hour": "4:00pm-4:59pm", "month": "April", "crash_group": "Crossing Paths - Other Circumstances", "crash_type": "Crossing Paths - Midblock - Other / Unknown"}}, {"type": "Feature", "geometry": {"type": "Point", "coordinates": [-82.18, 28.2218]}, "properties": {"year": 2023, "state": "Florida", "age_band": "25-44", "sex": "Male", "lighting": "Dark - Not Lighted", "hour": "8:00pm-8:59pm", "month": "April", "crash_group": "Loss of Control / Turning Error", "crash_type": "Motorist Lost Control - Other / Unknown"}}, {"type": "Feature", "geometry": {"type": "Point", "coordinates": [-82.5728, 28.8037]}, "properties": {"year": 2023, "state": "Florida", "age_band": "45-64", "sex": "Male", "lighting": "Dark - Not Lighted", "hour": "10:00pm-10:59pm", "month": "April", "crash_group": "Motorist Overtaking Bicyclist", "crash_type": "Motorist Overtaking - Undetected Bicyclist or Detected - Too Late to Avoid"}}, {"type": "Feature", "geometry": {"type": "Point", "coordinates": [-82.2706, 29.6344]}, "properties": {"year": 2023, "state": "Florida", "age_band": "45-64", "sex": "Male", "lighting": "Dark - Lighted", "hour": "8:00pm-8:59pm", "month": "March", "crash_group": "Bicyclist Failed to Yield - Midblock", "crash_type": "Bicyclist Ride Out - Other Midblock"}}, {"type": "Feature", "geometry": {"type": "Point", "coordinates": [-82.2441, 27.9075]}, "properties": {"year": 2023, "state": "Florida", "age_band": "25-44", "sex": "Male", "lighting": "Dark - Lighted", "hour": "5:00am-5:59am", "month": "April", "crash_group": "Motorist Overtaking Bicyclist", "crash_type": "Motorist Overtaking - Other/ Unknown"}}, {"type": "Feature", "geometry": {"type": "Point", "coordinates": [-82.1251, 29.2188]}, "properties": {"year": 2023, "state": "Florida", "age_band": "25-44", "sex": "Male", "lighting": "Dark - Not Lighted", "hour": "8:00pm-8:59pm", "month": "April", "crash_group": "Crossing Paths - Other Circumstances", "crash_type": "Crossing Paths - Uncontrolled Intersection"}}, {"type": "Feature", "geometry": {"type": "Point", "coordinates": [-82.1146, 29.2231]}, "properties": {"year": 2023, "state": "Florida", "age_band": "25-44", "sex": "Male", "lighting": "Dark - Not Lighted", "hour": "10:00pm-10:59pm", "month": "April", "crash_group": "Wrong-Way / Wrong-Side", "crash_type": "Wrong-Way / Wrong-Side - Bicyclist"}}, {"type": "Feature", "geometry": {"type": "Point", "coordinates": [-80.4783, 25.5726]}, "properties": {"year": 2023, "state": "Florida", "age_band": "25-44", "sex": "Male", "lighting": "Dark - Lighted", "hour": "10:00pm-10:59pm", "month": "February", "crash_group": "Motorist Overtaking Bicyclist", "crash_type": "Motorist Overtaking - Undetected Bicyclist or Detected - Too Late to Avoid"}}, {"type": "Feature", "geometry": {"type": "Point", "coordinates": [-81.8544, 28.0483]}, "properties": {"year": 2023, "state": "Florida", "age_band": "25-44", "sex": "Male", "lighting": "Dark - Not Lighted", "hour": "10:00pm-10:59pm", "month": "April", "crash_group": "Other / Unknown - Insufficient Details", "crash_type": "Unknown Approach Paths"}}, {"type": "Feature", "geometry": {"type": "Point", "coordinates": [-81.4499, 28.5616]}, "properties": {"year": 2023, "state": "Florida", "age_band": "0-12 (child)", "sex": "Male", "lighting": "Daylight", "hour": "3:00pm-3:59pm", "month": "April", "crash_group": "Bicyclist Failed to Yield - Midblock", "crash_type": "Bicyclist Ride Out - Other Midblock"}}, {"type": "Feature", "geometry": {"type": "Point", "coordinates": [-81.6201, 28.0765]}, "properties": {"year": 2023, "state": "Florida", "age_band": "25-44", "sex": "Male", "lighting": "Dark - Not Lighted", "hour": "10:00pm-10:59pm", "month": "April", "crash_group": "Crossing Paths - Other Circumstances", "crash_type": "Crossing Paths - Midblock - Other / Unknown"}}, {"type": "Feature", "geometry": {"type": "Point", "coordinates": [-81.4188, 28.3349]}, "properties": {"year": 2023, "state": "Florida", "age_band": "13-17 (teen)", "sex": "Male", "lighting": "Dark - Lighted", "hour": "8:00pm-8:59pm", "month": "February", "crash_group": "Bicyclist Failed to Yield - Midblock", "crash_type": "Bicyclist Ride Out - Other Midblock"}}, {"type": "Feature", "geometry": {"type": "Point", "coordinates": [-81.941, 26.634]}, "properties": {"year": 2023, "state": "Florida", "age_band": "45-64", "sex": "Male", "lighting": "Dark - Lighted", "hour": "8:00pm-8:59pm", "month": "April", "crash_group": "Motorist Failed to Yield - Midblock", "crash_type": "Motorist Drive Out - Other Midblock"}}, {"type": "Feature", "geometry": {"type": "Point", "coordinates": [-80.1669, 26.3316]}, "properties": {"year": 2023, "state": "Florida", "age_band": "45-64", "sex": "Male", "lighting": "Dark - Not Lighted", "hour": "5:00am-5:59am", "month": "April", "crash_group": "Motorist Overtaking Bicyclist", "crash_type": "Motorist Overtaking - Other/ Unknown"}}, {"type": "Feature", "geometry": {"type": "Point", "coordinates": [-82.7154, 28.2171]}, "properties": {"year": 2023, "state": "Florida", "age_band": "45-64", "sex": "Male", "lighting": "Dark - Lighted", "hour": "11:00pm-11:59pm", "month": "April", "crash_group": "Bicyclist Failed to Yield - Signalized Intersection", "crash_type": "Bicyclist Ride Through - Signalized Intersection"}}, {"type": "Feature", "geometry": {"type": "Point", "coordinates": [-81.5341, 28.8081]}, "properties": {"year": 2023, "state": "Florida", "age_band": "25-44", "sex": "Male", "lighting": "Dark - Lighted", "hour": "10:00pm-10:59pm", "month": "May", "crash_group": "Bicyclist Failed to Yield - Midblock", "crash_type": "Bicyclist Ride Out - Other Midblock"}}, {"type": "Feature", "geometry": {"type": "Point", "coordinates": [-80.2161, 26.0823]}, "properties": {"year": 2023, "state": "Florida", "age_band": "65+", "sex": "Male", "lighting": "Dark - Lighted", "hour": "5:00am-5:59am", "month": "May", "crash_group": "Parallel Paths - Other Circumstances", "crash_type": "Parallel Paths - Other / Unknown"}}, {"type": "Feature", "geometry": {"type": "Point", "coordinates": [-82.3904, 28.06]}, "properties": {"year": 2023, "state": "Florida", "age_band": "25-44", "sex": "Male", "lighting": "Daylight", "hour": "4:00pm-4:59pm", "month": "May", "crash_group": "Bicyclist Failed to Yield - Sign-Controlled Intersection", "crash_type": "Bicyclist Ride Through - Sign-Controlled Intersection"}}, {"type": "Feature", "geometry": {"type": "Point", "coordinates": [-82.7057, 28.0121]}, "properties": {"year": 2023, "state": "Florida", "age_band": "25-44", "sex": "Female", "lighting": "Dark - Lighted", "hour": "9:00pm-9:59pm", "month": "March", "crash_group": "Motorist Overtaking Bicyclist", "crash_type": "Motorist Overtaking - Other/ Unknown"}}, {"type": "Feature", "geometry": {"type": "Point", "coordinates": [-80.2787, 25.9755]}, "properties": {"year": 2023, "state": "Florida", "age_band": "Unknown", "sex": "Male", "lighting": "Daylight", "hour": "2:00pm-2:59pm", "month": "March", "crash_group": "Motorist Overtaking Bicyclist", "crash_type": "Motorist Overtaking - Other/ Unknown"}}, {"type": "Feature", "geometry": {"type": "Point", "coordinates": [-84.7117, 29.8182]}, "properties": {"year": 2023, "state": "Florida", "age_band": "25-44", "sex": "Male", "lighting": "Daylight", "hour": "9:00am-9:59am", "month": "May", "crash_group": "Bicyclist Left Turn / Merge", "crash_type": "Bicyclist Left Turn - Same Direction"}}, {"type": "Feature", "geometry": {"type": "Point", "coordinates": [-82.0142, 29.0185]}, "properties": {"year": 2023, "state": "Florida", "age_band": "25-44", "sex": "Male", "lighting": "Dark - Not Lighted", "hour": "4:00am-4:59am", "month": "May", "crash_group": "Other / Unknown - Insufficient Details", "crash_type": "Unknown Approach Paths"}}, {"type": "Feature", "geometry": {"type": "Point", "coordinates": [-82.5361, 27.4692]}, "properties": {"year": 2023, "state": "Florida", "age_band": "65+", "sex": "Male", "lighting": "Dark - Not Lighted", "hour": "4:00am-4:59am", "month": "May", "crash_group": "Parallel Paths - Other Circumstances", "crash_type": "Parallel Paths - Other / Unknown"}}, {"type": "Feature", "geometry": {"type": "Point", "coordinates": [-81.4594, 28.5522]}, "properties": {"year": 2023, "state": "Florida", "age_band": "Unknown", "sex": "Male", "lighting": "Dark - Lighted", "hour": "10:00pm-10:59pm", "month": "May", "crash_group": "Crossing Paths - Other Circumstances", "crash_type": "Crossing Paths - Intersection - Other / Unknown Control"}}, {"type": "Feature", "geometry": {"type": "Point", "coordinates": [-82.1988, 29.1365]}, "properties": {"year": 2023, "state": "Florida", "age_band": "45-64", "sex": "Male", "lighting": "Dusk", "hour": "8:00pm-8:59pm", "month": "May", "crash_group": "Bicyclist Failed to Yield - Signalized Intersection", "crash_type": "Bicyclist Failed to Clear - Trapped"}}, {"type": "Feature", "geometry": {"type": "Point", "coordinates": [-80.1882, 25.9248]}, "properties": {"year": 2023, "state": "Florida", "age_band": "18-24", "sex": "Male", "lighting": "Dark - Lighted", "hour": "0:00am-0:59am", "month": "April", "crash_group": "Motorist Overtaking Bicyclist", "crash_type": "Motorist Overtaking - Other/ Unknown"}}, {"type": "Feature", "geometry": {"type": "Point", "coordinates": [-84.2651, 30.4467]}, "properties": {"year": 2023, "state": "Florida", "age_band": "0-12 (child)", "sex": "Male", "lighting": "Dark - Lighted", "hour": "4:00am-4:59am", "month": "May", "crash_group": "Motorist Overtaking Bicyclist", "crash_type": "Motorist Overtaking - Undetected Bicyclist or Detected - Too Late to Avoid"}}, {"type": "Feature", "geometry": {"type": "Point", "coordinates": [-80.1423, 26.0634]}, "properties": {"year": 2023, "state": "Florida", "age_band": "Unknown", "sex": "Not Reported", "lighting": "Daylight", "hour": "3:00pm-3:59pm", "month": "May", "crash_group": "Motorist Right Turn / Merge", "crash_type": "Motorist Right Turn - Same Direction"}}, {"type": "Feature", "geometry": {"type": "Point", "coordinates": [-80.8517, 28.616]}, "properties": {"year": 2023, "state": "Florida", "age_band": "45-64", "sex": "Male", "lighting": "Dark - Lighted", "hour": "9:00pm-9:59pm", "month": "May", "crash_group": "Motorist Left Turn / Merge", "crash_type": "Motorist Left Turn- Opposite Direction"}}, {"type": "Feature", "geometry": {"type": "Point", "coordinates": [-80.0473, 26.6156]}, "properties": {"year": 2023, "state": "Florida", "age_band": "25-44", "sex": "Male", "lighting": "Dark - Lighted", "hour": "11:00pm-11:59pm", "month": "May", "crash_group": "Wrong-Way / Wrong-Side", "crash_type": "Wrong-Way / Wrong-Side - Bicyclist"}}, {"type": "Feature", "geometry": {"type": "Point", "coordinates": [-80.2754, 25.8238]}, "properties": {"year": 2023, "state": "Florida", "age_band": "65+", "sex": "Male", "lighting": "Daylight", "hour": "2:00pm-2:59pm", "month": "May", "crash_group": "Bicyclist Failed to Yield - Sign-Controlled Intersection", "crash_type": "Bicyclist Ride Through - Sign-Controlled Intersection"}}, {"type": "Feature", "geometry": {"type": "Point", "coordinates": [-81.3417, 28.4502]}, "properties": {"year": 2023, "state": "Florida", "age_band": "65+", "sex": "Male", "lighting": "Daylight", "hour": "8:00am-8:59am", "month": "July", "crash_group": "Motorist Overtaking Bicyclist", "crash_type": "Motorist Overtaking - Misjudged Space"}}, {"type": "Feature", "geometry": {"type": "Point", "coordinates": [-80.2936, 25.9393]}, "properties": {"year": 2023, "state": "Florida", "age_band": "25-44", "sex": "Male", "lighting": "Dark - Lighted", "hour": "11:00pm-11:59pm", "month": "May", "crash_group": "Bicyclist Failed to Yield - Sign-Controlled Intersection", "crash_type": "Bicyclist Ride Out - Sign-Controlled Intersection"}}, {"type": "Feature", "geometry": {"type": "Point", "coordinates": [-82.5523, 27.4477]}, "properties": {"year": 2023, "state": "Florida", "age_band": "45-64", "sex": "Male", "lighting": "Dark - Not Lighted", "hour": "5:00am-5:59am", "month": "May", "crash_group": "Bicyclist Failed to Yield - Midblock", "crash_type": "Bicyclist Ride Out - Midblock - Unknown"}}, {"type": "Feature", "geometry": {"type": "Point", "coordinates": [-80.2077, 25.7739]}, "properties": {"year": 2023, "state": "Florida", "age_band": "45-64", "sex": "Male", "lighting": "Daylight", "hour": "7:00am-7:59am", "month": "May", "crash_group": "Motorist Right Turn / Merge", "crash_type": "Motorist Right Turn - Same Direction"}}, {"type": "Feature", "geometry": {"type": "Point", "coordinates": [-81.7666, 26.1441]}, "properties": {"year": 2023, "state": "Florida", "age_band": "45-64", "sex": "Male", "lighting": "Dark - Lighted", "hour": "9:00pm-9:59pm", "month": "May", "crash_group": "Bicyclist Failed to Yield - Midblock", "crash_type": "Bicyclist Ride Out - Other Midblock"}}, {"type": "Feature", "geometry": {"type": "Point", "coordinates": [-81.7763, 28.0653]}, "properties": {"year": 2023, "state": "Florida", "age_band": "65+", "sex": "Male", "lighting": "Dark - Lighted", "hour": "9:00pm-9:59pm", "month": "May", "crash_group": "Motorist Overtaking Bicyclist", "crash_type": "Motorist Overtaking - Undetected Bicyclist or Detected - Too Late to Avoid"}}, {"type": "Feature", "geometry": {"type": "Point", "coordinates": [-80.3353, 25.5375]}, "properties": {"year": 2023, "state": "Florida", "age_band": "65+", "sex": "Male", "lighting": "Daylight", "hour": "6:00pm-6:59pm", "month": "May", "crash_group": "Bicyclist Overtaking Motor Vehicle", "crash_type": "Bicyclist Overtaking - Other / Unknown"}}, {"type": "Feature", "geometry": {"type": "Point", "coordinates": [-87.3739, 30.3548]}, "properties": {"year": 2023, "state": "Florida", "age_band": "45-64", "sex": "Male", "lighting": "Dark - Not Lighted", "hour": "2:00am-2:59am", "month": "June", "crash_group": "Motorist Overtaking Bicyclist", "crash_type": "Motorist Overtaking - Misjudged Space"}}, {"type": "Feature", "geometry": {"type": "Point", "coordinates": [-81.7274, 26.1744]}, "properties": {"year": 2023, "state": "Florida", "age_band": "65+", "sex": "Male", "lighting": "Daylight", "hour": "12:00pm-12:59pm", "month": "June", "crash_group": "Crossing Paths - Other Circumstances", "crash_type": "Crossing Paths - Uncontrolled Intersection"}}, {"type": "Feature", "geometry": {"type": "Point", "coordinates": [-82.2465, 28.2352]}, "properties": {"year": 2023, "state": "Florida", "age_band": "45-64", "sex": "Male", "lighting": "Dark - Not Lighted", "hour": "10:00pm-10:59pm", "month": "June", "crash_group": "Motorist Overtaking Bicyclist", "crash_type": "Motorist Overtaking - Undetected Bicyclist or Detected - Too Late to Avoid"}}, {"type": "Feature", "geometry": {"type": "Point", "coordinates": [-80.1225, 26.478]}, "properties": {"year": 2023, "state": "Florida", "age_band": "45-64", "sex": "Male", "lighting": "Dusk", "hour": "8:00pm-8:59pm", "month": "June", "crash_group": "Bicyclist Left Turn / Merge", "crash_type": "Bicyclist Left Turn - Opposite Direction"}}, {"type": "Feature", "geometry": {"type": "Point", "coordinates": [-80.0949, 26.2319]}, "properties": {"year": 2023, "state": "Florida", "age_band": "25-44", "sex": "Male", "lighting": "Daylight", "hour": "11:00am-11:59am", "month": "May", "crash_group": "Bicyclist Failed to Yield - Sign-Controlled Intersection", "crash_type": "Bicyclist Ride Through - Sign-Controlled Intersection"}}, {"type": "Feature", "geometry": {"type": "Point", "coordinates": [-82.5001, 28.5489]}, "properties": {"year": 2023, "state": "Florida", "age_band": "25-44", "sex": "Male", "lighting": "Dusk", "hour": "6:00am-6:59am", "month": "June", "crash_group": "Motorist Overtaking Bicyclist", "crash_type": "Motorist Overtaking - Undetected Bicyclist or Detected - Too Late to Avoid"}}, {"type": "Feature", "geometry": {"type": "Point", "coordinates": [-80.2456, 27.0441]}, "properties": {"year": 2023, "state": "Florida", "age_band": "25-44", "sex": "Male", "lighting": "Dark - Not Lighted", "hour": "9:00pm-9:59pm", "month": "June", "crash_group": "Motorist Overtaking Bicyclist", "crash_type": "Motorist Overtaking - Misjudged Space"}}, {"type": "Feature", "geometry": {"type": "Point", "coordinates": [-80.1888, 26.528]}, "properties": {"year": 2023, "state": "Florida", "age_band": "13-17 (teen)", "sex": "Male", "lighting": "Daylight", "hour": "5:00pm-5:59pm", "month": "June", "crash_group": "Crossing Paths - Other Circumstances", "crash_type": "Crossing Paths - Intersection - Other / Unknown Control"}}, {"type": "Feature", "geometry": {"type": "Point", "coordinates": [-81.9144, 28.0142]}, "properties": {"year": 2023, "state": "Florida", "age_band": "25-44", "sex": "Male", "lighting": "Dark - Lighted", "hour": "1:00am-1:59am", "month": "June", "crash_group": "Bicyclist Failed to Yield - Midblock", "crash_type": "Bicyclist Ride Out - Other Midblock"}}, {"type": "Feature", "geometry": {"type": "Point", "coordinates": [-80.1705, 25.7412]}, "properties": {"year": 2023, "state": "Florida", "age_band": "45-64", "sex": "Male", "lighting": "Daylight", "hour": "6:00am-6:59am", "month": "May", "crash_group": "Parallel Paths - Other Circumstances", "crash_type": "Parallel Paths - Other / Unknown"}}, {"type": "Feature", "geometry": {"type": "Point", "coordinates": [-82.5301, 27.5218]}, "properties": {"year": 2023, "state": "Florida", "age_band": "45-64", "sex": "Male", "lighting": "Dark - Not Lighted", "hour": "9:00pm-9:59pm", "month": "June", "crash_group": "Crossing Paths - Other Circumstances", "crash_type": "Crossing Paths - Uncontrolled Intersection"}}, {"type": "Feature", "geometry": {"type": "Point", "coordinates": [-81.7218, 26.613]}, "properties": {"year": 2023, "state": "Florida", "age_band": "18-24", "sex": "Male", "lighting": "Dark - Not Lighted", "hour": "9:00pm-9:59pm", "month": "July", "crash_group": "Motorist Overtaking Bicyclist", "crash_type": "Motorist Overtaking - Other/ Unknown"}}, {"type": "Feature", "geometry": {"type": "Point", "coordinates": [-81.8487, 30.2721]}, "properties": {"year": 2023, "state": "Florida", "age_band": "45-64", "sex": "Male", "lighting": "Dark - Not Lighted", "hour": "0:00am-0:59am", "month": "July", "crash_group": "Wrong-Way / Wrong-Side", "crash_type": "Wrong-Way / Wrong-Side - Motorist"}}, {"type": "Feature", "geometry": {"type": "Point", "coordinates": [-81.5586, 30.2948]}, "properties": {"year": 2023, "state": "Florida", "age_band": "25-44", "sex": "Male", "lighting": "Dark - Lighted", "hour": "9:00pm-9:59pm", "month": "July", "crash_group": "Bicyclist Failed to Yield - Sign-Controlled Intersection", "crash_type": "Bicyclist Ride Through - Sign-Controlled Intersection"}}, {"type": "Feature", "geometry": {"type": "Point", "coordinates": [-80.3885, 27.6088]}, "properties": {"year": 2023, "state": "Florida", "age_band": "25-44", "sex": "Male", "lighting": "Daylight", "hour": "6:00am-6:59am", "month": "July", "crash_group": "Crossing Paths - Other Circumstances", "crash_type": "Crossing Paths - Intersection - Other / Unknown Control"}}, {"type": "Feature", "geometry": {"type": "Point", "coordinates": [-82.188, 28.4482]}, "properties": {"year": 2023, "state": "Florida", "age_band": "25-44", "sex": "Female", "lighting": "Dark - Not Lighted", "hour": "11:00pm-11:59pm", "month": "July", "crash_group": "Motorist Overtaking Bicyclist", "crash_type": "Motorist Overtaking - Undetected Bicyclist or Detected - Too Late to Avoid"}}, {"type": "Feature", "geometry": {"type": "Point", "coordinates": [-80.9707, 29.0985]}, "properties": {"year": 2023, "state": "Florida", "age_band": "25-44", "sex": "Female", "lighting": "Dark - Not Lighted", "hour": "8:00pm-8:59pm", "month": "July", "crash_group": "Parallel Paths - Other Circumstances", "crash_type": "Parallel Paths - Other / Unknown"}}, {"type": "Feature", "geometry": {"type": "Point", "coordinates": [-82.5242, 27.3375]}, "properties": {"year": 2023, "state": "Florida", "age_band": "65+", "sex": "Male", "lighting": "Daylight", "hour": "6:00am-6:59am", "month": "June", "crash_group": "Bicyclist Failed to Yield - Sign-Controlled Intersection", "crash_type": "Bicyclist Ride Out - Sign-Controlled Intersection"}}, {"type": "Feature", "geometry": {"type": "Point", "coordinates": [-80.4743, 25.4662]}, "properties": {"year": 2023, "state": "Florida", "age_band": "25-44", "sex": "Male", "lighting": "Dark - Lighted", "hour": "9:00pm-9:59pm", "month": "July", "crash_group": "Bicyclist Left Turn / Merge", "crash_type": "Bicyclist Left Turn - Same Direction"}}, {"type": "Feature", "geometry": {"type": "Point", "coordinates": [-81.6214, 30.2907]}, "properties": {"year": 2023, "state": "Florida", "age_band": "65+", "sex": "Male", "lighting": "Daylight", "hour": "8:00am-8:59am", "month": "July", "crash_group": "Bicyclist Failed to Yield - Midblock", "crash_type": "Bicyclist Ride Out - Other Midblock"}}, {"type": "Feature", "geometry": {"type": "Point", "coordinates": [-81.2417, 29.4753]}, "properties": {"year": 2023, "state": "Florida", "age_band": "45-64", "sex": "Male", "lighting": "Dark - Not Lighted", "hour": "9:00pm-9:59pm", "month": "July", "crash_group": "Bicyclist Left Turn / Merge", "crash_type": "Bicyclist Left Turn - Same Direction"}}, {"type": "Feature", "geometry": {"type": "Point", "coordinates": [-80.8665, 28.5507]}, "properties": {"year": 2023, "state": "Florida", "age_band": "25-44", "sex": "Male", "lighting": "Dark - Not Lighted", "hour": "11:00pm-11:59pm", "month": "July", "crash_group": "Motorist Overtaking Bicyclist", "crash_type": "Motorist Overtaking - Other/ Unknown"}}, {"type": "Feature", "geometry": {"type": "Point", "coordinates": [-80.2415, 25.8425]}, "properties": {"year": 2023, "state": "Florida", "age_band": "45-64", "sex": "Male", "lighting": "Dark - Not Lighted", "hour": "9:00pm-9:59pm", "month": "July", "crash_group": "Other / Unknown - Insufficient Details", "crash_type": "Unknown Approach Paths"}}, {"type": "Feature", "geometry": {"type": "Point", "coordinates": [-86.2362, 30.3742]}, "properties": {"year": 2023, "state": "Florida", "age_band": "45-64", "sex": "Male", "lighting": "Dark - Not Lighted", "hour": "10:00pm-10:59pm", "month": "July", "crash_group": "Motorist Overtaking Bicyclist", "crash_type": "Motorist Overtaking - Other/ Unknown"}}, {"type": "Feature", "geometry": {"type": "Point", "coordinates": [-80.4367, 25.4921]}, "properties": {"year": 2023, "state": "Florida", "age_band": "45-64", "sex": "Male", "lighting": "Dark - Not Lighted", "hour": "9:00pm-9:59pm", "month": "July", "crash_group": "Crossing Paths - Other Circumstances", "crash_type": "Crossing Paths - Intersection - Other / Unknown Control"}}, {"type": "Feature", "geometry": {"type": "Point", "coordinates": [-82.7293, 27.8787]}, "properties": {"year": 2023, "state": "Florida", "age_band": "25-44", "sex": "Male", "lighting": "Dark - Lighted", "hour": "3:00am-3:59am", "month": "July", "crash_group": "Motorist Overtaking Bicyclist", "crash_type": "Motorist Overtaking - Misjudged Space"}}, {"type": "Feature", "geometry": {"type": "Point", "coordinates": [-80.243, 26.1543]}, "properties": {"year": 2023, "state": "Florida", "age_band": "Unknown", "sex": "Female", "lighting": "Dark - Lighted", "hour": "8:00pm-8:59pm", "month": "August", "crash_group": "Motorist Overtaking Bicyclist", "crash_type": "Motorist Overtaking - Undetected Bicyclist or Detected - Too Late to Avoid"}}, {"type": "Feature", "geometry": {"type": "Point", "coordinates": [-82.6995, 27.497]}, "properties": {"year": 2023, "state": "Florida", "age_band": "25-44", "sex": "Male", "lighting": "Dark - Not Lighted", "hour": "0:00am-0:59am", "month": "August", "crash_group": "Motorist Overtaking Bicyclist", "crash_type": "Motorist Overtaking - Misjudged Space"}}, {"type": "Feature", "geometry": {"type": "Point", "coordinates": [-80.1314, 26.2341]}, "properties": {"year": 2023, "state": "Florida", "age_band": "Unknown", "sex": "Not Reported", "lighting": "Dark - Lighted", "hour": "10:00pm-10:59pm", "month": "February", "crash_group": "Bicyclist Failed to Yield - Midblock", "crash_type": "Bicyclist Ride Out - Other Midblock"}}, {"type": "Feature", "geometry": {"type": "Point", "coordinates": [-82.2079, 27.0329]}, "properties": {"year": 2023, "state": "Florida", "age_band": "25-44", "sex": "Female", "lighting": "Daylight", "hour": "8:00am-8:59am", "month": "August", "crash_group": "Bicyclist Failed to Yield - Sign-Controlled Intersection", "crash_type": "Bicyclist Ride Out - Sign-Controlled Intersection"}}, {"type": "Feature", "geometry": {"type": "Point", "coordinates": [-80.2197, 25.7666]}, "properties": {"year": 2023, "state": "Florida", "age_band": "25-44", "sex": "Female", "lighting": "Dark - Lighted", "hour": "0:00am-0:59am", "month": "August", "crash_group": "Bicyclist Failed to Yield - Midblock", "crash_type": "Bicyclist Ride Out - Midblock - Unknown"}}, {"type": "Feature", "geometry": {"type": "Point", "coordinates": [-82.8889, 29.4166]}, "properties": {"year": 2023, "state": "Florida", "age_band": "25-44", "sex": "Male", "lighting": "Daylight", "hour": "3:00pm-3:59pm", "month": "August", "crash_group": "Bicyclist Failed to Yield - Sign-Controlled Intersection", "crash_type": "Bicyclist Ride Through - Sign-Controlled Intersection"}}, {"type": "Feature", "geometry": {"type": "Point", "coordinates": [-81.5173, 28.0769]}, "properties": {"year": 2023, "state": "Florida", "age_band": "45-64", "sex": "Male", "lighting": "Dark - Not Lighted", "hour": "6:00am-6:59am", "month": "August", "crash_group": "Motorist Overtaking Bicyclist", "crash_type": "Motorist Overtaking - Other/ Unknown"}}, {"type": "Feature", "geometry": {"type": "Point", "coordinates": [-82.6661, 28.3245]}, "properties": {"year": 2023, "state": "Florida", "age_band": "45-64", "sex": "Male", "lighting": "Daylight", "hour": "6:00pm-6:59pm", "month": "August", "crash_group": "Bicyclist Failed to Yield - Sign-Controlled Intersection", "crash_type": "Bicyclist Ride Through - Sign-Controlled Intersection"}}, {"type": "Feature", "geometry": {"type": "Point", "coordinates": [-80.6717, 28.1358]}, "properties": {"year": 2023, "state": "Florida", "age_band": "25-44", "sex": "Male", "lighting": "Daylight", "hour": "1:00pm-1:59pm", "month": "August", "crash_group": "Loss of Control / Turning Error", "crash_type": "Motorist Turning Error - Left turn"}}, {"type": "Feature", "geometry": {"type": "Point", "coordinates": [-81.7482, 26.6129]}, "properties": {"year": 2023, "state": "Florida", "age_band": "45-64", "sex": "Male", "lighting": "Daylight", "hour": "5:00pm-5:59pm", "month": "September", "crash_group": "Bicyclist Failed to Yield - Sign-Controlled Intersection", "crash_type": "Bicyclist Ride Out - Sign-Controlled Intersection"}}, {"type": "Feature", "geometry": {"type": "Point", "coordinates": [-82.5801, 28.4339]}, "properties": {"year": 2023, "state": "Florida", "age_band": "45-64", "sex": "Male", "lighting": "Dark - Lighted", "hour": "8:00pm-8:59pm", "month": "August", "crash_group": "Wrong-Way / Wrong-Side", "crash_type": "Wrong-Way / Wrong-Side - Bicyclist"}}, {"type": "Feature", "geometry": {"type": "Point", "coordinates": [-81.1124, 28.2755]}, "properties": {"year": 2023, "state": "Florida", "age_band": "45-64", "sex": "Male", "lighting": "Daylight", "hour": "7:00pm-7:59pm", "month": "September", "crash_group": "Motorist Overtaking Bicyclist", "crash_type": "Motorist Overtaking - Undetected Bicyclist or Detected - Too Late to Avoid"}}, {"type": "Feature", "geometry": {"type": "Point", "coordinates": [-82.1637, 28.0033]}, "properties": {"year": 2023, "state": "Florida", "age_band": "Unknown", "sex": "Male", "lighting": "Daylight", "hour": "7:00am-7:59am", "month": "September", "crash_group": "Wrong-Way / Wrong-Side", "crash_type": "Wrong-Way / Wrong-Side - Motorist"}}, {"type": "Feature", "geometry": {"type": "Point", "coordinates": [-84.6559, 29.8797]}, "properties": {"year": 2023, "state": "Florida", "age_band": "45-64", "sex": "Male", "lighting": "Daylight", "hour": "5:00pm-5:59pm", "month": "September", "crash_group": "Loss of Control / Turning Error", "crash_type": "Bicyclist Turning Error - Other"}}, {"type": "Feature", "geometry": {"type": "Point", "coordinates": [-82.0944, 27.9818]}, "properties": {"year": 2023, "state": "Florida", "age_band": "45-64", "sex": "Male", "lighting": "Daylight", "hour": "6:00pm-6:59pm", "month": "September", "crash_group": "Motorist Overtaking Bicyclist", "crash_type": "Motorist Overtaking - Misjudged Space"}}, {"type": "Feature", "geometry": {"type": "Point", "coordinates": [-80.8174, 28.6153]}, "properties": {"year": 2023, "state": "Florida", "age_band": "45-64", "sex": "Male", "lighting": "Daylight", "hour": "9:00am-9:59am", "month": "September", "crash_group": "Bicyclist Left Turn / Merge", "crash_type": "Bicyclist Left Turn - Same Direction"}}, {"type": "Feature", "geometry": {"type": "Point", "coordinates": [-81.3222, 28.645]}, "properties": {"year": 2023, "state": "Florida", "age_band": "13-17 (teen)", "sex": "Male", "lighting": "Dark - Unknown Lighting", "hour": "6:00am-6:59am", "month": "August", "crash_group": "Parallel Paths - Other Circumstances", "crash_type": "Bicyclist Ride Out - Parallel Path"}}, {"type": "Feature", "geometry": {"type": "Point", "coordinates": [-80.0769, 26.6282]}, "properties": {"year": 2023, "state": "Florida", "age_band": "25-44", "sex": "Male", "lighting": "Dawn", "hour": "5:00am-5:59am", "month": "August", "crash_group": "Bicyclist Failed to Yield - Midblock", "crash_type": "Bicyclist Ride Out - Other Midblock"}}, {"type": "Feature", "geometry": {"type": "Point", "coordinates": [-81.8791, 26.6826]}, "properties": {"year": 2023, "state": "Florida", "age_band": "65+", "sex": "Male", "lighting": "Daylight", "hour": "1:00pm-1:59pm", "month": "September", "crash_group": "Crossing Paths - Other Circumstances", "crash_type": "Crossing Paths - Intersection - Other / Unknown Control"}}, {"type": "Feature", "geometry": {"type": "Point", "coordinates": [-82.4811, 28.0254]}, "properties": {"year": 2023, "state": "Florida", "age_band": "25-44", "sex": "Male", "lighting": "Dark - Not Lighted", "hour": "5:00am-5:59am", "month": "August", "crash_group": "Loss of Control / Turning Error", "crash_type": "Bicyclist Lost Control - Other / Unknown"}}, {"type": "Feature", "geometry": {"type": "Point", "coordinates": [-82.3307, 29.6739]}, "properties": {"year": 2023, "state": "Florida", "age_band": "65+", "sex": "Female", "lighting": "Daylight", "hour": "9:00am-9:59am", "month": "September", "crash_group": "Motorist Left Turn / Merge", "crash_type": "Motorist Left Turn- Opposite Direction"}}, {"type": "Feature", "geometry": {"type": "Point", "coordinates": [-82.0704, 26.9615]}, "properties": {"year": 2023, "state": "Florida", "age_band": "25-44", "sex": "Male", "lighting": "Daylight", "hour": "3:00pm-3:59pm", "month": "August", "crash_group": "Crossing Paths - Other Circumstances", "crash_type": "Signalized Intersection - Other / Unknown"}}, {"type": "Feature", "geometry": {"type": "Point", "coordinates": [-82.5049, 28.5338]}, "properties": {"year": 2023, "state": "Florida", "age_band": "18-24", "sex": "Male", "lighting": "Daylight", "hour": "11:00am-11:59am", "month": "September", "crash_group": "Bicyclist Left Turn / Merge", "crash_type": "Bicyclist Left Turn - Same Direction"}}, {"type": "Feature", "geometry": {"type": "Point", "coordinates": [-81.205, 29.4124]}, "properties": {"year": 2023, "state": "Florida", "age_band": "25-44", "sex": "Female", "lighting": "Daylight", "hour": "4:00pm-4:59pm", "month": "September", "crash_group": "Parallel Paths - Other Circumstances", "crash_type": "Motorist Turn / Merge - Other / Unknown"}}, {"type": "Feature", "geometry": {"type": "Point", "coordinates": [-81.205, 29.4124]}, "properties": {"year": 2023, "state": "Florida", "age_band": "25-44", "sex": "Female", "lighting": "Daylight", "hour": "4:00pm-4:59pm", "month": "September", "crash_group": "Parallel Paths - Other Circumstances", "crash_type": "Motorist Turn / Merge - Other / Unknown"}}, {"type": "Feature", "geometry": {"type": "Point", "coordinates": [-81.2659, 28.8008]}, "properties": {"year": 2023, "state": "Florida", "age_band": "45-64", "sex": "Male", "lighting": "Daylight", "hour": "8:00am-8:59am", "month": "September", "crash_group": "Bicyclist Failed to Yield - Signalized Intersection", "crash_type": "Bicyclist Ride Through - Signalized Intersection"}}, {"type": "Feature", "geometry": {"type": "Point", "coordinates": [-80.2492, 25.9645]}, "properties": {"year": 2023, "state": "Florida", "age_band": "45-64", "sex": "Male", "lighting": "Dark - Not Lighted", "hour": "8:00pm-8:59pm", "month": "September", "crash_group": "Motorist Left Turn / Merge", "crash_type": "Motorist Left Turn- Same Direction"}}, {"type": "Feature", "geometry": {"type": "Point", "coordinates": [-81.8723, 28.0442]}, "properties": {"year": 2023, "state": "Florida", "age_band": "45-64", "sex": "Male", "lighting": "Dark - Not Lighted", "hour": "1:00am-1:59am", "month": "September", "crash_group": "Motorist Overtaking Bicyclist", "crash_type": "Motorist Overtaking - Other/ Unknown"}}, {"type": "Feature", "geometry": {"type": "Point", "coordinates": [-81.4177, 26.7163]}, "properties": {"year": 2023, "state": "Florida", "age_band": "13-17 (teen)", "sex": "Male", "lighting": "Dusk", "hour": "7:00pm-7:59pm", "month": "September", "crash_group": "Motorist Overtaking Bicyclist", "crash_type": "Motorist Overtaking - Other/ Unknown"}}, {"type": "Feature", "geometry": {"type": "Point", "coordinates": [-80.6857, 28.0992]}, "properties": {"year": 2023, "state": "Florida", "age_band": "25-44", "sex": "Male", "lighting": "Dark - Not Lighted", "hour": "0:00am-0:59am", "month": "September", "crash_group": "Bicyclist Left Turn / Merge", "crash_type": "Bicyclist Left Turn - Opposite Direction"}}, {"type": "Feature", "geometry": {"type": "Point", "coordinates": [-81.3515, 29.4677]}, "properties": {"year": 2023, "state": "Florida", "age_band": "45-64", "sex": "Male", "lighting": "Dawn", "hour": "6:00am-6:59am", "month": "September", "crash_group": "Motorist Overtaking Bicyclist", "crash_type": "Motorist Overtaking - Undetected Bicyclist or Detected - Too Late to Avoid"}}, {"type": "Feature", "geometry": {"type": "Point", "coordinates": [-81.4073, 28.5437]}, "properties": {"year": 2023, "state": "Florida", "age_band": "45-64", "sex": "Male", "lighting": "Daylight", "hour": "10:00am-10:59am", "month": "September", "crash_group": "Bicyclist Failed to Yield - Midblock", "crash_type": "Bicyclist Ride Out - Other Midblock"}}, {"type": "Feature", "geometry": {"type": "Point", "coordinates": [-82.6579, 30.1141]}, "properties": {"year": 2023, "state": "Florida", "age_band": "25-44", "sex": "Male", "lighting": "Daylight", "hour": "2:00pm-2:59pm", "month": "September", "crash_group": "Motorist Left Turn / Merge", "crash_type": "Motorist Left Turn- Same Direction"}}, {"type": "Feature", "geometry": {"type": "Point", "coordinates": [-81.8802, 26.6542]}, "properties": {"year": 2023, "state": "Florida", "age_band": "18-24", "sex": "Male", "lighting": "Dark - Unknown Lighting", "hour": "3:00am-3:59am", "month": "September", "crash_group": "Motorist Overtaking Bicyclist", "crash_type": "Motorist Overtaking - Other/ Unknown"}}, {"type": "Feature", "geometry": {"type": "Point", "coordinates": [-81.7234, 28.5809]}, "properties": {"year": 2023, "state": "Florida", "age_band": "13-17 (teen)", "sex": "Male", "lighting": "Dawn", "hour": "6:00am-6:59am", "month": "October", "crash_group": "Motorist Left Turn / Merge", "crash_type": "Motorist Left Turn- Opposite Direction"}}, {"type": "Feature", "geometry": {"type": "Point", "coordinates": [-80.2069, 25.9569]}, "properties": {"year": 2023, "state": "Florida", "age_band": "13-17 (teen)", "sex": "Male", "lighting": "Daylight", "hour": "6:00am-6:59am", "month": "October", "crash_group": "Motorist Failed to Yield - Midblock", "crash_type": "Motorist Drive-Out - Commercial Driveway"}}, {"type": "Feature", "geometry": {"type": "Point", "coordinates": [-82.037, 27.0174]}, "properties": {"year": 2023, "state": "Florida", "age_band": "65+", "sex": "Female", "lighting": "Daylight", "hour": "6:00pm-6:59pm", "month": "September", "crash_group": "Bicyclist Left Turn / Merge", "crash_type": "Bicyclist Left Turn - Opposite Direction"}}, {"type": "Feature", "geometry": {"type": "Point", "coordinates": [-81.8363, 27.7007]}, "properties": {"year": 2023, "state": "Florida", "age_band": "0-12 (child)", "sex": "Male", "lighting": "Daylight", "hour": "4:00pm-4:59pm", "month": "September", "crash_group": "Motorist Overtaking Bicyclist", "crash_type": "Motorist Overtaking - Misjudged Space"}}, {"type": "Feature", "geometry": {"type": "Point", "coordinates": [-81.3448, 28.5533]}, "properties": {"year": 2023, "state": "Florida", "age_band": "45-64", "sex": "Male", "lighting": "Dark - Lighted", "hour": "1:00am-1:59am", "month": "September", "crash_group": "Bicyclist Failed to Yield - Signalized Intersection", "crash_type": "Bicyclist Ride Through - Signalized Intersection"}}, {"type": "Feature", "geometry": {"type": "Point", "coordinates": [-83.9907, 30.3449]}, "properties": {"year": 2023, "state": "Florida", "age_band": "25-44", "sex": "Male", "lighting": "Daylight", "hour": "7:00pm-7:59pm", "month": "September", "crash_group": "Motorist Overtaking Bicyclist", "crash_type": "Motorist Overtaking - Misjudged Space"}}, {"type": "Feature", "geometry": {"type": "Point", "coordinates": [-82.4737, 28.0694]}, "properties": {"year": 2023, "state": "Florida", "age_band": "45-64", "sex": "Male", "lighting": "Dark - Not Lighted", "hour": "8:00pm-8:59pm", "month": "October", "crash_group": "Bicyclist Failed to Yield - Sign-Controlled Intersection", "crash_type": "Bicyclist Ride Through - Sign-Controlled Intersection"}}, {"type": "Feature", "geometry": {"type": "Point", "coordinates": [-81.4299, 28.9416]}, "properties": {"year": 2023, "state": "Florida", "age_band": "45-64", "sex": "Male", "lighting": "Daylight", "hour": "8:00am-8:59am", "month": "September", "crash_group": "Bicyclist Failed to Yield - Midblock", "crash_type": "Bicyclist Ride-Out - Driveway, Unknown Type"}}, {"type": "Feature", "geometry": {"type": "Point", "coordinates": [-80.4315, 25.7213]}, "properties": {"year": 2023, "state": "Florida", "age_band": "45-64", "sex": "Male", "lighting": "Daylight", "hour": "7:00pm-7:59pm", "month": "September", "crash_group": "Bicyclist Failed to Yield - Signalized Intersection", "crash_type": "Bicyclist Failed to Clear - Trapped"}}, {"type": "Feature", "geometry": {"type": "Point", "coordinates": [-81.029, 29.1777]}, "properties": {"year": 2023, "state": "Florida", "age_band": "45-64", "sex": "Male", "lighting": "Dark - Not Lighted", "hour": "11:00pm-11:59pm", "month": "October", "crash_group": "Crossing Paths - Other Circumstances", "crash_type": "Crossing Paths - Uncontrolled Intersection"}}, {"type": "Feature", "geometry": {"type": "Point", "coordinates": [-81.6888, 24.5887]}, "properties": {"year": 2023, "state": "Florida", "age_band": "45-64", "sex": "Male", "lighting": "Dark - Not Lighted", "hour": "3:00am-3:59am", "month": "October", "crash_group": "Motorist Overtaking Bicyclist", "crash_type": "Motorist Overtaking - Undetected Bicyclist or Detected - Too Late to Avoid"}}, {"type": "Feature", "geometry": {"type": "Point", "coordinates": [-81.6466, 30.3267]}, "properties": {"year": 2023, "state": "Florida", "age_band": "45-64", "sex": "Male", "lighting": "Daylight", "hour": "11:00am-11:59am", "month": "October", "crash_group": "Crossing Paths - Other Circumstances", "crash_type": "Crossing Paths - Intersection - Other / Unknown Control"}}, {"type": "Feature", "geometry": {"type": "Point", "coordinates": [-81.8783, 27.9656]}, "properties": {"year": 2023, "state": "Florida", "age_band": "65+", "sex": "Male", "lighting": "Dark - Lighted", "hour": "9:00pm-9:59pm", "month": "September", "crash_group": "Bicyclist Failed to Yield - Midblock", "crash_type": "Bicyclist Ride Out - Other Midblock"}}, {"type": "Feature", "geometry": {"type": "Point", "coordinates": [-80.1745, 25.9648]}, "properties": {"year": 2023, "state": "Florida", "age_band": "18-24", "sex": "Female", "lighting": "Daylight", "hour": "10:00am-10:59am", "month": "September", "crash_group": "Motorist Overtaking Bicyclist", "crash_type": "Motorist Overtaking - Other/ Unknown"}}, {"type": "Feature", "geometry": {"type": "Point", "coordinates": [-82.4354, 27.9368]}, "properties": {"year": 2023, "state": "Florida", "age_band": "25-44", "sex": "Male", "lighting": "Dark - Lighted", "hour": "2:00am-2:59am", "month": "October", "crash_group": "Parallel Paths - Other Circumstances", "crash_type": "Motorist Turn / Merge - Other / Unknown"}}, {"type": "Feature", "geometry": {"type": "Point", "coordinates": [-80.3761, 27.5451]}, "properties": {"year": 2023, "state": "Florida", "age_band": "65+", "sex": "Male", "lighting": "Daylight", "hour": "8:00am-8:59am", "month": "September", "crash_group": "Bicyclist Left Turn / Merge", "crash_type": "Bicyclist Left Turn - Same Direction"}}, {"type": "Feature", "geometry": {"type": "Point", "coordinates": [-81.1109, 28.5548]}, "properties": {"year": 2023, "state": "Florida", "age_band": "45-64", "sex": "Male", "lighting": "Daylight", "hour": "7:00am-7:59am", "month": "October", "crash_group": "Bicyclist Failed to Yield - Midblock", "crash_type": "Bicyclist Ride Out - Other Midblock"}}, {"type": "Feature", "geometry": {"type": "Point", "coordinates": [-84.3131, 30.1526]}, "properties": {"year": 2023, "state": "Florida", "age_band": "25-44", "sex": "Male", "lighting": "Dark - Not Lighted", "hour": "8:00pm-8:59pm", "month": "October", "crash_group": "Motorist Overtaking Bicyclist", "crash_type": "Motorist Overtaking - Undetected Bicyclist or Detected - Too Late to Avoid"}}, {"type": "Feature", "geometry": {"type": "Point", "coordinates": [-82.4378, 27.9704]}, "properties": {"year": 2023, "state": "Florida", "age_band": "45-64", "sex": "Male", "lighting": "Dark - Lighted", "hour": "8:00pm-8:59pm", "month": "October", "crash_group": "Bicyclist Failed to Yield - Sign-Controlled Intersection", "crash_type": "Bicyclist Ride Out - Sign-Controlled Intersection"}}, {"type": "Feature", "geometry": {"type": "Point", "coordinates": [-81.3732, 28.5457]}, "properties": {"year": 2023, "state": "Florida", "age_band": "25-44", "sex": "Male", "lighting": "Dark - Lighted", "hour": "0:00am-0:59am", "month": "October", "crash_group": "Motorist Overtaking Bicyclist", "crash_type": "Motorist Overtaking - Misjudged Space"}}, {"type": "Feature", "geometry": {"type": "Point", "coordinates": [-82.0553, 26.9662]}, "properties": {"year": 2023, "state": "Florida", "age_band": "45-64", "sex": "Female", "lighting": "Dark - Not Lighted", "hour": "7:00pm-7:59pm", "month": "October", "crash_group": "Wrong-Way / Wrong-Side", "crash_type": "Wrong-Way / Wrong-Side - Bicyclist"}}, {"type": "Feature", "geometry": {"type": "Point", "coordinates": [-80.6835, 28.23]}, "properties": {"year": 2023, "state": "Florida", "age_band": "45-64", "sex": "Female", "lighting": "Daylight", "hour": "8:00am-8:59am", "month": "October", "crash_group": "Bicyclist Failed to Yield - Signalized Intersection", "crash_type": "Bicyclist Ride Through - Signalized Intersection"}}, {"type": "Feature", "geometry": {"type": "Point", "coordinates": [-82.2518, 29.0843]}, "properties": {"year": 2023, "state": "Florida", "age_band": "45-64", "sex": "Male", "lighting": "Dark - Not Lighted", "hour": "3:00am-3:59am", "month": "October", "crash_group": "Parallel Paths - Other Circumstances", "crash_type": "Parallel Paths - Other / Unknown"}}, {"type": "Feature", "geometry": {"type": "Point", "coordinates": [-81.8349, 26.6413]}, "properties": {"year": 2023, "state": "Florida", "age_band": "45-64", "sex": "Male", "lighting": "Daylight", "hour": "5:00pm-5:59pm", "month": "November", "crash_group": "Parallel Paths - Other Circumstances", "crash_type": "Parallel Paths - Other / Unknown"}}, {"type": "Feature", "geometry": {"type": "Point", "coordinates": [-81.6577, 29.6334]}, "properties": {"year": 2023, "state": "Florida", "age_band": "45-64", "sex": "Male", "lighting": "Dark - Not Lighted", "hour": "10:00pm-10:59pm", "month": "October", "crash_group": "Motorist Overtaking Bicyclist", "crash_type": "Motorist Overtaking - Misjudged Space"}}, {"type": "Feature", "geometry": {"type": "Point", "coordinates": [-82.5094, 27.4463]}, "properties": {"year": 2023, "state": "Florida", "age_band": "45-64", "sex": "Male", "lighting": "Dark - Lighted", "hour": "7:00pm-7:59pm", "month": "October", "crash_group": "Bicyclist Failed to Yield - Signalized Intersection", "crash_type": "Bicyclist Ride Through - Signalized Intersection"}}, {"type": "Feature", "geometry": {"type": "Point", "coordinates": [-82.7756, 28.0115]}, "properties": {"year": 2023, "state": "Florida", "age_band": "25-44", "sex": "Male", "lighting": "Dark - Lighted", "hour": "10:00pm-10:59pm", "month": "October", "crash_group": "Bicyclist Left Turn / Merge", "crash_type": "Bicyclist Left Turn - Same Direction"}}, {"type": "Feature", "geometry": {"type": "Point", "coordinates": [-80.0687, 26.6168]}, "properties": {"year": 2023, "state": "Florida", "age_band": "45-64", "sex": "Male", "lighting": "Dark - Lighted", "hour": "6:00pm-6:59pm", "month": "October", "crash_group": "Wrong-Way / Wrong-Side", "crash_type": "Wrong-Way / Wrong-Side - Bicyclist"}}, {"type": "Feature", "geometry": {"type": "Point", "coordinates": [-82.6978, 27.8592]}, "properties": {"year": 2023, "state": "Florida", "age_band": "45-64", "sex": "Male", "lighting": "Dark - Lighted", "hour": "8:00pm-8:59pm", "month": "November", "crash_group": "Motorist Overtaking Bicyclist", "crash_type": "Motorist Overtaking - Other/ Unknown"}}, {"type": "Feature", "geometry": {"type": "Point", "coordinates": [-87.0469, 30.6455]}, "properties": {"year": 2023, "state": "Florida", "age_band": "13-17 (teen)", "sex": "Male", "lighting": "Daylight", "hour": "4:00pm-4:59pm", "month": "October", "crash_group": "Bicyclist Failed to Yield - Sign-Controlled Intersection", "crash_type": "Bicyclist Ride Through - Sign-Controlled Intersection"}}, {"type": "Feature", "geometry": {"type": "Point", "coordinates": [-82.4747, 27.4458]}, "properties": {"year": 2023, "state": "Florida", "age_band": "45-64", "sex": "Male", "lighting": "Dark - Not Lighted", "hour": "5:00am-5:59am", "month": "November", "crash_group": "Parallel Paths - Other Circumstances", "crash_type": "Parallel Paths - Other / Unknown"}}, {"type": "Feature", "geometry": {"type": "Point", "coordinates": [-80.8532, 28.6832]}, "properties": {"year": 2023, "state": "Florida", "age_band": "25-44", "sex": "Female", "lighting": "Dark - Not Lighted", "hour": "7:00pm-7:59pm", "month": "November", "crash_group": "Bicyclist Right Turn / Merge", "crash_type": "Bicyclist Right Turn - Same Direction"}}, {"type": "Feature", "geometry": {"type": "Point", "coordinates": [-81.3657, 28.4585]}, "properties": {"year": 2023, "state": "Florida", "age_band": "25-44", "sex": "Male", "lighting": "Dark - Not Lighted", "hour": "0:00am-0:59am", "month": "October", "crash_group": "Wrong-Way / Wrong-Side", "crash_type": "Wrong-Way / Wrong-Side - Bicyclist"}}, {"type": "Feature", "geometry": {"type": "Point", "coordinates": [-81.3542, 30.15]}, "properties": {"year": 2023, "state": "Florida", "age_band": "45-64", "sex": "Male", "lighting": "Dark - Not Lighted", "hour": "9:00pm-9:59pm", "month": "November", "crash_group": "Motorist Overtaking Bicyclist", "crash_type": "Motorist Overtaking - Other/ Unknown"}}, {"type": "Feature", "geometry": {"type": "Point", "coordinates": [-86.1688, 30.714]}, "properties": {"year": 2023, "state": "Florida", "age_band": "45-64", "sex": "Male", "lighting": "Reported as Unknown", "hour": "6:00pm-6:59pm", "month": "November", "crash_group": "Motorist Overtaking Bicyclist", "crash_type": "Motorist Overtaking - Other/ Unknown"}}, {"type": "Feature", "geometry": {"type": "Point", "coordinates": [-81.6997, 26.0566]}, "properties": {"year": 2023, "state": "Florida", "age_band": "25-44", "sex": "Male", "lighting": "Daylight", "hour": "9:00am-9:59am", "month": "November", "crash_group": "Motorist Failed to Yield - Sign-Controlled Intersection", "crash_type": "Motorist Drive Out - Sign-Controlled Intersection"}}, {"type": "Feature", "geometry": {"type": "Point", "coordinates": [-82.7007, 27.894]}, "properties": {"year": 2023, "state": "Florida", "age_band": "45-64", "sex": "Male", "lighting": "Dark - Lighted", "hour": "6:00pm-6:59pm", "month": "November", "crash_group": "Bicyclist Failed to Yield - Signalized Intersection", "crash_type": "Bicyclist Ride Out - Signalized Intersection"}}, {"type": "Feature", "geometry": {"type": "Point", "coordinates": [-81.4591, 28.4955]}, "properties": {"year": 2023, "state": "Florida", "age_band": "45-64", "sex": "Female", "lighting": "Dark - Lighted", "hour": "11:00pm-11:59pm", "month": "November", "crash_group": "Wrong-Way / Wrong-Side", "crash_type": "Wrong-Way / Wrong-Side - Bicyclist"}}, {"type": "Feature", "geometry": {"type": "Point", "coordinates": [-81.243, 28.2917]}, "properties": {"year": 2023, "state": "Florida", "age_band": "65+", "sex": "Male", "lighting": "Dark - Not Lighted", "hour": "3:00am-3:59am", "month": "November", "crash_group": "Motorist Overtaking Bicyclist", "crash_type": "Motorist Overtaking - Undetected Bicyclist or Detected - Too Late to Avoid"}}, {"type": "Feature", "geometry": {"type": "Point", "coordinates": [-81.2991, 28.2461]}, "properties": {"year": 2023, "state": "Florida", "age_band": "Unknown", "sex": "Not Reported", "lighting": "Daylight", "hour": "2:00pm-2:59pm", "month": "December", "crash_group": "Loss of Control / Turning Error", "crash_type": "Bicyclist Lost Control - Other / Unknown"}}, {"type": "Feature", "geometry": {"type": "Point", "coordinates": [-82.4204, 27.9959]}, "properties": {"year": 2023, "state": "Florida", "age_band": "65+", "sex": "Male", "lighting": "Dark - Lighted", "hour": "6:00am-6:59am", "month": "November", "crash_group": "Loss of Control / Turning Error", "crash_type": "Motorist Turning Error - Left turn"}}, {"type": "Feature", "geometry": {"type": "Point", "coordinates": [-81.0886, 24.7128]}, "properties": {"year": 2023, "state": "Florida", "age_band": "45-64", "sex": "Female", "lighting": "Daylight", "hour": "10:00am-10:59am", "month": "November", "crash_group": "Bicyclist Left Turn / Merge", "crash_type": "Bicyclist Left Turn - Opposite Direction"}}, {"type": "Feature", "geometry": {"type": "Point", "coordinates": [-82.4423, 28.0547]}, "properties": {"year": 2023, "state": "Florida", "age_band": "65+", "sex": "Male", "lighting": "Dark - Lighted", "hour": "8:00pm-8:59pm", "month": "December", "crash_group": "Wrong-Way / Wrong-Side", "crash_type": "Wrong-Way / Wrong-Side - Bicyclist"}}, {"type": "Feature", "geometry": {"type": "Point", "coordinates": [-82.0285, 27.9747]}, "properties": {"year": 2023, "state": "Florida", "age_band": "13-17 (teen)", "sex": "Male", "lighting": "Daylight", "hour": "6:00am-6:59am", "month": "December", "crash_group": "Bicyclist Failed to Yield - Midblock", "crash_type": "Bicyclist Ride Out - Midblock - Unknown"}}, {"type": "Feature", "geometry": {"type": "Point", "coordinates": [-82.1041, 28.0466]}, "properties": {"year": 2023, "state": "Florida", "age_band": "25-44", "sex": "Male", "lighting": "Dark - Not Lighted", "hour": "2:00am-2:59am", "month": "December", "crash_group": "Bicyclist Overtaking Motor Vehicle", "crash_type": "Bicyclist Overtaking - Other / Unknown"}}, {"type": "Feature", "geometry": {"type": "Point", "coordinates": [-82.4763, 27.3379]}, "properties": {"year": 2023, "state": "Florida", "age_band": "65+", "sex": "Male", "lighting": "Daylight", "hour": "3:00pm-3:59pm", "month": "November", "crash_group": "Bicyclist Failed to Yield - Midblock", "crash_type": "Bicyclist Ride Out - Other Midblock"}}, {"type": "Feature", "geometry": {"type": "Point", "coordinates": [-82.4838, 27.2839]}, "properties": {"year": 2023, "state": "Florida", "age_band": "45-64", "sex": "Male", "lighting": "Daylight", "hour": "6:00am-6:59am", "month": "December", "crash_group": "Bicyclist Failed to Yield - Midblock", "crash_type": "Bicyclist Ride Out - Other Midblock"}}, {"type": "Feature", "geometry": {"type": "Point", "coordinates": [-82.562, 27.3267]}, "properties": {"year": 2023, "state": "Florida", "age_band": "65+", "sex": "Male", "lighting": "Dark - Lighted", "hour": "9:00pm-9:59pm", "month": "October", "crash_group": "Crossing Paths - Other Circumstances", "crash_type": "Crossing Paths - Intersection - Other / Unknown Control"}}, {"type": "Feature", "geometry": {"type": "Point", "coordinates": [-81.1119, 28.5553]}, "properties": {"year": 2023, "state": "Florida", "age_band": "65+", "sex": "Male", "lighting": "Daylight", "hour": "2:00pm-2:59pm", "month": "December", "crash_group": "Bicyclist Failed to Yield - Sign-Controlled Intersection", "crash_type": "Bicyclist Ride Out - Sign-Controlled Intersection"}}, {"type": "Feature", "geometry": {"type": "Point", "coordinates": [-80.3651, 26.0074]}, "properties": {"year": 2023, "state": "Florida", "age_band": "45-64", "sex": "Male", "lighting": "Daylight", "hour": "11:00am-11:59am", "month": "October", "crash_group": "Other / Unusual Circumstances", "crash_type": "Unusual Circumstances"}}, {"type": "Feature", "geometry": {"type": "Point", "coordinates": [-80.9382, 29.0161]}, "properties": {"year": 2023, "state": "Florida", "age_band": "45-64", "sex": "Male", "lighting": "Dark - Lighted", "hour": "5:00pm-5:59pm", "month": "November", "crash_group": "Bicyclist Failed to Yield - Midblock", "crash_type": "Bicyclist Ride Out - Other Midblock"}}, {"type": "Feature", "geometry": {"type": "Point", "coordinates": [-82.6473, 28.3734]}, "properties": {"year": 2023, "state": "Florida", "age_band": "13-17 (teen)", "sex": "Male", "lighting": "Dark - Not Lighted", "hour": "6:00am-6:59am", "month": "December", "crash_group": "Motorist Overtaking Bicyclist", "crash_type": "Motorist Overtaking - Other/ Unknown"}}, {"type": "Feature", "geometry": {"type": "Point", "coordinates": [-82.4595, 28.0858]}, "properties": {"year": 2023, "state": "Florida", "age_band": "65+", "sex": "Male", "lighting": "Daylight", "hour": "3:00pm-3:59pm", "month": "December", "crash_group": "Motorist Failed to Yield - Sign-Controlled Intersection", "crash_type": "Motorist Drive Out - Sign-Controlled Intersection"}}, {"type": "Feature", "geometry": {"type": "Point", "coordinates": [-82.7472, 28.1414]}, "properties": {"year": 2023, "state": "Florida", "age_band": "18-24", "sex": "Male", "lighting": "Daylight", "hour": "2:00pm-2:59pm", "month": "December", "crash_group": "Bicyclist Failed to Yield - Sign-Controlled Intersection", "crash_type": "Bicyclist Ride Through - Sign-Controlled Intersection"}}, {"type": "Feature", "geometry": {"type": "Point", "coordinates": [-81.4272, 26.4184]}, "properties": {"year": 2023, "state": "Florida", "age_band": "65+", "sex": "Male", "lighting": "Daylight", "hour": "7:00am-7:59am", "month": "December", "crash_group": "Bicyclist Failed to Yield - Midblock", "crash_type": "Bicyclist Ride Out - Other Midblock"}}, {"type": "Feature", "geometry": {"type": "Point", "coordinates": [-80.2079, 26.0658]}, "properties": {"year": 2023, "state": "Florida", "age_band": "Unknown", "sex": "Not Reported", "lighting": "Dark - Lighted", "hour": "3:00am-3:59am", "month": "August", "crash_group": "Bicyclist Failed to Yield - Signalized Intersection", "crash_type": "Bicyclist Ride Through - Signalized Intersection"}}, {"type": "Feature", "geometry": {"type": "Point", "coordinates": [-81.7132, 30.1681]}, "properties": {"year": 2023, "state": "Florida", "age_band": "65+", "sex": "Male", "lighting": "Dark - Lighted", "hour": "9:00pm-9:59pm", "month": "December", "crash_group": "Motorist Overtaking Bicyclist", "crash_type": "Motorist Overtaking - Misjudged Space"}}, {"type": "Feature", "geometry": {"type": "Point", "coordinates": [-81.8114, 26.6138]}, "properties": {"year": 2023, "state": "Florida", "age_band": "25-44", "sex": "Male", "lighting": "Dark - Not Lighted", "hour": "10:00pm-10:59pm", "month": "December", "crash_group": "Crossing Paths - Other Circumstances", "crash_type": "Crossing Paths - Midblock - Other / Unknown"}}, {"type": "Feature", "geometry": {"type": "Point", "coordinates": [-82.7461, 27.8942]}, "properties": {"year": 2023, "state": "Florida", "age_band": "25-44", "sex": "Male", "lighting": "Dawn", "hour": "6:00am-6:59am", "month": "December", "crash_group": "Bicyclist Failed to Yield - Signalized Intersection", "crash_type": "Bicyclist Ride Through - Signalized Intersection"}}, {"type": "Feature", "geometry": {"type": "Point", "coordinates": [-81.9749, 28.0131]}, "properties": {"year": 2023, "state": "Florida", "age_band": "45-64", "sex": "Male", "lighting": "Daylight", "hour": "11:00am-11:59am", "month": "November", "crash_group": "Bicyclist Failed to Yield - Midblock", "crash_type": "Bicyclist Ride Out - Other Midblock"}}, {"type": "Feature", "geometry": {"type": "Point", "coordinates": [-81.8731, 27.1776]}, "properties": {"year": 2023, "state": "Florida", "age_band": "25-44", "sex": "Male", "lighting": "Dark - Not Lighted", "hour": "7:00pm-7:59pm", "month": "December", "crash_group": "Motorist Overtaking Bicyclist", "crash_type": "Motorist Overtaking - Undetected Bicyclist or Detected - Too Late to Avoid"}}, {"type": "Feature", "geometry": {"type": "Point", "coordinates": [-81.7908, 27.5002]}, "properties": {"year": 2023, "state": "Florida", "age_band": "65+", "sex": "Male", "lighting": "Daylight", "hour": "12:00pm-12:59pm", "month": "December", "crash_group": "Bicyclist Left Turn / Merge", "crash_type": "Bicyclist Left Turn - Same Direction"}}, {"type": "Feature", "geometry": {"type": "Point", "coordinates": [-81.4523, 27.4129]}, "properties": {"year": 2023, "state": "Florida", "age_band": "65+", "sex": "Male", "lighting": "Daylight", "hour": "10:00am-10:59am", "month": "December", "crash_group": "Bicyclist Left Turn / Merge", "crash_type": "Bicyclist Left Turn - Same Direction"}}, {"type": "Feature", "geometry": {"type": "Point", "coordinates": [-80.7077, 27.1579]}, "properties": {"year": 2023, "state": "Florida", "age_band": "45-64", "sex": "Male", "lighting": "Dark - Not Lighted", "hour": "5:00pm-5:59pm", "month": "December", "crash_group": "Bicyclist Left Turn / Merge", "crash_type": "Bicyclist Left Turn - Same Direction"}}, {"type": "Feature", "geometry": {"type": "Point", "coordinates": [-81.8116, 26.4191]}, "properties": {"year": 2023, "state": "Florida", "age_band": "65+", "sex": "Male", "lighting": "Dark - Lighted", "hour": "6:00am-6:59am", "month": "October", "crash_group": "Bicyclist Right Turn / Merge", "crash_type": "Bicyclist Right Turn - Same Direction"}}, {"type": "Feature", "geometry": {"type": "Point", "coordinates": [-81.7319, 24.5754]}, "properties": {"year": 2023, "state": "Florida", "age_band": "45-64", "sex": "Female", "lighting": "Daylight", "hour": "8:00am-8:59am", "month": "December", "crash_group": "Motorist Failed to Yield - Sign-Controlled Intersection", "crash_type": "Motorist Drive Out - Sign-Controlled Intersection"}}, {"type": "Feature", "geometry": {"type": "Point", "coordinates": [-80.1863, 26.1242]}, "properties": {"year": 2023, "state": "Florida", "age_band": "Unknown", "sex": "Not Reported", "lighting": "Daylight", "hour": "2:00pm-2:59pm", "month": "December", "crash_group": "Other / Unknown - Insufficient Details", "crash_type": "Unknown Approach Paths"}}, {"type": "Feature", "geometry": {"type": "Point", "coordinates": [-82.6386, 27.8376]}, "properties": {"year": 2023, "state": "Florida", "age_band": "45-64", "sex": "Female", "lighting": "Daylight", "hour": "2:00pm-2:59pm", "month": "December", "crash_group": "Other / Unknown - Insufficient Details", "crash_type": "Unknown Approach Paths"}}, {"type": "Feature", "geometry": {"type": "Point", "coordinates": [-80.2575, 27.3052]}, "properties": {"year": 2023, "state": "Florida", "age_band": "25-44", "sex": "Male", "lighting": "Dark - Not Lighted", "hour": "6:00pm-6:59pm", "month": "December", "crash_group": "Motorist Overtaking Bicyclist", "crash_type": "Motorist Overtaking - Undetected Bicyclist or Detected - Too Late to Avoid"}}, {"type": "Feature", "geometry": {"type": "Point", "coordinates": [-80.1664, 26.1069]}, "properties": {"year": 2023, "state": "Florida", "age_band": "45-64", "sex": "Male", "lighting": "Dark - Lighted", "hour": "3:00am-3:59am", "month": "May", "crash_group": "Motorist Overtaking Bicyclist", "crash_type": "Motorist Overtaking - Other/ Unknown"}}, {"type": "Feature", "geometry": {"type": "Point", "coordinates": [-80.2429, 25.8746]}, "properties": {"year": 2023, "state": "Florida", "age_band": "65+", "sex": "Male", "lighting": "Dark - Unknown Lighting", "hour": "9:00pm-9:59pm", "month": "October", "crash_group": "Bicyclist Failed to Yield - Signalized Intersection", "crash_type": "Bicyclist Ride Through - Signalized Intersection"}}, {"type": "Feature", "geometry": {"type": "Point", "coordinates": [-81.7813, 24.5568]}, "properties": {"year": 2023, "state": "Florida", "age_band": "25-44", "sex": "Male", "lighting": "Dark - Lighted", "hour": "10:00pm-10:59pm", "month": "October", "crash_group": "Bicyclist Failed to Yield - Sign-Controlled Intersection", "crash_type": "Bicyclist Ride Out - Sign-Controlled Intersection"}}, {"type": "Feature", "geometry": {"type": "Point", "coordinates": [-82.4995, 28.0254]}, "properties": {"year": 2023, "state": "Florida", "age_band": "45-64", "sex": "Male", "lighting": "Daylight", "hour": "9:00am-9:59am", "month": "August", "crash_group": "Motorist Failed to Yield - Midblock", "crash_type": "Motorist Drive-Out - Commercial Driveway"}}, {"type": "Feature", "geometry": {"type": "Point", "coordinates": [-80.3752, 25.9785]}, "properties": {"year": 2023, "state": "Florida", "age_band": "45-64", "sex": "Male", "lighting": "Dark - Not Lighted", "hour": "10:00pm-10:59pm", "month": "October", "crash_group": "Bicyclist Failed to Yield - Midblock", "crash_type": "Bicyclist Ride Out - Other Midblock"}}, {"type": "Feature", "geometry": {"type": "Point", "coordinates": [-84.2549, 33.9661]}, "properties": {"year": 2023, "state": "Georgia", "age_band": "13-17 (teen)", "sex": "Male", "lighting": "Daylight", "hour": "9:00am-9:59am", "month": "January", "crash_group": "Loss of Control / Turning Error", "crash_type": "Motorist Lost Control - Other / Unknown"}}, {"type": "Feature", "geometry": {"type": "Point", "coordinates": [-82.0074, 33.4551]}, "properties": {"year": 2023, "state": "Georgia", "age_band": "45-64", "sex": "Male", "lighting": "Dark - Lighted", "hour": "6:00pm-6:59pm", "month": "January", "crash_group": "Wrong-Way / Wrong-Side", "crash_type": "Wrong-Way / Wrong-Side - Motorist"}}, {"type": "Feature", "geometry": {"type": "Point", "coordinates": [-81.9831, 33.3532]}, "properties": {"year": 2023, "state": "Georgia", "age_band": "45-64", "sex": "Male", "lighting": "Dark - Not Lighted", "hour": "8:00pm-8:59pm", "month": "April", "crash_group": "Wrong-Way / Wrong-Side", "crash_type": "Wrong-Way / Wrong-Side - Bicyclist"}}, {"type": "Feature", "geometry": {"type": "Point", "coordinates": [-84.1162, 33.7021]}, "properties": {"year": 2023, "state": "Georgia", "age_band": "45-64", "sex": "Male", "lighting": "Dark - Lighted", "hour": "8:00pm-8:59pm", "month": "February", "crash_group": "Bicyclist Failed to Yield - Midblock", "crash_type": "Bicyclist Ride Out - Other Midblock"}}, {"type": "Feature", "geometry": {"type": "Point", "coordinates": [-83.7019, 32.816]}, "properties": {"year": 2023, "state": "Georgia", "age_band": "45-64", "sex": "Male", "lighting": "Dark - Not Lighted", "hour": "7:00pm-7:59pm", "month": "February", "crash_group": "Wrong-Way / Wrong-Side", "crash_type": "Wrong-Way / Wrong-Side - Bicyclist"}}, {"type": "Feature", "geometry": {"type": "Point", "coordinates": [-81.0797, 31.9794]}, "properties": {"year": 2023, "state": "Georgia", "age_band": "25-44", "sex": "Male", "lighting": "Dark - Not Lighted", "hour": "10:00pm-10:59pm", "month": "May", "crash_group": "Motorist Overtaking Bicyclist", "crash_type": "Motorist Overtaking - Undetected Bicyclist or Detected - Too Late to Avoid"}}, {"type": "Feature", "geometry": {"type": "Point", "coordinates": [-84.0083, 33.8341]}, "properties": {"year": 2023, "state": "Georgia", "age_band": "45-64", "sex": "Male", "lighting": "Dark - Not Lighted", "hour": "1:00am-1:59am", "month": "July", "crash_group": "Other / Unknown - Insufficient Details", "crash_type": "Unknown Approach Paths"}}, {"type": "Feature", "geometry": {"type": "Point", "coordinates": [-81.4332, 31.3833]}, "properties": {"year": 2023, "state": "Georgia", "age_band": "45-64", "sex": "Male", "lighting": "Dark - Not Lighted", "hour": "10:00pm-10:59pm", "month": "July", "crash_group": "Motorist Overtaking Bicyclist", "crash_type": "Motorist Overtaking - Misjudged Space"}}, {"type": "Feature", "geometry": {"type": "Point", "coordinates": [-81.0441, 31.9159]}, "properties": {"year": 2023, "state": "Georgia", "age_band": "65+", "sex": "Female", "lighting": "Daylight", "hour": "9:00am-9:59am", "month": "July", "crash_group": "Other / Unusual Circumstances", "crash_type": "Unusual Circumstances"}}, {"type": "Feature", "geometry": {"type": "Point", "coordinates": [-83.8719, 33.5668]}, "properties": {"year": 2023, "state": "Georgia", "age_band": "25-44", "sex": "Male", "lighting": "Daylight", "hour": "2:00pm-2:59pm", "month": "July", "crash_group": "Other / Unusual Circumstances", "crash_type": "Play Vehicle-Related"}}, {"type": "Feature", "geometry": {"type": "Point", "coordinates": [-81.6908, 30.8028]}, "properties": {"year": 2023, "state": "Georgia", "age_band": "45-64", "sex": "Male", "lighting": "Daylight", "hour": "9:00am-9:59am", "month": "July", "crash_group": "Bicyclist Left Turn / Merge", "crash_type": "Bicyclist Left Turn - Same Direction"}}, {"type": "Feature", "geometry": {"type": "Point", "coordinates": [-84.0418, 33.8127]}, "properties": {"year": 2023, "state": "Georgia", "age_band": "45-64", "sex": "Female", "lighting": "Dark - Not Lighted", "hour": "5:00am-5:59am", "month": "August", "crash_group": "Parallel Paths - Other Circumstances", "crash_type": "Parallel Paths - Other / Unknown"}}, {"type": "Feature", "geometry": {"type": "Point", "coordinates": [-83.5724, 34.6172]}, "properties": {"year": 2023, "state": "Georgia", "age_band": "45-64", "sex": "Male", "lighting": "Dark - Not Lighted", "hour": "9:00pm-9:59pm", "month": "August", "crash_group": "Motorist Overtaking Bicyclist", "crash_type": "Motorist Overtaking - Other/ Unknown"}}, {"type": "Feature", "geometry": {"type": "Point", "coordinates": [-81.0985, 32.0743]}, "properties": {"year": 2023, "state": "Georgia", "age_band": "45-64", "sex": "Male", "lighting": "Dark - Lighted", "hour": "11:00pm-11:59pm", "month": "September", "crash_group": "Other / Unknown - Insufficient Details", "crash_type": "Unknown Approach Paths"}}, {"type": "Feature", "geometry": {"type": "Point", "coordinates": [-83.4431, 32.2887]}, "properties": {"year": 2023, "state": "Georgia", "age_band": "45-64", "sex": "Female", "lighting": "Dark - Not Lighted", "hour": "10:00pm-10:59pm", "month": "October", "crash_group": "Other / Unknown - Insufficient Details", "crash_type": "Unknown Approach Paths"}}, {"type": "Feature", "geometry": {"type": "Point", "coordinates": [-84.3224, 33.6948]}, "properties": {"year": 2023, "state": "Georgia", "age_band": "25-44", "sex": "Male", "lighting": "Dark - Lighted", "hour": "0:00am-0:59am", "month": "October", "crash_group": "Motorist Overtaking Bicyclist", "crash_type": "Motorist Overtaking - Bicyclist Swerved"}}, {"type": "Feature", "geometry": {"type": "Point", "coordinates": [-82.0274, 33.4194]}, "properties": {"year": 2023, "state": "Georgia", "age_band": "25-44", "sex": "Female", "lighting": "Dark - Lighted", "hour": "7:00pm-7:59pm", "month": "October", "crash_group": "Bicyclist Failed to Yield - Midblock", "crash_type": "Bicyclist Ride Out - Midblock - Unknown"}}, {"type": "Feature", "geometry": {"type": "Point", "coordinates": [-82.5071, 33.4608]}, "properties": {"year": 2023, "state": "Georgia", "age_band": "65+", "sex": "Male", "lighting": "Dark - Not Lighted", "hour": "6:00pm-6:59pm", "month": "October", "crash_group": "Loss of Control / Turning Error", "crash_type": "Bicyclist Lost Control - Other / Unknown"}}, {"type": "Feature", "geometry": {"type": "Point", "coordinates": [-83.6258, 32.3828]}, "properties": {"year": 2023, "state": "Georgia", "age_band": "65+", "sex": "Male", "lighting": "Daylight", "hour": "10:00am-10:59am", "month": "September", "crash_group": "Crossing Paths - Other Circumstances", "crash_type": "Crossing Paths - Intersection - Other / Unknown Control"}}, {"type": "Feature", "geometry": {"type": "Point", "coordinates": [-81.1544, 32.0897]}, "properties": {"year": 2023, "state": "Georgia", "age_band": "65+", "sex": "Female", "lighting": "Daylight", "hour": "6:00am-6:59am", "month": "November", "crash_group": "Motorist Overtaking Bicyclist", "crash_type": "Motorist Overtaking - Misjudged Space"}}, {"type": "Feature", "geometry": {"type": "Point", "coordinates": [-85.2147, 34.269]}, "properties": {"year": 2023, "state": "Georgia", "age_band": "13-17 (teen)", "sex": "Male", "lighting": "Dark - Lighted", "hour": "10:00pm-10:59pm", "month": "November", "crash_group": "Other / Unusual Circumstances", "crash_type": "Unusual Circumstances"}}, {"type": "Feature", "geometry": {"type": "Point", "coordinates": [-82.1146, 33.4401]}, "properties": {"year": 2023, "state": "Georgia", "age_band": "25-44", "sex": "Male", "lighting": "Dark - Not Lighted", "hour": "8:00pm-8:59pm", "month": "December", "crash_group": "Motorist Overtaking Bicyclist", "crash_type": "Motorist Overtaking - Undetected Bicyclist or Detected - Too Late to Avoid"}}, {"type": "Feature", "geometry": {"type": "Point", "coordinates": [-84.4281, 33.7054]}, "properties": {"year": 2023, "state": "Georgia", "age_band": "45-64", "sex": "Male", "lighting": "Daylight", "hour": "10:00am-10:59am", "month": "December", "crash_group": "Motorist Overtaking Bicyclist", "crash_type": "Motorist Overtaking - Undetected Bicyclist or Detected - Too Late to Avoid"}}, {"type": "Feature", "geometry": {"type": "Point", "coordinates": [-84.6625, 34.0319]}, "properties": {"year": 2023, "state": "Georgia", "age_band": "25-44", "sex": "Male", "lighting": "Dark - Not Lighted", "hour": "9:00pm-9:59pm", "month": "September", "crash_group": "Motorist Overtaking Bicyclist", "crash_type": "Motorist Overtaking - Undetected Bicyclist or Detected - Too Late to Avoid"}}, {"type": "Feature", "geometry": {"type": "Point", "coordinates": [-157.7582, 21.4067]}, "properties": {"year": 2023, "state": "Hawaii", "age_band": "45-64", "sex": "Male", "lighting": "Daylight", "hour": "5:00pm-5:59pm", "month": "January", "crash_group": "Bicyclist Overtaking Motor Vehicle", "crash_type": "Bicyclist Overtaking - Other / Unknown"}}, {"type": "Feature", "geometry": {"type": "Point", "coordinates": [-157.9355, 21.3428]}, "properties": {"year": 2023, "state": "Hawaii", "age_band": "65+", "sex": "Male", "lighting": "Dark - Not Lighted", "hour": "9:00pm-9:59pm", "month": "April", "crash_group": "Wrong-Way / Wrong-Side", "crash_type": "Wrong-Way / Wrong-Side - Bicyclist"}}, {"type": "Feature", "geometry": {"type": "Point", "coordinates": [-157.7152, 21.2829]}, "properties": {"year": 2023, "state": "Hawaii", "age_band": "25-44", "sex": "Male", "lighting": "Dark - Lighted", "hour": "8:00pm-8:59pm", "month": "May", "crash_group": "Bicyclist Failed to Yield - Signalized Intersection", "crash_type": "Bicyclist Ride Through - Signalized Intersection"}}, {"type": "Feature", "geometry": {"type": "Point", "coordinates": [-156.6424, 20.8358]}, "properties": {"year": 2023, "state": "Hawaii", "age_band": "45-64", "sex": "Male", "lighting": "Daylight", "hour": "8:00am-8:59am", "month": "June", "crash_group": "Bicyclist Failed to Yield - Midblock", "crash_type": "Bicyclist Ride Out - Other Midblock"}}, {"type": "Feature", "geometry": {"type": "Point", "coordinates": [-156.4212, 20.8546]}, "properties": {"year": 2023, "state": "Hawaii", "age_band": "45-64", "sex": "Male", "lighting": "Daylight", "hour": "11:00am-11:59am", "month": "July", "crash_group": "Parallel Paths - Other Circumstances", "crash_type": "Parallel Paths - Other / Unknown"}}, {"type": "Feature", "geometry": {"type": "Point", "coordinates": [-157.679, 21.3239]}, "properties": {"year": 2023, "state": "Hawaii", "age_band": "65+", "sex": "Male", "lighting": "Daylight", "hour": "1:00pm-1:59pm", "month": "August", "crash_group": "Motorist Overtaking Bicyclist", "crash_type": "Motorist Overtaking - Bicyclist Swerved"}}, {"type": "Feature", "geometry": {"type": "Point", "coordinates": [-155.1343, 19.7089]}, "properties": {"year": 2023, "state": "Hawaii", "age_band": "65+", "sex": "Female", "lighting": "Daylight", "hour": "9:00am-9:59am", "month": "October", "crash_group": "Motorist Overtaking Bicyclist", "crash_type": "Motorist Overtaking - Other/ Unknown"}}, {"type": "Feature", "geometry": {"type": "Point", "coordinates": [-158.2147, 21.4656]}, "properties": {"year": 2023, "state": "Hawaii", "age_band": "45-64", "sex": "Male", "lighting": "Daylight", "hour": "2:00pm-2:59pm", "month": "December", "crash_group": "Motorist Overtaking Bicyclist", "crash_type": "Motorist Overtaking - Bicyclist Swerved"}}, {"type": "Feature", "geometry": {"type": "Point", "coordinates": [-112.0609, 43.5455]}, "properties": {"year": 2023, "state": "Idaho", "age_band": "65+", "sex": "Male", "lighting": "Daylight", "hour": "11:00am-11:59am", "month": "June", "crash_group": "Bicyclist Left Turn / Merge", "crash_type": "Bicyclist Left Turn - Same Direction"}}, {"type": "Feature", "geometry": {"type": "Point", "coordinates": [-111.8641, 43.6412]}, "properties": {"year": 2023, "state": "Idaho", "age_band": "65+", "sex": "Female", "lighting": "Daylight", "hour": "8:00am-8:59am", "month": "July", "crash_group": "Other / Unknown - Insufficient Details", "crash_type": "Unknown Approach Paths"}}, {"type": "Feature", "geometry": {"type": "Point", "coordinates": [-116.3542, 43.6485]}, "properties": {"year": 2023, "state": "Idaho", "age_band": "65+", "sex": "Female", "lighting": "Daylight", "hour": "2:00pm-2:59pm", "month": "May", "crash_group": "Bicyclist Failed to Yield - Signalized Intersection", "crash_type": "Bicyclist Ride Through - Signalized Intersection"}}, {"type": "Feature", "geometry": {"type": "Point", "coordinates": [-116.5336, 43.3865]}, "properties": {"year": 2023, "state": "Idaho", "age_band": "25-44", "sex": "Female", "lighting": "Dark - Not Lighted", "hour": "10:00pm-10:59pm", "month": "July", "crash_group": "Motorist Overtaking Bicyclist", "crash_type": "Motorist Overtaking - Undetected Bicyclist or Detected - Too Late to Avoid"}}, {"type": "Feature", "geometry": {"type": "Point", "coordinates": [-116.793, 47.788]}, "properties": {"year": 2023, "state": "Idaho", "age_band": "65+", "sex": "Male", "lighting": "Daylight", "hour": "7:00am-7:59am", "month": "September", "crash_group": "Bicyclist Failed to Yield - Sign-Controlled Intersection", "crash_type": "Bicyclist Ride Out - Sign-Controlled Intersection"}}, {"type": "Feature", "geometry": {"type": "Point", "coordinates": [-116.7882, 47.7881]}, "properties": {"year": 2023, "state": "Idaho", "age_band": "65+", "sex": "Male", "lighting": "Daylight", "hour": "3:00pm-3:59pm", "month": "November", "crash_group": "Bicyclist Failed to Yield - Signalized Intersection", "crash_type": "Bicyclist Ride Through - Signalized Intersection"}}, {"type": "Feature", "geometry": {"type": "Point", "coordinates": [-116.5895, 43.6053]}, "properties": {"year": 2023, "state": "Idaho", "age_band": "65+", "sex": "Male", "lighting": "Dark - Not Lighted", "hour": "6:00am-6:59am", "month": "December", "crash_group": "Other / Unknown - Insufficient Details", "crash_type": "Unknown Approach Paths"}}, {"type": "Feature", "geometry": {"type": "Point", "coordinates": [-89.6936, 41.7863]}, "properties": {"year": 2023, "state": "Illinois", "age_band": "25-44", "sex": "Male", "lighting": "Dark - Lighted", "hour": "6:00pm-6:59pm", "month": "February", "crash_group": "Bicyclist Left Turn / Merge", "crash_type": "Bicyclist Left Turn - Same Direction"}}, {"type": "Feature", "geometry": {"type": "Point", "coordinates": [-87.8555, 41.946]}, "properties": {"year": 2023, "state": "Illinois", "age_band": "18-24", "sex": "Male", "lighting": "Daylight", "hour": "3:00pm-3:59pm", "month": "April", "crash_group": "Crossing Paths - Other Circumstances", "crash_type": "Crossing Paths - Uncontrolled Intersection"}}, {"type": "Feature", "geometry": {"type": "Point", "coordinates": [-87.6968, 41.8993]}, "properties": {"year": 2023, "state": "Illinois", "age_band": "25-44", "sex": "Male", "lighting": "Dark - Not Lighted", "hour": "2:00am-2:59am", "month": "May", "crash_group": "Bicyclist Failed to Yield - Signalized Intersection", "crash_type": "Bicyclist Ride Through - Signalized Intersection"}}, {"type": "Feature", "geometry": {"type": "Point", "coordinates": [-87.8859, 42.3374]}, "properties": {"year": 2023, "state": "Illinois", "age_band": "25-44", "sex": "Male", "lighting": "Dark - Not Lighted", "hour": "10:00pm-10:59pm", "month": "May", "crash_group": "Motorist Overtaking Bicyclist", "crash_type": "Motorist Overtaking - Undetected Bicyclist or Detected - Too Late to Avoid"}}, {"type": "Feature", "geometry": {"type": "Point", "coordinates": [-88.3207, 41.8295]}, "properties": {"year": 2023, "state": "Illinois", "age_band": "25-44", "sex": "Female", "lighting": "Daylight", "hour": "4:00pm-4:59pm", "month": "May", "crash_group": "Bicyclist Failed to Yield - Sign-Controlled Intersection", "crash_type": "Bicyclist Ride Out - Sign-Controlled Intersection"}}, {"type": "Feature", "geometry": {"type": "Point", "coordinates": [-89.7533, 39.7654]}, "properties": {"year": 2023, "state": "Illinois", "age_band": "65+", "sex": "Male", "lighting": "Daylight", "hour": "2:00pm-2:59pm", "month": "May", "crash_group": "Crossing Paths - Other Circumstances", "crash_type": "Sign-Controlled Intersection - Other / Unknown"}}, {"type": "Feature", "geometry": {"type": "Point", "coordinates": [-89.0729, 38.0819]}, "properties": {"year": 2023, "state": "Illinois", "age_band": "0-12 (child)", "sex": "Male", "lighting": "Daylight", "hour": "2:00pm-2:59pm", "month": "May", "crash_group": "Bicyclist Failed to Yield - Sign-Controlled Intersection", "crash_type": "Bicyclist Ride Through - Sign-Controlled Intersection"}}, {"type": "Feature", "geometry": {"type": "Point", "coordinates": [-88.1072, 42.0482]}, "properties": {"year": 2023, "state": "Illinois", "age_band": "45-64", "sex": "Male", "lighting": "Dark - Not Lighted", "hour": "10:00pm-10:59pm", "month": "June", "crash_group": "Bicyclist Failed to Yield - Midblock", "crash_type": "Bicyclist Ride Out - Midblock - Unknown"}}, {"type": "Feature", "geometry": {"type": "Point", "coordinates": [-87.8262, 42.1691]}, "properties": {"year": 2023, "state": "Illinois", "age_band": "45-64", "sex": "Female", "lighting": "Daylight", "hour": "12:00pm-12:59pm", "month": "June", "crash_group": "Other / Unknown - Insufficient Details", "crash_type": "Unknown Approach Paths"}}, {"type": "Feature", "geometry": {"type": "Point", "coordinates": [-87.7269, 41.9282]}, "properties": {"year": 2023, "state": "Illinois", "age_band": "25-44", "sex": "Male", "lighting": "Dark - Lighted", "hour": "11:00pm-11:59pm", "month": "June", "crash_group": "Bicyclist Failed to Yield - Signalized Intersection", "crash_type": "Bicyclist Ride Through - Signalized Intersection"}}, {"type": "Feature", "geometry": {"type": "Point", "coordinates": [-88.903, 40.5799]}, "properties": {"year": 2023, "state": "Illinois", "age_band": "65+", "sex": "Male", "lighting": "Daylight", "hour": "12:00pm-12:59pm", "month": "June", "crash_group": "Motorist Overtaking Bicyclist", "crash_type": "Motorist Overtaking - Other/ Unknown"}}, {"type": "Feature", "geometry": {"type": "Point", "coordinates": [-87.8959, 42.0094]}, "properties": {"year": 2023, "state": "Illinois", "age_band": "45-64", "sex": "Male", "lighting": "Daylight", "hour": "5:00pm-5:59pm", "month": "June", "crash_group": "Loss of Control / Turning Error", "crash_type": "Bicyclist Lost Control - Other / Unknown"}}, {"type": "Feature", "geometry": {"type": "Point", "coordinates": [-87.7841, 41.7887]}, "properties": {"year": 2023, "state": "Illinois", "age_band": "65+", "sex": "Male", "lighting": "Dusk", "hour": "9:00pm-9:59pm", "month": "June", "crash_group": "Motorist Left Turn / Merge", "crash_type": "Motorist Left Turn- Opposite Direction"}}, {"type": "Feature", "geometry": {"type": "Point", "coordinates": [-87.6652, 42.0161]}, "properties": {"year": 2023, "state": "Illinois", "age_band": "45-64", "sex": "Male", "lighting": "Dark - Lighted", "hour": "10:00pm-10:59pm", "month": "July", "crash_group": "Bicyclist Left Turn / Merge", "crash_type": "Bicyclist Left Turn - Same Direction"}}, {"type": "Feature", "geometry": {"type": "Point", "coordinates": [-88.2045, 41.8568]}, "properties": {"year": 2023, "state": "Illinois", "age_band": "25-44", "sex": "Male", "lighting": "Dark - Lighted", "hour": "10:00pm-10:59pm", "month": "July", "crash_group": "Motorist Overtaking Bicyclist", "crash_type": "Motorist Overtaking - Other/ Unknown"}}, {"type": "Feature", "geometry": {"type": "Point", "coordinates": [-90.3834, 40.9511]}, "properties": {"year": 2023, "state": "Illinois", "age_band": "45-64", "sex": "Male", "lighting": "Daylight", "hour": "1:00pm-1:59pm", "month": "July", "crash_group": "Bicyclist Failed to Yield - Sign-Controlled Intersection", "crash_type": "Bicyclist Ride Through - Sign-Controlled Intersection"}}, {"type": "Feature", "geometry": {"type": "Point", "coordinates": [-89.641, 39.7793]}, "properties": {"year": 2023, "state": "Illinois", "age_band": "18-24", "sex": "Male", "lighting": "Daylight", "hour": "8:00pm-8:59pm", "month": "July", "crash_group": "Bicyclist Failed to Yield - Signalized Intersection", "crash_type": "Bicyclist Ride Through - Signalized Intersection"}}, {"type": "Feature", "geometry": {"type": "Point", "coordinates": [-88.0898, 41.7652]}, "properties": {"year": 2023, "state": "Illinois", "age_band": "45-64", "sex": "Male", "lighting": "Daylight", "hour": "5:00pm-5:59pm", "month": "August", "crash_group": "Wrong-Way / Wrong-Side", "crash_type": "Wrong-Way / Wrong-Side - Motorist"}}, {"type": "Feature", "geometry": {"type": "Point", "coordinates": [-89.489, 38.2579]}, "properties": {"year": 2023, "state": "Illinois", "age_band": "65+", "sex": "Male", "lighting": "Daylight", "hour": "6:00pm-6:59pm", "month": "August", "crash_group": "Motorist Overtaking Bicyclist", "crash_type": "Motorist Overtaking - Other/ Unknown"}}, {"type": "Feature", "geometry": {"type": "Point", "coordinates": [-87.7617, 42.0526]}, "properties": {"year": 2023, "state": "Illinois", "age_band": "25-44", "sex": "Male", "lighting": "Dark - Lighted", "hour": "8:00pm-8:59pm", "month": "August", "crash_group": "Parallel Paths - Other Circumstances", "crash_type": "Parallel Paths - Other / Unknown"}}, {"type": "Feature", "geometry": {"type": "Point", "coordinates": [-88.9356, 39.8335]}, "properties": {"year": 2023, "state": "Illinois", "age_band": "65+", "sex": "Male", "lighting": "Daylight", "hour": "6:00am-6:59am", "month": "August", "crash_group": "Bicyclist Failed to Yield - Sign-Controlled Intersection", "crash_type": "Bicyclist Ride Through - Sign-Controlled Intersection"}}, {"type": "Feature", "geometry": {"type": "Point", "coordinates": [-89.6232, 40.6823]}, "properties": {"year": 2023, "state": "Illinois", "age_band": "25-44", "sex": "Male", "lighting": "Dark - Lighted", "hour": "3:00am-3:59am", "month": "August", "crash_group": "Motorist Failed to Yield - Signalized Intersection", "crash_type": "Motorist Drive Through - Signalized Intersection"}}, {"type": "Feature", "geometry": {"type": "Point", "coordinates": [-87.8385, 41.8709]}, "properties": {"year": 2023, "state": "Illinois", "age_band": "65+", "sex": "Male", "lighting": "Daylight", "hour": "7:00am-7:59am", "month": "August", "crash_group": "Bicyclist Failed to Yield - Signalized Intersection", "crash_type": "Bicyclist Ride Through - Signalized Intersection"}}, {"type": "Feature", "geometry": {"type": "Point", "coordinates": [-88.0939, 41.9024]}, "properties": {"year": 2023, "state": "Illinois", "age_band": "45-64", "sex": "Male", "lighting": "Daylight", "hour": "2:00pm-2:59pm", "month": "September", "crash_group": "Bicyclist Failed to Yield - Signalized Intersection", "crash_type": "Bicyclist Ride Through - Signalized Intersection"}}, {"type": "Feature", "geometry": {"type": "Point", "coordinates": [-87.8688, 41.1144]}, "properties": {"year": 2023, "state": "Illinois", "age_band": "45-64", "sex": "Male", "lighting": "Dark - Lighted", "hour": "11:00pm-11:59pm", "month": "September", "crash_group": "Other / Unknown - Insufficient Details", "crash_type": "Unknown Approach Paths"}}, {"type": "Feature", "geometry": {"type": "Point", "coordinates": [-89.0112, 42.2649]}, "properties": {"year": 2023, "state": "Illinois", "age_band": "45-64", "sex": "Male", "lighting": "Daylight", "hour": "8:00am-8:59am", "month": "September", "crash_group": "Crossing Paths - Other Circumstances", "crash_type": "Crossing Paths - Midblock - Other / Unknown"}}, {"type": "Feature", "geometry": {"type": "Point", "coordinates": [-88.2906, 42.0365]}, "properties": {"year": 2023, "state": "Illinois", "age_band": "65+", "sex": "Male", "lighting": "Dark - Not Lighted", "hour": "0:00am-0:59am", "month": "September", "crash_group": "Wrong-Way / Wrong-Side", "crash_type": "Wrong-Way / Wrong-Side - Motorist"}}, {"type": "Feature", "geometry": {"type": "Point", "coordinates": [-89.6231, 40.6759]}, "properties": {"year": 2023, "state": "Illinois", "age_band": "25-44", "sex": "Male", "lighting": "Dusk", "hour": "6:00pm-6:59pm", "month": "October", "crash_group": "Bicyclist Failed to Yield - Sign-Controlled Intersection", "crash_type": "Bicyclist Ride Through - Sign-Controlled Intersection"}}, {"type": "Feature", "geometry": {"type": "Point", "coordinates": [-89.0545, 41.9342]}, "properties": {"year": 2023, "state": "Illinois", "age_band": "18-24", "sex": "Male", "lighting": "Daylight", "hour": "11:00am-11:59am", "month": "October", "crash_group": "Bicyclist Left Turn / Merge", "crash_type": "Bicyclist Left Turn - Same Direction"}}, {"type": "Feature", "geometry": {"type": "Point", "coordinates": [-87.7619, 41.9478]}, "properties": {"year": 2023, "state": "Illinois", "age_band": "13-17 (teen)", "sex": "Male", "lighting": "Dark - Lighted", "hour": "7:00pm-7:59pm", "month": "October", "crash_group": "Motorist Failed to Yield - Sign-Controlled Intersection", "crash_type": "Motorist Drive Out - Sign-Controlled Intersection"}}, {"type": "Feature", "geometry": {"type": "Point", "coordinates": [-88.6085, 39.8936]}, "properties": {"year": 2023, "state": "Illinois", "age_band": "25-44", "sex": "Male", "lighting": "Dark - Not Lighted", "hour": "7:00pm-7:59pm", "month": "October", "crash_group": "Motorist Overtaking Bicyclist", "crash_type": "Motorist Overtaking - Other/ Unknown"}}, {"type": "Feature", "geometry": {"type": "Point", "coordinates": [-87.7901, 38.4006]}, "properties": {"year": 2023, "state": "Illinois", "age_band": "18-24", "sex": "Male", "lighting": "Dusk", "hour": "6:00pm-6:59pm", "month": "October", "crash_group": "Motorist Overtaking Bicyclist", "crash_type": "Motorist Overtaking - Undetected Bicyclist or Detected - Too Late to Avoid"}}, {"type": "Feature", "geometry": {"type": "Point", "coordinates": [-87.7903, 41.7903]}, "properties": {"year": 2023, "state": "Illinois", "age_band": "65+", "sex": "Male", "lighting": "Dark - Lighted", "hour": "7:00pm-7:59pm", "month": "October", "crash_group": "Crossing Paths - Other Circumstances", "crash_type": "Crossing Paths - Intersection - Other / Unknown Control"}}, {"type": "Feature", "geometry": {"type": "Point", "coordinates": [-89.6432, 39.817]}, "properties": {"year": 2023, "state": "Illinois", "age_band": "45-64", "sex": "Male", "lighting": "Daylight", "hour": "1:00pm-1:59pm", "month": "October", "crash_group": "Bicyclist Failed to Yield - Midblock", "crash_type": "Bicyclist Ride-Out - Commercial Driveway"}}, {"type": "Feature", "geometry": {"type": "Point", "coordinates": [-89.9777, 38.5336]}, "properties": {"year": 2023, "state": "Illinois", "age_band": "65+", "sex": "Male", "lighting": "Daylight", "hour": "2:00pm-2:59pm", "month": "October", "crash_group": "Bicyclist Failed to Yield - Midblock", "crash_type": "Bicyclist Ride Out - Midblock - Unknown"}}, {"type": "Feature", "geometry": {"type": "Point", "coordinates": [-88.3296, 41.9126]}, "properties": {"year": 2023, "state": "Illinois", "age_band": "45-64", "sex": "Male", "lighting": "Dark - Lighted", "hour": "9:00pm-9:59pm", "month": "October", "crash_group": "Bicyclist Left Turn / Merge", "crash_type": "Bicyclist Left Turn - Opposite Direction"}}, {"type": "Feature", "geometry": {"type": "Point", "coordinates": [-87.8841, 41.9146]}, "properties": {"year": 2023, "state": "Illinois", "age_band": "45-64", "sex": "Male", "lighting": "Dark - Lighted", "hour": "5:00am-5:59am", "month": "October", "crash_group": "Crossing Paths - Other Circumstances", "crash_type": "Signalized Intersection - Other / Unknown"}}, {"type": "Feature", "geometry": {"type": "Point", "coordinates": [-87.6793, 41.9752]}, "properties": {"year": 2023, "state": "Illinois", "age_band": "45-64", "sex": "Male", "lighting": "Dark - Lighted", "hour": "7:00pm-7:59pm", "month": "October", "crash_group": "Motorist Overtaking Bicyclist", "crash_type": "Motorist Overtaking - Other/ Unknown"}}, {"type": "Feature", "geometry": {"type": "Point", "coordinates": [-88.2551, 40.0318]}, "properties": {"year": 2023, "state": "Illinois", "age_band": "25-44", "sex": "Male", "lighting": "Dark - Not Lighted", "hour": "4:00am-4:59am", "month": "November", "crash_group": "Motorist Overtaking Bicyclist", "crash_type": "Motorist Overtaking - Undetected Bicyclist or Detected - Too Late to Avoid"}}, {"type": "Feature", "geometry": {"type": "Point", "coordinates": [-90.8782, 39.448]}, "properties": {"year": 2023, "state": "Illinois", "age_band": "0-12 (child)", "sex": "Male", "lighting": "Daylight", "hour": "3:00pm-3:59pm", "month": "November", "crash_group": "Loss of Control / Turning Error", "crash_type": "Bicyclist Turning Error - Left turn"}}, {"type": "Feature", "geometry": {"type": "Point", "coordinates": [-88.2605, 41.7335]}, "properties": {"year": 2023, "state": "Illinois", "age_band": "13-17 (teen)", "sex": "Male", "lighting": "Daylight", "hour": "4:00pm-4:59pm", "month": "November", "crash_group": "Crossing Paths - Other Circumstances", "crash_type": "Crossing Paths - Intersection - Other / Unknown Control"}}, {"type": "Feature", "geometry": {"type": "Point", "coordinates": [-87.6303, 41.5207]}, "properties": {"year": 2023, "state": "Illinois", "age_band": "25-44", "sex": "Male", "lighting": "Dark - Not Lighted", "hour": "9:00pm-9:59pm", "month": "December", "crash_group": "Motorist Overtaking Bicyclist", "crash_type": "Motorist Overtaking - Undetected Bicyclist or Detected - Too Late to Avoid"}}, {"type": "Feature", "geometry": {"type": "Point", "coordinates": [-87.5709, 37.9885]}, "properties": {"year": 2023, "state": "Indiana", "age_band": "45-64", "sex": "Male", "lighting": "Daylight", "hour": "8:00am-8:59am", "month": "January", "crash_group": "Motorist Left Turn / Merge", "crash_type": "Motorist Left Turn- Opposite Direction"}}, {"type": "Feature", "geometry": {"type": "Point", "coordinates": [-87.3403, 37.969]}, "properties": {"year": 2023, "state": "Indiana", "age_band": "65+", "sex": "Male", "lighting": "Daylight", "hour": "9:00am-9:59am", "month": "January", "crash_group": "Bicyclist Failed to Yield - Sign-Controlled Intersection", "crash_type": "Bicyclist Ride Out - Sign-Controlled Intersection"}}, {"type": "Feature", "geometry": {"type": "Point", "coordinates": [-85.9381, 41.5374]}, "properties": {"year": 2023, "state": "Indiana", "age_band": "25-44", "sex": "Male", "lighting": "Dark - Not Lighted", "hour": "5:00am-5:59am", "month": "April", "crash_group": "Motorist Overtaking Bicyclist", "crash_type": "Motorist Overtaking - Misjudged Space"}}, {"type": "Feature", "geometry": {"type": "Point", "coordinates": [-87.5206, 37.9519]}, "properties": {"year": 2023, "state": "Indiana", "age_band": "45-64", "sex": "Male", "lighting": "Dark - Not Lighted", "hour": "8:00pm-8:59pm", "month": "April", "crash_group": "Parallel Paths - Other Circumstances", "crash_type": "Parallel Paths - Other / Unknown"}}, {"type": "Feature", "geometry": {"type": "Point", "coordinates": [-87.474, 41.5051]}, "properties": {"year": 2023, "state": "Indiana", "age_band": "45-64", "sex": "Male", "lighting": "Dark - Not Lighted", "hour": "8:00pm-8:59pm", "month": "May", "crash_group": "Parallel Paths - Other Circumstances", "crash_type": "Parallel Paths - Other / Unknown"}}, {"type": "Feature", "geometry": {"type": "Point", "coordinates": [-86.2496, 39.8244]}, "properties": {"year": 2023, "state": "Indiana", "age_band": "45-64", "sex": "Male", "lighting": "Daylight", "hour": "1:00pm-1:59pm", "month": "April", "crash_group": "Motorist Overtaking Bicyclist", "crash_type": "Motorist Overtaking - Misjudged Space"}}, {"type": "Feature", "geometry": {"type": "Point", "coordinates": [-85.5556, 40.2189]}, "properties": {"year": 2023, "state": "Indiana", "age_band": "45-64", "sex": "Male", "lighting": "Dark - Not Lighted", "hour": "5:00am-5:59am", "month": "June", "crash_group": "Bicyclist Left Turn / Merge", "crash_type": "Bicyclist Left Turn - Same Direction"}}, {"type": "Feature", "geometry": {"type": "Point", "coordinates": [-87.5427, 37.9938]}, "properties": {"year": 2023, "state": "Indiana", "age_band": "25-44", "sex": "Male", "lighting": "Daylight", "hour": "9:00am-9:59am", "month": "July", "crash_group": "Bicyclist Left Turn / Merge", "crash_type": "Bicyclist Left Turn - Opposite Direction"}}, {"type": "Feature", "geometry": {"type": "Point", "coordinates": [-86.1165, 39.7684]}, "properties": {"year": 2023, "state": "Indiana", "age_band": "65+", "sex": "Male", "lighting": "Dark - Lighted", "hour": "1:00am-1:59am", "month": "June", "crash_group": "Motorist Left Turn / Merge", "crash_type": "Motorist Left Turn- Opposite Direction"}}, {"type": "Feature", "geometry": {"type": "Point", "coordinates": [-87.5428, 37.9922]}, "properties": {"year": 2023, "state": "Indiana", "age_band": "65+", "sex": "Male", "lighting": "Daylight", "hour": "5:00pm-5:59pm", "month": "June", "crash_group": "Loss of Control / Turning Error", "crash_type": "Motorist Turning Error - Right turn"}}, {"type": "Feature", "geometry": {"type": "Point", "coordinates": [-85.6778, 40.0789]}, "properties": {"year": 2023, "state": "Indiana", "age_band": "65+", "sex": "Male", "lighting": "Daylight", "hour": "5:00pm-5:59pm", "month": "July", "crash_group": "Parallel Paths - Other Circumstances", "crash_type": "Parallel Paths - Other / Unknown"}}, {"type": "Feature", "geometry": {"type": "Point", "coordinates": [-86.0823, 39.8184]}, "properties": {"year": 2023, "state": "Indiana", "age_band": "45-64", "sex": "Male", "lighting": "Dark - Lighted", "hour": "11:00pm-11:59pm", "month": "July", "crash_group": "Parallel Paths - Other Circumstances", "crash_type": "Parallel Paths - Other / Unknown"}}, {"type": "Feature", "geometry": {"type": "Point", "coordinates": [-86.345, 41.7305]}, "properties": {"year": 2023, "state": "Indiana", "age_band": "18-24", "sex": "Male", "lighting": "Dark - Not Lighted", "hour": "4:00am-4:59am", "month": "July", "crash_group": "Other / Unknown - Insufficient Details", "crash_type": "Unknown Approach Paths"}}, {"type": "Feature", "geometry": {"type": "Point", "coordinates": [-85.884, 41.3206]}, "properties": {"year": 2023, "state": "Indiana", "age_band": "18-24", "sex": "Male", "lighting": "Daylight", "hour": "7:00pm-7:59pm", "month": "August", "crash_group": "Motorist Failed to Yield - Sign-Controlled Intersection", "crash_type": "Motorist Drive Out - Sign-Controlled Intersection"}}, {"type": "Feature", "geometry": {"type": "Point", "coordinates": [-87.365, 41.4578]}, "properties": {"year": 2023, "state": "Indiana", "age_band": "25-44", "sex": "Male", "lighting": "Dark - Not Lighted", "hour": "9:00pm-9:59pm", "month": "August", "crash_group": "Parallel Paths - Other Circumstances", "crash_type": "Parallel Paths - Other / Unknown"}}, {"type": "Feature", "geometry": {"type": "Point", "coordinates": [-86.1283, 39.8108]}, "properties": {"year": 2023, "state": "Indiana", "age_band": "45-64", "sex": "Male", "lighting": "Dusk", "hour": "7:00pm-7:59pm", "month": "August", "crash_group": "Wrong-Way / Wrong-Side", "crash_type": "Wrong-Way / Wrong-Side - Motorist"}}, {"type": "Feature", "geometry": {"type": "Point", "coordinates": [-87.5711, 37.9607]}, "properties": {"year": 2023, "state": "Indiana", "age_band": "65+", "sex": "Male", "lighting": "Dark - Lighted", "hour": "5:00am-5:59am", "month": "August", "crash_group": "Bicyclist Failed to Yield - Signalized Intersection", "crash_type": "Bicyclist Ride Out - Signalized Intersection"}}, {"type": "Feature", "geometry": {"type": "Point", "coordinates": [-85.692, 40.0973]}, "properties": {"year": 2023, "state": "Indiana", "age_band": "25-44", "sex": "Female", "lighting": "Daylight", "hour": "12:00pm-12:59pm", "month": "August", "crash_group": "Bicyclist Failed to Yield - Sign-Controlled Intersection", "crash_type": "Bicyclist Ride Through - Sign-Controlled Intersection"}}, {"type": "Feature", "geometry": {"type": "Point", "coordinates": [-86.1095, 39.7814]}, "properties": {"year": 2023, "state": "Indiana", "age_band": "25-44", "sex": "Male", "lighting": "Daylight", "hour": "2:00pm-2:59pm", "month": "July", "crash_group": "Parallel Paths - Other Circumstances", "crash_type": "Parallel Paths - Other / Unknown"}}, {"type": "Feature", "geometry": {"type": "Point", "coordinates": [-87.4749, 41.5957]}, "properties": {"year": 2023, "state": "Indiana", "age_band": "65+", "sex": "Male", "lighting": "Dark - Not Lighted", "hour": "10:00pm-10:59pm", "month": "September", "crash_group": "Wrong-Way / Wrong-Side", "crash_type": "Wrong-Way / Wrong-Side - Bicyclist"}}, {"type": "Feature", "geometry": {"type": "Point", "coordinates": [-84.9296, 39.8695]}, "properties": {"year": 2023, "state": "Indiana", "age_band": "45-64", "sex": "Male", "lighting": "Dark - Lighted", "hour": "3:00am-3:59am", "month": "August", "crash_group": "Parallel Paths - Other Circumstances", "crash_type": "Parallel Paths - Other / Unknown"}}, {"type": "Feature", "geometry": {"type": "Point", "coordinates": [-85.573, 40.7542]}, "properties": {"year": 2023, "state": "Indiana", "age_band": "25-44", "sex": "Male", "lighting": "Dark - Not Lighted", "hour": "2:00am-2:59am", "month": "September", "crash_group": "Parallel Paths - Other Circumstances", "crash_type": "Parallel Paths - Other / Unknown"}}, {"type": "Feature", "geometry": {"type": "Point", "coordinates": [-87.4363, 38.0458]}, "properties": {"year": 2023, "state": "Indiana", "age_band": "65+", "sex": "Male", "lighting": "Daylight", "hour": "7:00am-7:59am", "month": "October", "crash_group": "Bicyclist Left Turn / Merge", "crash_type": "Bicyclist Left Turn - Opposite Direction"}}, {"type": "Feature", "geometry": {"type": "Point", "coordinates": [-87.3364, 41.5451]}, "properties": {"year": 2023, "state": "Indiana", "age_band": "45-64", "sex": "Female", "lighting": "Dark - Lighted", "hour": "3:00am-3:59am", "month": "October", "crash_group": "Other / Unknown - Insufficient Details", "crash_type": "Unknown Approach Paths"}}, {"type": "Feature", "geometry": {"type": "Point", "coordinates": [-85.6529, 40.113]}, "properties": {"year": 2023, "state": "Indiana", "age_band": "25-44", "sex": "Female", "lighting": "Dark - Lighted", "hour": "10:00pm-10:59pm", "month": "September", "crash_group": "Bicyclist Failed to Yield - Midblock", "crash_type": "Bicyclist Ride Out - Midblock - Unknown"}}, {"type": "Feature", "geometry": {"type": "Point", "coordinates": [-84.9174, 39.947]}, "properties": {"year": 2023, "state": "Indiana", "age_band": "45-64", "sex": "Male", "lighting": "Daylight", "hour": "2:00pm-2:59pm", "month": "November", "crash_group": "Bicyclist Left Turn / Merge", "crash_type": "Bicyclist Left Turn - Same Direction"}}, {"type": "Feature", "geometry": {"type": "Point", "coordinates": [-87.2349, 41.5949]}, "properties": {"year": 2023, "state": "Indiana", "age_band": "13-17 (teen)", "sex": "Male", "lighting": "Dark - Not Lighted", "hour": "11:00pm-11:59pm", "month": "November", "crash_group": "Parallel Paths - Other Circumstances", "crash_type": "Parallel Paths - Other / Unknown"}}, {"type": "Feature", "geometry": {"type": "Point", "coordinates": [-87.3951, 41.5734]}, "properties": {"year": 2023, "state": "Indiana", "age_band": "0-12 (child)", "sex": "Male", "lighting": "Dark - Not Lighted", "hour": "10:00pm-10:59pm", "month": "November", "crash_group": "Other / Unknown - Insufficient Details", "crash_type": "Unknown Approach Paths"}}, {"type": "Feature", "geometry": {"type": "Point", "coordinates": [-86.1869, 39.7269]}, "properties": {"year": 2023, "state": "Indiana", "age_band": "45-64", "sex": "Male", "lighting": "Dark - Not Lighted", "hour": "6:00am-6:59am", "month": "December", "crash_group": "Parallel Paths - Other Circumstances", "crash_type": "Parallel Paths - Other / Unknown"}}, {"type": "Feature", "geometry": {"type": "Point", "coordinates": [-86.4751, 39.4216]}, "properties": {"year": 2023, "state": "Indiana", "age_band": "18-24", "sex": "Male", "lighting": "Dark - Not Lighted", "hour": "10:00pm-10:59pm", "month": "December", "crash_group": "Parallel Paths - Other Circumstances", "crash_type": "Parallel Paths - Other / Unknown"}}, {"type": "Feature", "geometry": {"type": "Point", "coordinates": [-86.8908, 41.7114]}, "properties": {"year": 2023, "state": "Indiana", "age_band": "45-64", "sex": "Male", "lighting": "Daylight", "hour": "5:00pm-5:59pm", "month": "October", "crash_group": "Bicyclist Failed to Yield - Sign-Controlled Intersection", "crash_type": "Bicyclist Ride Through - Sign-Controlled Intersection"}}, {"type": "Feature", "geometry": {"type": "Point", "coordinates": [-93.4838, 41.6961]}, "properties": {"year": 2023, "state": "Iowa", "age_band": "45-64", "sex": "Male", "lighting": "Daylight", "hour": "1:00pm-1:59pm", "month": "May", "crash_group": "Bicyclist Failed to Yield - Midblock", "crash_type": "Bicyclist Ride Out - Other Midblock"}}, {"type": "Feature", "geometry": {"type": "Point", "coordinates": [-93.6053, 41.5662]}, "properties": {"year": 2023, "state": "Iowa", "age_band": "25-44", "sex": "Male", "lighting": "Daylight", "hour": "4:00pm-4:59pm", "month": "July", "crash_group": "Bicyclist Failed to Yield - Sign-Controlled Intersection", "crash_type": "Bicyclist Ride Through - Sign-Controlled Intersection"}}, {"type": "Feature", "geometry": {"type": "Point", "coordinates": [-92.2009, 42.2836]}, "properties": {"year": 2023, "state": "Iowa", "age_band": "65+", "sex": "Male", "lighting": "Daylight", "hour": "1:00pm-1:59pm", "month": "August", "crash_group": "Motorist Overtaking Bicyclist", "crash_type": "Motorist Overtaking - Other/ Unknown"}}, {"type": "Feature", "geometry": {"type": "Point", "coordinates": [-93.0561, 41.6947]}, "properties": {"year": 2023, "state": "Iowa", "age_band": "65+", "sex": "Male", "lighting": "Daylight", "hour": "4:00pm-4:59pm", "month": "October", "crash_group": "Bicyclist Failed to Yield - Sign-Controlled Intersection", "crash_type": "Bicyclist Ride Through - Sign-Controlled Intersection"}}, {"type": "Feature", "geometry": {"type": "Point", "coordinates": [-92.3406, 42.4927]}, "properties": {"year": 2023, "state": "Iowa", "age_band": "65+", "sex": "Male", "lighting": "Daylight", "hour": "1:00pm-1:59pm", "month": "November", "crash_group": "Crossing Paths - Other Circumstances", "crash_type": "Crossing Paths - Intersection - Other / Unknown Control"}}, {"type": "Feature", "geometry": {"type": "Point", "coordinates": [-94.6862, 38.9479]}, "properties": {"year": 2023, "state": "Kansas", "age_band": "25-44", "sex": "Male", "lighting": "Dark - Lighted", "hour": "10:00pm-10:59pm", "month": "July", "crash_group": "Motorist Overtaking Bicyclist", "crash_type": "Motorist Overtaking - Undetected Bicyclist or Detected - Too Late to Avoid"}}, {"type": "Feature", "geometry": {"type": "Point", "coordinates": [-97.4161, 37.6764]}, "properties": {"year": 2023, "state": "Kansas", "age_band": "45-64", "sex": "Male", "lighting": "Daylight", "hour": "6:00pm-6:59pm", "month": "June", "crash_group": "Bicyclist Failed to Yield - Midblock", "crash_type": "Bicyclist Ride Out - Other Midblock"}}, {"type": "Feature", "geometry": {"type": "Point", "coordinates": [-100.8386, 37.9748]}, "properties": {"year": 2023, "state": "Kansas", "age_band": "25-44", "sex": "Female", "lighting": "Dark - Lighted", "hour": "9:00pm-9:59pm", "month": "September", "crash_group": "Bicyclist Failed to Yield - Signalized Intersection", "crash_type": "Bicyclist Ride Out - Signalized Intersection"}}, {"type": "Feature", "geometry": {"type": "Point", "coordinates": [-97.6118, 38.4053]}, "properties": {"year": 2023, "state": "Kansas", "age_band": "45-64", "sex": "Male", "lighting": "Dark - Not Lighted", "hour": "7:00pm-7:59pm", "month": "September", "crash_group": "Motorist Overtaking Bicyclist", "crash_type": "Motorist Overtaking - Misjudged Space"}}, {"type": "Feature", "geometry": {"type": "Point", "coordinates": [-94.8345, 38.8399]}, "properties": {"year": 2023, "state": "Kansas", "age_band": "25-44", "sex": "Male", "lighting": "Dark - Lighted", "hour": "5:00am-5:59am", "month": "October", "crash_group": "Motorist Right Turn / Merge", "crash_type": "Motorist Right Turn - Same Direction"}}, {"type": "Feature", "geometry": {"type": "Point", "coordinates": [-97.2804, 37.6388]}, "properties": {"year": 2023, "state": "Kansas", "age_band": "45-64", "sex": "Female", "lighting": "Dark - Lighted", "hour": "8:00pm-8:59pm", "month": "September", "crash_group": "Motorist Overtaking Bicyclist", "crash_type": "Motorist Overtaking - Undetected Bicyclist or Detected - Too Late to Avoid"}}, {"type": "Feature", "geometry": {"type": "Point", "coordinates": [-84.5959, 37.8669]}, "properties": {"year": 2023, "state": "Kentucky", "age_band": "45-64", "sex": "Male", "lighting": "Dark - Not Lighted", "hour": "5:00am-5:59am", "month": "January", "crash_group": "Motorist Overtaking Bicyclist", "crash_type": "Motorist Overtaking - Other/ Unknown"}}, {"type": "Feature", "geometry": {"type": "Point", "coordinates": [-85.7157, 38.1141]}, "properties": {"year": 2023, "state": "Kentucky", "age_band": "45-64", "sex": "Male", "lighting": "Daylight", "hour": "4:00pm-4:59pm", "month": "February", "crash_group": "Motorist Overtaking Bicyclist", "crash_type": "Motorist Overtaking - Other/ Unknown"}}, {"type": "Feature", "geometry": {"type": "Point", "coordinates": [-88.1724, 37.0814]}, "properties": {"year": 2023, "state": "Kentucky", "age_band": "25-44", "sex": "Male", "lighting": "Daylight", "hour": "7:00pm-7:59pm", "month": "May", "crash_group": "Motorist Overtaking Bicyclist", "crash_type": "Motorist Overtaking - Undetected Bicyclist or Detected - Too Late to Avoid"}}, {"type": "Feature", "geometry": {"type": "Point", "coordinates": [-87.0881, 37.7595]}, "properties": {"year": 2023, "state": "Kentucky", "age_band": "25-44", "sex": "Male", "lighting": "Daylight", "hour": "2:00pm-2:59pm", "month": "May", "crash_group": "Bicyclist Failed to Yield - Sign-Controlled Intersection", "crash_type": "Bicyclist Ride Out - Sign-Controlled Intersection"}}, {"type": "Feature", "geometry": {"type": "Point", "coordinates": [-84.5668, 37.895]}, "properties": {"year": 2023, "state": "Kentucky", "age_band": "45-64", "sex": "Male", "lighting": "Dark - Not Lighted", "hour": "9:00pm-9:59pm", "month": "July", "crash_group": "Other / Unknown - Insufficient Details", "crash_type": "Unknown Approach Paths"}}, {"type": "Feature", "geometry": {"type": "Point", "coordinates": [-87.1325, 37.7714]}, "properties": {"year": 2023, "state": "Kentucky", "age_band": "45-64", "sex": "Male", "lighting": "Dark - Not Lighted", "hour": "9:00pm-9:59pm", "month": "July", "crash_group": "Bicyclist Failed to Yield - Sign-Controlled Intersection", "crash_type": "Bicyclist Ride Out - Sign-Controlled Intersection"}}, {"type": "Feature", "geometry": {"type": "Point", "coordinates": [-84.6055, 39.0381]}, "properties": {"year": 2023, "state": "Kentucky", "age_band": "25-44", "sex": "Male", "lighting": "Dark - Not Lighted", "hour": "6:00am-6:59am", "month": "August", "crash_group": "Parallel Paths - Other Circumstances", "crash_type": "Parallel Paths - Other / Unknown"}}, {"type": "Feature", "geometry": {"type": "Point", "coordinates": [-85.5946, 38.2654]}, "properties": {"year": 2023, "state": "Kentucky", "age_band": "25-44", "sex": "Male", "lighting": "Daylight", "hour": "7:00am-7:59am", "month": "August", "crash_group": "Wrong-Way / Wrong-Side", "crash_type": "Wrong-Way / Wrong-Side - Bicyclist"}}, {"type": "Feature", "geometry": {"type": "Point", "coordinates": [-85.5955, 38.3012]}, "properties": {"year": 2023, "state": "Kentucky", "age_band": "45-64", "sex": "Male", "lighting": "Daylight", "hour": "4:00pm-4:59pm", "month": "September", "crash_group": "Bicyclist Failed to Yield - Midblock", "crash_type": "Bicyclist Ride Out - Residential Driveway"}}, {"type": "Feature", "geometry": {"type": "Point", "coordinates": [-84.7261, 38.0525]}, "properties": {"year": 2023, "state": "Kentucky", "age_band": "13-17 (teen)", "sex": "Male", "lighting": "Dark - Not Lighted", "hour": "8:00pm-8:59pm", "month": "September", "crash_group": "Bicyclist Failed to Yield - Sign-Controlled Intersection", "crash_type": "Bicyclist Ride Out - Sign-Controlled Intersection"}}, {"type": "Feature", "geometry": {"type": "Point", "coordinates": [-85.7463, 38.1646]}, "properties": {"year": 2023, "state": "Kentucky", "age_band": "25-44", "sex": "Male", "lighting": "Dark - Not Lighted", "hour": "9:00pm-9:59pm", "month": "November", "crash_group": "Motorist Overtaking Bicyclist", "crash_type": "Motorist Overtaking - Undetected Bicyclist or Detected - Too Late to Avoid"}}, {"type": "Feature", "geometry": {"type": "Point", "coordinates": [-85.898, 37.7576]}, "properties": {"year": 2023, "state": "Kentucky", "age_band": "18-24", "sex": "Male", "lighting": "Dark - Not Lighted", "hour": "8:00pm-8:59pm", "month": "November", "crash_group": "Wrong-Way / Wrong-Side", "crash_type": "Wrong-Way / Wrong-Side - Bicyclist"}}, {"type": "Feature", "geometry": {"type": "Point", "coordinates": [-86.4217, 36.9906]}, "properties": {"year": 2023, "state": "Kentucky", "age_band": "18-24", "sex": "Male", "lighting": "Daylight", "hour": "12:00pm-12:59pm", "month": "November", "crash_group": "Bicyclist Left Turn / Merge", "crash_type": "Bicyclist Left Turn - Same Direction"}}, {"type": "Feature", "geometry": {"type": "Point", "coordinates": [-84.5001, 38.0457]}, "properties": {"year": 2023, "state": "Kentucky", "age_band": "45-64", "sex": "Male", "lighting": "Daylight", "hour": "4:00pm-4:59pm", "month": "December", "crash_group": "Bicyclist Failed to Yield - Midblock", "crash_type": "Bicyclist Ride Out - Other Midblock"}}, {"type": "Feature", "geometry": {"type": "Point", "coordinates": [-85.7621, 38.2151]}, "properties": {"year": 2023, "state": "Kentucky", "age_band": "45-64", "sex": "Male", "lighting": "Dark - Lighted", "hour": "9:00pm-9:59pm", "month": "December", "crash_group": "Motorist Overtaking Bicyclist", "crash_type": "Motorist Overtaking - Undetected Bicyclist or Detected - Too Late to Avoid"}}, {"type": "Feature", "geometry": {"type": "Point", "coordinates": [-84.6212, 38.9536]}, "properties": {"year": 2023, "state": "Kentucky", "age_band": "25-44", "sex": "Male", "lighting": "Dark - Not Lighted", "hour": "5:00am-5:59am", "month": "July", "crash_group": "Motorist Overtaking Bicyclist", "crash_type": "Motorist Overtaking - Undetected Bicyclist or Detected - Too Late to Avoid"}}, {"type": "Feature", "geometry": {"type": "Point", "coordinates": [-92.654, 30.0525]}, "properties": {"year": 2023, "state": "Louisiana", "age_band": "45-64", "sex": "Male", "lighting": "Dark - Not Lighted", "hour": "6:00pm-6:59pm", "month": "January", "crash_group": "Other / Unknown - Insufficient Details", "crash_type": "Unknown Approach Paths"}}, {"type": "Feature", "geometry": {"type": "Point", "coordinates": [-91.1788, 30.423]}, "properties": {"year": 2023, "state": "Louisiana", "age_band": "45-64", "sex": "Male", "lighting": "Dark - Lighted", "hour": "6:00pm-6:59pm", "month": "February", "crash_group": "Other / Unknown - Insufficient Details", "crash_type": "Unknown Approach Paths"}}, {"type": "Feature", "geometry": {"type": "Point", "coordinates": [-91.2222, 30.2711]}, "properties": {"year": 2023, "state": "Louisiana", "age_band": "25-44", "sex": "Male", "lighting": "Dark - Not Lighted", "hour": "4:00am-4:59am", "month": "February", "crash_group": "Motorist Overtaking Bicyclist", "crash_type": "Motorist Overtaking - Undetected Bicyclist or Detected - Too Late to Avoid"}}, {"type": "Feature", "geometry": {"type": "Point", "coordinates": [-90.0364, 29.966]}, "properties": {"year": 2023, "state": "Louisiana", "age_band": "65+", "sex": "Male", "lighting": "Dark - Lighted", "hour": "9:00pm-9:59pm", "month": "January", "crash_group": "Crossing Paths - Other Circumstances", "crash_type": "Signalized Intersection - Other / Unknown"}}, {"type": "Feature", "geometry": {"type": "Point", "coordinates": [-92.4264, 31.3733]}, "properties": {"year": 2023, "state": "Louisiana", "age_band": "25-44", "sex": "Male", "lighting": "Dark - Not Lighted", "hour": "11:00pm-11:59pm", "month": "April", "crash_group": "Wrong-Way / Wrong-Side", "crash_type": "Wrong-Way / Wrong-Side - Bicyclist"}}, {"type": "Feature", "geometry": {"type": "Point", "coordinates": [-90.1071, 29.904]}, "properties": {"year": 2023, "state": "Louisiana", "age_band": "25-44", "sex": "Male", "lighting": "Daylight", "hour": "8:00am-8:59am", "month": "April", "crash_group": "Motorist Overtaking Bicyclist", "crash_type": "Motorist Overtaking - Misjudged Space"}}, {"type": "Feature", "geometry": {"type": "Point", "coordinates": [-92.0468, 30.215]}, "properties": {"year": 2023, "state": "Louisiana", "age_band": "45-64", "sex": "Male", "lighting": "Dark - Lighted", "hour": "8:00pm-8:59pm", "month": "May", "crash_group": "Bicyclist Failed to Yield - Signalized Intersection", "crash_type": "Bicyclist Ride Through - Signalized Intersection"}}, {"type": "Feature", "geometry": {"type": "Point", "coordinates": [-90.5057, 30.4396]}, "properties": {"year": 2023, "state": "Louisiana", "age_band": "65+", "sex": "Male", "lighting": "Daylight", "hour": "8:00am-8:59am", "month": "April", "crash_group": "Bicyclist Failed to Yield - Sign-Controlled Intersection", "crash_type": "Bicyclist Ride Out - Sign-Controlled Intersection"}}, {"type": "Feature", "geometry": {"type": "Point", "coordinates": [-90.0493, 29.9924]}, "properties": {"year": 2023, "state": "Louisiana", "age_band": "45-64", "sex": "Male", "lighting": "Dark - Not Lighted", "hour": "8:00pm-8:59pm", "month": "May", "crash_group": "Motorist Overtaking Bicyclist", "crash_type": "Motorist Overtaking - Other/ Unknown"}}, {"type": "Feature", "geometry": {"type": "Point", "coordinates": [-92.094, 30.3807]}, "properties": {"year": 2023, "state": "Louisiana", "age_band": "45-64", "sex": "Male", "lighting": "Daylight", "hour": "4:00pm-4:59pm", "month": "April", "crash_group": "Motorist Overtaking Bicyclist", "crash_type": "Motorist Overtaking - Other/ Unknown"}}, {"type": "Feature", "geometry": {"type": "Point", "coordinates": [-90.0555, 29.9688]}, "properties": {"year": 2023, "state": "Louisiana", "age_band": "25-44", "sex": "Male", "lighting": "Dark - Lighted", "hour": "11:00pm-11:59pm", "month": "June", "crash_group": "Bicyclist Failed to Yield - Sign-Controlled Intersection", "crash_type": "Bicyclist Ride Out - Sign-Controlled Intersection"}}, {"type": "Feature", "geometry": {"type": "Point", "coordinates": [-90.0747, 29.9622]}, "properties": {"year": 2023, "state": "Louisiana", "age_band": "25-44", "sex": "Male", "lighting": "Dark - Not Lighted", "hour": "3:00am-3:59am", "month": "May", "crash_group": "Bicyclist Failed to Yield - Sign-Controlled Intersection", "crash_type": "Bicyclist Ride Out - Sign-Controlled Intersection"}}, {"type": "Feature", "geometry": {"type": "Point", "coordinates": [-91.1505, 30.1594]}, "properties": {"year": 2023, "state": "Louisiana", "age_band": "65+", "sex": "Male", "lighting": "Dark - Lighted", "hour": "9:00pm-9:59pm", "month": "June", "crash_group": "Other / Unknown - Insufficient Details", "crash_type": "Unknown Approach Paths"}}, {"type": "Feature", "geometry": {"type": "Point", "coordinates": [-90.2423, 29.9796]}, "properties": {"year": 2023, "state": "Louisiana", "age_band": "45-64", "sex": "Male", "lighting": "Dark - Lighted", "hour": "8:00pm-8:59pm", "month": "August", "crash_group": "Bicyclist Failed to Yield - Signalized Intersection", "crash_type": "Bicyclist Ride Through - Signalized Intersection"}}, {"type": "Feature", "geometry": {"type": "Point", "coordinates": [-91.0197, 30.1083]}, "properties": {"year": 2023, "state": "Louisiana", "age_band": "45-64", "sex": "Male", "lighting": "Dark - Lighted", "hour": "1:00am-1:59am", "month": "May", "crash_group": "Motorist Overtaking Bicyclist", "crash_type": "Motorist Overtaking - Other/ Unknown"}}, {"type": "Feature", "geometry": {"type": "Point", "coordinates": [-90.0137, 30.0206]}, "properties": {"year": 2023, "state": "Louisiana", "age_band": "25-44", "sex": "Female", "lighting": "Reported as Unknown", "hour": "9:00am-9:59am", "month": "August", "crash_group": "Motorist Overtaking Bicyclist", "crash_type": "Motorist Overtaking - Other/ Unknown"}}, {"type": "Feature", "geometry": {"type": "Point", "coordinates": [-91.8372, 29.9877]}, "properties": {"year": 2023, "state": "Louisiana", "age_band": "45-64", "sex": "Male", "lighting": "Dark - Not Lighted", "hour": "0:00am-0:59am", "month": "May", "crash_group": "Motorist Overtaking Bicyclist", "crash_type": "Motorist Overtaking - Other/ Unknown"}}, {"type": "Feature", "geometry": {"type": "Point", "coordinates": [-90.8758, 29.8156]}, "properties": {"year": 2023, "state": "Louisiana", "age_band": "65+", "sex": "Male", "lighting": "Dark - Not Lighted", "hour": "6:00am-6:59am", "month": "September", "crash_group": "Bicyclist Failed to Yield - Midblock", "crash_type": "Bicyclist Ride-Out - Commercial Driveway"}}, {"type": "Feature", "geometry": {"type": "Point", "coordinates": [-90.0596, 29.9731]}, "properties": {"year": 2023, "state": "Louisiana", "age_band": "25-44", "sex": "Male", "lighting": "Dark - Lighted", "hour": "11:00pm-11:59pm", "month": "October", "crash_group": "Bicyclist Failed to Yield - Sign-Controlled Intersection", "crash_type": "Bicyclist Ride Through - Sign-Controlled Intersection"}}, {"type": "Feature", "geometry": {"type": "Point", "coordinates": [-92.2043, 30.2403]}, "properties": {"year": 2023, "state": "Louisiana", "age_band": "25-44", "sex": "Female", "lighting": "Dark - Not Lighted", "hour": "8:00pm-8:59pm", "month": "October", "crash_group": "Motorist Overtaking Bicyclist", "crash_type": "Motorist Overtaking - Other/ Unknown"}}, {"type": "Feature", "geometry": {"type": "Point", "coordinates": [-90.9206, 30.2148]}, "properties": {"year": 2023, "state": "Louisiana", "age_band": "45-64", "sex": "Male", "lighting": "Daylight", "hour": "3:00pm-3:59pm", "month": "October", "crash_group": "Other / Unknown - Insufficient Details", "crash_type": "Unknown Approach Paths"}}, {"type": "Feature", "geometry": {"type": "Point", "coordinates": [-91.0833, 30.4354]}, "properties": {"year": 2023, "state": "Louisiana", "age_band": "45-64", "sex": "Male", "lighting": "Reported as Unknown", "hour": "7:00am-7:59am", "month": "December", "crash_group": "Motorist Overtaking Bicyclist", "crash_type": "Motorist Overtaking - Other/ Unknown"}}, {"type": "Feature", "geometry": {"type": "Point", "coordinates": [-91.561, 29.8313]}, "properties": {"year": 2023, "state": "Louisiana", "age_band": "25-44", "sex": "Male", "lighting": "Daylight", "hour": "1:00pm-1:59pm", "month": "November", "crash_group": "Bicyclist Failed to Yield - Midblock", "crash_type": "Bicyclist Ride Out - Midblock - Unknown"}}, {"type": "Feature", "geometry": {"type": "Point", "coordinates": [-92.1552, 32.4738]}, "properties": {"year": 2023, "state": "Louisiana", "age_band": "45-64", "sex": "Male", "lighting": "Daylight", "hour": "1:00pm-1:59pm", "month": "November", "crash_group": "Wrong-Way / Wrong-Side", "crash_type": "Wrong-Way / Wrong-Side - Bicyclist"}}, {"type": "Feature", "geometry": {"type": "Point", "coordinates": [-90.3364, 29.5364]}, "properties": {"year": 2023, "state": "Louisiana", "age_band": "65+", "sex": "Male", "lighting": "Daylight", "hour": "1:00pm-1:59pm", "month": "November", "crash_group": "Bicyclist Left Turn / Merge", "crash_type": "Bicyclist Left Turn - Same Direction"}}, {"type": "Feature", "geometry": {"type": "Point", "coordinates": [-92.1668, 29.9024]}, "properties": {"year": 2023, "state": "Louisiana", "age_band": "45-64", "sex": "Male", "lighting": "Dark - Not Lighted", "hour": "7:00pm-7:59pm", "month": "December", "crash_group": "Motorist Overtaking Bicyclist", "crash_type": "Motorist Overtaking - Other/ Unknown"}}, {"type": "Feature", "geometry": {"type": "Point", "coordinates": [-90.9725, 30.2546]}, "properties": {"year": 2023, "state": "Louisiana", "age_band": "25-44", "sex": "Male", "lighting": "Dark - Not Lighted", "hour": "9:00pm-9:59pm", "month": "October", "crash_group": "Parallel Paths - Other Circumstances", "crash_type": "Parallel Paths - Other / Unknown"}}, {"type": "Feature", "geometry": {"type": "Point", "coordinates": [-93.1897, 30.3833]}, "properties": {"year": 2023, "state": "Louisiana", "age_band": "25-44", "sex": "Male", "lighting": "Dark - Not Lighted", "hour": "8:00pm-8:59pm", "month": "December", "crash_group": "Motorist Overtaking Bicyclist", "crash_type": "Motorist Overtaking - Undetected Bicyclist or Detected - Too Late to Avoid"}}, {"type": "Feature", "geometry": {"type": "Point", "coordinates": [-92.358, 30.1973]}, "properties": {"year": 2023, "state": "Louisiana", "age_band": "25-44", "sex": "Male", "lighting": "Dark - Not Lighted", "hour": "7:00pm-7:59pm", "month": "December", "crash_group": "Wrong-Way / Wrong-Side", "crash_type": "Wrong-Way / Wrong-Side - Bicyclist"}}, {"type": "Feature", "geometry": {"type": "Point", "coordinates": [-92.0206, 30.2828]}, "properties": {"year": 2023, "state": "Louisiana", "age_band": "65+", "sex": "Male", "lighting": "Dark - Lighted", "hour": "6:00pm-6:59pm", "month": "December", "crash_group": "Motorist Overtaking Bicyclist", "crash_type": "Motorist Overtaking - Undetected Bicyclist or Detected - Too Late to Avoid"}}, {"type": "Feature", "geometry": {"type": "Point", "coordinates": [-89.9011, 29.8985]}, "properties": {"year": 2023, "state": "Louisiana", "age_band": "25-44", "sex": "Male", "lighting": "Daylight", "hour": "4:00pm-4:59pm", "month": "November", "crash_group": "Bicyclist Failed to Yield - Sign-Controlled Intersection", "crash_type": "Bicyclist Ride Out - Sign-Controlled Intersection"}}, {"type": "Feature", "geometry": {"type": "Point", "coordinates": [-91.6787, 29.9156]}, "properties": {"year": 2023, "state": "Louisiana", "age_band": "25-44", "sex": "Male", "lighting": "Dark - Lighted", "hour": "0:00am-0:59am", "month": "November", "crash_group": "Other / Unknown - Insufficient Details", "crash_type": "Unknown Approach Paths"}}, {"type": "Feature", "geometry": {"type": "Point", "coordinates": [-90.0454, 30.533]}, "properties": {"year": 2023, "state": "Louisiana", "age_band": "45-64", "sex": "Male", "lighting": "Daylight", "hour": "3:00pm-3:59pm", "month": "December", "crash_group": "Motorist Overtaking Bicyclist", "crash_type": "Motorist Overtaking - Other/ Unknown"}}, {"type": "Feature", "geometry": {"type": "Point", "coordinates": [-92.2472, 30.678]}, "properties": {"year": 2023, "state": "Louisiana", "age_band": "45-64", "sex": "Male", "lighting": "Daylight", "hour": "6:00pm-6:59pm", "month": "July", "crash_group": "Bicyclist Failed to Yield - Midblock", "crash_type": "Bicyclist Ride Out - Other Midblock"}}, {"type": "Feature", "geometry": {"type": "Point", "coordinates": [-90.063, 29.9681]}, "properties": {"year": 2023, "state": "Louisiana", "age_band": "45-64", "sex": "Male", "lighting": "Daylight", "hour": "1:00pm-1:59pm", "month": "December", "crash_group": "Bicyclist Failed to Yield - Signalized Intersection", "crash_type": "Bicyclist Ride Through - Signalized Intersection"}}, {"type": "Feature", "geometry": {"type": "Point", "coordinates": [-76.1902, 39.4916]}, "properties": {"year": 2023, "state": "Maryland", "age_band": "45-64", "sex": "Male", "lighting": "Dark - Not Lighted", "hour": "9:00pm-9:59pm", "month": "March", "crash_group": "Parallel Paths - Other Circumstances", "crash_type": "Parallel Paths - Other / Unknown"}}, {"type": "Feature", "geometry": {"type": "Point", "coordinates": [-76.996, 39.5752]}, "properties": {"year": 2023, "state": "Maryland", "age_band": "65+", "sex": "Male", "lighting": "Daylight", "hour": "12:00pm-12:59pm", "month": "March", "crash_group": "Crossing Paths - Other Circumstances", "crash_type": "Signalized Intersection - Other / Unknown"}}, {"type": "Feature", "geometry": {"type": "Point", "coordinates": [-77.7178, 39.6408]}, "properties": {"year": 2023, "state": "Maryland", "age_band": "18-24", "sex": "Male", "lighting": "Daylight", "hour": "6:00am-6:59am", "month": "June", "crash_group": "Bicyclist Failed to Yield - Signalized Intersection", "crash_type": "Bicyclist Ride Through - Signalized Intersection"}}, {"type": "Feature", "geometry": {"type": "Point", "coordinates": [-76.7383, 39.3883]}, "properties": {"year": 2023, "state": "Maryland", "age_band": "18-24", "sex": "Male", "lighting": "Dark - Not Lighted", "hour": "10:00pm-10:59pm", "month": "February", "crash_group": "Motorist Overtaking Bicyclist", "crash_type": "Motorist Overtaking - Undetected Bicyclist or Detected - Too Late to Avoid"}}, {"type": "Feature", "geometry": {"type": "Point", "coordinates": [-76.7038, 39.0895]}, "properties": {"year": 2023, "state": "Maryland", "age_band": "25-44", "sex": "Female", "lighting": "Dawn", "hour": "5:00am-5:59am", "month": "July", "crash_group": "Parallel Paths - Other Circumstances", "crash_type": "Parallel Paths - Other / Unknown"}}, {"type": "Feature", "geometry": {"type": "Point", "coordinates": [-76.985, 38.9746]}, "properties": {"year": 2023, "state": "Maryland", "age_band": "25-44", "sex": "Male", "lighting": "Dark - Unknown Lighting", "hour": "2:00am-2:59am", "month": "June", "crash_group": "Parallel Paths - Other Circumstances", "crash_type": "Parallel Paths - Other / Unknown"}}, {"type": "Feature", "geometry": {"type": "Point", "coordinates": [-76.8091, 38.8115]}, "properties": {"year": 2023, "state": "Maryland", "age_band": "25-44", "sex": "Male", "lighting": "Daylight", "hour": "7:00pm-7:59pm", "month": "July", "crash_group": "Motorist Overtaking Bicyclist", "crash_type": "Motorist Overtaking - Other/ Unknown"}}, {"type": "Feature", "geometry": {"type": "Point", "coordinates": [-77.2386, 39.1784]}, "properties": {"year": 2023, "state": "Maryland", "age_band": "25-44", "sex": "Male", "lighting": "Dark - Lighted", "hour": "9:00pm-9:59pm", "month": "August", "crash_group": "Crossing Paths - Other Circumstances", "crash_type": "Crossing Paths - Intersection - Other / Unknown Control"}}, {"type": "Feature", "geometry": {"type": "Point", "coordinates": [-76.8935, 39.0545]}, "properties": {"year": 2023, "state": "Maryland", "age_band": "25-44", "sex": "Male", "lighting": "Dark - Not Lighted", "hour": "11:00pm-11:59pm", "month": "September", "crash_group": "Motorist Overtaking Bicyclist", "crash_type": "Motorist Overtaking - Misjudged Space"}}, {"type": "Feature", "geometry": {"type": "Point", "coordinates": [-75.6159, 38.3722]}, "properties": {"year": 2023, "state": "Maryland", "age_band": "45-64", "sex": "Male", "lighting": "Dawn", "hour": "5:00am-5:59am", "month": "July", "crash_group": "Parallel Paths - Other Circumstances", "crash_type": "Parallel Paths - Other / Unknown"}}, {"type": "Feature", "geometry": {"type": "Point", "coordinates": [-76.7682, 39.5143]}, "properties": {"year": 2023, "state": "Maryland", "age_band": "45-64", "sex": "Male", "lighting": "Daylight", "hour": "11:00am-11:59am", "month": "September", "crash_group": "Bicyclist Left Turn / Merge", "crash_type": "Bicyclist Left Turn - Same Direction"}}, {"type": "Feature", "geometry": {"type": "Point", "coordinates": [-76.4847, 39.339]}, "properties": {"year": 2023, "state": "Maryland", "age_band": "45-64", "sex": "Female", "lighting": "Dark - Lighted", "hour": "8:00pm-8:59pm", "month": "August", "crash_group": "Bicyclist Failed to Yield - Midblock", "crash_type": "Bicyclist Ride Out - Other Midblock"}}, {"type": "Feature", "geometry": {"type": "Point", "coordinates": [-76.5162, 38.9676]}, "properties": {"year": 2023, "state": "Maryland", "age_band": "65+", "sex": "Male", "lighting": "Dark - Not Lighted", "hour": "10:00pm-10:59pm", "month": "January", "crash_group": "Motorist Overtaking Bicyclist", "crash_type": "Motorist Overtaking - Misjudged Space"}}, {"type": "Feature", "geometry": {"type": "Point", "coordinates": [-76.8035, 39.4515]}, "properties": {"year": 2023, "state": "Maryland", "age_band": "25-44", "sex": "Male", "lighting": "Dark - Lighted", "hour": "10:00pm-10:59pm", "month": "October", "crash_group": "Parallel Paths - Other Circumstances", "crash_type": "Parallel Paths - Other / Unknown"}}, {"type": "Feature", "geometry": {"type": "Point", "coordinates": [-76.6229, 39.311]}, "properties": {"year": 2023, "state": "Maryland", "age_band": "65+", "sex": "Male", "lighting": "Daylight", "hour": "11:00am-11:59am", "month": "October", "crash_group": "Motorist Failed to Yield - Signalized Intersection", "crash_type": "Motorist Drive Out - Signalized Intersection"}}, {"type": "Feature", "geometry": {"type": "Point", "coordinates": [-72.6035, 42.1971]}, "properties": {"year": 2023, "state": "Massachusetts", "age_band": "18-24", "sex": "Male", "lighting": "Dark - Lighted", "hour": "7:00pm-7:59pm", "month": "January", "crash_group": "Bicyclist Failed to Yield - Signalized Intersection", "crash_type": "Bicyclist Ride Through - Signalized Intersection"}}, {"type": "Feature", "geometry": {"type": "Point", "coordinates": [-70.9998, 42.8309]}, "properties": {"year": 2023, "state": "Massachusetts", "age_band": "65+", "sex": "Male", "lighting": "Daylight", "hour": "5:00pm-5:59pm", "month": "July", "crash_group": "Loss of Control / Turning Error", "crash_type": "Motorist Lost Control - Other / Unknown"}}, {"type": "Feature", "geometry": {"type": "Point", "coordinates": [-72.0053, 42.5639]}, "properties": {"year": 2023, "state": "Massachusetts", "age_band": "25-44", "sex": "Male", "lighting": "Daylight", "hour": "7:00pm-7:59pm", "month": "July", "crash_group": "Motorist Overtaking Bicyclist", "crash_type": "Motorist Overtaking - Bicyclist Swerved"}}, {"type": "Feature", "geometry": {"type": "Point", "coordinates": [-70.712, 41.7569]}, "properties": {"year": 2023, "state": "Massachusetts", "age_band": "13-17 (teen)", "sex": "Male", "lighting": "Dusk", "hour": "7:00pm-7:59pm", "month": "April", "crash_group": "Bicyclist Failed to Yield - Signalized Intersection", "crash_type": "Bicyclist Ride Through - Signalized Intersection"}}, {"type": "Feature", "geometry": {"type": "Point", "coordinates": [-71.2017, 42.3605]}, "properties": {"year": 2023, "state": "Massachusetts", "age_band": "45-64", "sex": "Male", "lighting": "Daylight", "hour": "5:00pm-5:59pm", "month": "August", "crash_group": "Motorist Left Turn / Merge", "crash_type": "Motorist Left Turn- Opposite Direction"}}, {"type": "Feature", "geometry": {"type": "Point", "coordinates": [-70.9963, 42.2535]}, "properties": {"year": 2023, "state": "Massachusetts", "age_band": "65+", "sex": "Male", "lighting": "Daylight", "hour": "11:00am-11:59am", "month": "September", "crash_group": "Crossing Paths - Other Circumstances", "crash_type": "Crossing Paths - Midblock - Other / Unknown"}}, {"type": "Feature", "geometry": {"type": "Point", "coordinates": [-71.0225, 42.2717]}, "properties": {"year": 2023, "state": "Massachusetts", "age_band": "45-64", "sex": "Male", "lighting": "Daylight", "hour": "10:00am-10:59am", "month": "September", "crash_group": "Motorist Left Turn / Merge", "crash_type": "Motorist Left Turn- Same Direction"}}, {"type": "Feature", "geometry": {"type": "Point", "coordinates": [-70.8567, 42.253]}, "properties": {"year": 2023, "state": "Massachusetts", "age_band": "45-64", "sex": "Male", "lighting": "Dark - Not Lighted", "hour": "6:00am-6:59am", "month": "October", "crash_group": "Motorist Overtaking Bicyclist", "crash_type": "Motorist Overtaking - Undetected Bicyclist or Detected - Too Late to Avoid"}}, {"type": "Feature", "geometry": {"type": "Point", "coordinates": [-70.8567, 42.253]}, "properties": {"year": 2023, "state": "Massachusetts", "age_band": "45-64", "sex": "Female", "lighting": "Dark - Not Lighted", "hour": "6:00am-6:59am", "month": "October", "crash_group": "Motorist Overtaking Bicyclist", "crash_type": "Motorist Overtaking - Undetected Bicyclist or Detected - Too Late to Avoid"}}, {"type": "Feature", "geometry": {"type": "Point", "coordinates": [-71.1363, 42.3541]}, "properties": {"year": 2023, "state": "Massachusetts", "age_band": "18-24", "sex": "Male", "lighting": "Daylight", "hour": "10:00am-10:59am", "month": "December", "crash_group": "Bicyclist Failed to Yield - Sign-Controlled Intersection", "crash_type": "Bicyclist Ride Out - Sign-Controlled Intersection"}}, {"type": "Feature", "geometry": {"type": "Point", "coordinates": [-84.3519, 46.463]}, "properties": {"year": 2023, "state": "Michigan", "age_band": "45-64", "sex": "Male", "lighting": "Dark - Not Lighted", "hour": "10:00pm-10:59pm", "month": "January", "crash_group": "Motorist Overtaking Bicyclist", "crash_type": "Motorist Overtaking - Undetected Bicyclist or Detected - Too Late to Avoid"}}, {"type": "Feature", "geometry": {"type": "Point", "coordinates": [-83.1582, 42.3638]}, "properties": {"year": 2023, "state": "Michigan", "age_band": "65+", "sex": "Male", "lighting": "Dark - Lighted", "hour": "6:00pm-6:59pm", "month": "February", "crash_group": "Motorist Overtaking Bicyclist", "crash_type": "Motorist Overtaking - Misjudged Space"}}, {"type": "Feature", "geometry": {"type": "Point", "coordinates": [-85.6209, 44.7547]}, "properties": {"year": 2023, "state": "Michigan", "age_band": "65+", "sex": "Male", "lighting": "Daylight", "hour": "1:00pm-1:59pm", "month": "April", "crash_group": "Bicyclist Failed to Yield - Sign-Controlled Intersection", "crash_type": "Bicyclist Ride Through - Sign-Controlled Intersection"}}, {"type": "Feature", "geometry": {"type": "Point", "coordinates": [-85.6639, 42.861]}, "properties": {"year": 2023, "state": "Michigan", "age_band": "45-64", "sex": "Male", "lighting": "Daylight", "hour": "1:00pm-1:59pm", "month": "April", "crash_group": "Parallel Paths - Other Circumstances", "crash_type": "Bicyclist Ride Out - Parallel Path"}}, {"type": "Feature", "geometry": {"type": "Point", "coordinates": [-83.6612, 42.4312]}, "properties": {"year": 2023, "state": "Michigan", "age_band": "25-44", "sex": "Male", "lighting": "Daylight", "hour": "12:00pm-12:59pm", "month": "May", "crash_group": "Motorist Overtaking Bicyclist", "crash_type": "Motorist Overtaking - Misjudged Space"}}, {"type": "Feature", "geometry": {"type": "Point", "coordinates": [-83.7346, 42.6355]}, "properties": {"year": 2023, "state": "Michigan", "age_band": "25-44", "sex": "Male", "lighting": "Dark - Not Lighted", "hour": "9:00pm-9:59pm", "month": "April", "crash_group": "Motorist Right Turn / Merge", "crash_type": "Motorist right Turn - Opposite Direction"}}, {"type": "Feature", "geometry": {"type": "Point", "coordinates": [-85.8378, 44.6737]}, "properties": {"year": 2023, "state": "Michigan", "age_band": "18-24", "sex": "Female", "lighting": "Dark - Not Lighted", "hour": "1:00am-1:59am", "month": "May", "crash_group": "Bicyclist Failed to Yield - Sign-Controlled Intersection", "crash_type": "Bicyclist Ride Out - Sign-Controlled Intersection"}}, {"type": "Feature", "geometry": {"type": "Point", "coordinates": [-84.1579, 42.9976]}, "properties": {"year": 2023, "state": "Michigan", "age_band": "18-24", "sex": "Male", "lighting": "Dark - Not Lighted", "hour": "10:00pm-10:59pm", "month": "June", "crash_group": "Bicyclist Failed to Yield - Signalized Intersection", "crash_type": "Bicyclist Ride Out - Signalized Intersection"}}, {"type": "Feature", "geometry": {"type": "Point", "coordinates": [-83.1167, 42.3312]}, "properties": {"year": 2023, "state": "Michigan", "age_band": "25-44", "sex": "Male", "lighting": "Dark - Lighted", "hour": "0:00am-0:59am", "month": "July", "crash_group": "Bicyclist Left Turn / Merge", "crash_type": "Bicyclist Left Turn - Same Direction"}}, {"type": "Feature", "geometry": {"type": "Point", "coordinates": [-85.6517, 41.9396]}, "properties": {"year": 2023, "state": "Michigan", "age_band": "25-44", "sex": "Female", "lighting": "Dark - Not Lighted", "hour": "11:00pm-11:59pm", "month": "July", "crash_group": "Bicyclist Failed to Yield - Signalized Intersection", "crash_type": "Bicyclist Ride Out - Signalized Intersection"}}, {"type": "Feature", "geometry": {"type": "Point", "coordinates": [-84.8268, 42.5688]}, "properties": {"year": 2023, "state": "Michigan", "age_band": "25-44", "sex": "Male", "lighting": "Dark - Not Lighted", "hour": "10:00pm-10:59pm", "month": "July", "crash_group": "Bicyclist Failed to Yield - Midblock", "crash_type": "Bicyclist Ride-Out - Commercial Driveway"}}, {"type": "Feature", "geometry": {"type": "Point", "coordinates": [-83.5808, 41.9109]}, "properties": {"year": 2023, "state": "Michigan", "age_band": "45-64", "sex": "Male", "lighting": "Dawn", "hour": "6:00am-6:59am", "month": "July", "crash_group": "Motorist Overtaking Bicyclist", "crash_type": "Motorist Overtaking - Misjudged Space"}}, {"type": "Feature", "geometry": {"type": "Point", "coordinates": [-85.6662, 42.9157]}, "properties": {"year": 2023, "state": "Michigan", "age_band": "25-44", "sex": "Female", "lighting": "Dark - Lighted", "hour": "0:00am-0:59am", "month": "August", "crash_group": "Motorist Overtaking Bicyclist", "crash_type": "Motorist Overtaking - Bicyclist Swerved"}}, {"type": "Feature", "geometry": {"type": "Point", "coordinates": [-83.5954, 42.2426]}, "properties": {"year": 2023, "state": "Michigan", "age_band": "25-44", "sex": "Male", "lighting": "Daylight", "hour": "7:00pm-7:59pm", "month": "August", "crash_group": "Bicyclist Left Turn / Merge", "crash_type": "Bicyclist Left Turn - Opposite Direction"}}, {"type": "Feature", "geometry": {"type": "Point", "coordinates": [-82.9534, 42.4722]}, "properties": {"year": 2023, "state": "Michigan", "age_band": "45-64", "sex": "Male", "lighting": "Daylight", "hour": "3:00pm-3:59pm", "month": "August", "crash_group": "Bicyclist Failed to Yield - Signalized Intersection", "crash_type": "Bicyclist Ride Through - Signalized Intersection"}}, {"type": "Feature", "geometry": {"type": "Point", "coordinates": [-85.3978, 44.2441]}, "properties": {"year": 2023, "state": "Michigan", "age_band": "45-64", "sex": "Male", "lighting": "Daylight", "hour": "5:00pm-5:59pm", "month": "September", "crash_group": "Bicyclist Failed to Yield - Sign-Controlled Intersection", "crash_type": "Bicyclist Ride Out - Sign-Controlled Intersection"}}, {"type": "Feature", "geometry": {"type": "Point", "coordinates": [-86.4387, 41.8126]}, "properties": {"year": 2023, "state": "Michigan", "age_band": "45-64", "sex": "Female", "lighting": "Dark - Not Lighted", "hour": "7:00pm-7:59pm", "month": "November", "crash_group": "Motorist Overtaking Bicyclist", "crash_type": "Motorist Overtaking - Undetected Bicyclist or Detected - Too Late to Avoid"}}, {"type": "Feature", "geometry": {"type": "Point", "coordinates": [-83.2503, 42.2561]}, "properties": {"year": 2023, "state": "Michigan", "age_band": "45-64", "sex": "Female", "lighting": "Daylight", "hour": "12:00pm-12:59pm", "month": "November", "crash_group": "Motorist Right Turn / Merge", "crash_type": "Motorist right Turn - Opposite Direction"}}, {"type": "Feature", "geometry": {"type": "Point", "coordinates": [-82.8703, 42.5615]}, "properties": {"year": 2023, "state": "Michigan", "age_band": "45-64", "sex": "Male", "lighting": "Dark - Not Lighted", "hour": "6:00pm-6:59pm", "month": "November", "crash_group": "Loss of Control / Turning Error", "crash_type": "Motorist Turning Error - Left turn"}}, {"type": "Feature", "geometry": {"type": "Point", "coordinates": [-84.1432, 43.6046]}, "properties": {"year": 2023, "state": "Michigan", "age_band": "18-24", "sex": "Male", "lighting": "Dark - Not Lighted", "hour": "11:00pm-11:59pm", "month": "December", "crash_group": "Motorist Overtaking Bicyclist", "crash_type": "Motorist Overtaking - Other/ Unknown"}}, {"type": "Feature", "geometry": {"type": "Point", "coordinates": [-84.0349, 41.913]}, "properties": {"year": 2023, "state": "Michigan", "age_band": "25-44", "sex": "Male", "lighting": "Dark - Not Lighted", "hour": "6:00pm-6:59pm", "month": "December", "crash_group": "Bicyclist Right Turn / Merge", "crash_type": "Bicyclist Right Turn - Same Direction"}}, {"type": "Feature", "geometry": {"type": "Point", "coordinates": [-84.0349, 41.913]}, "properties": {"year": 2023, "state": "Michigan", "age_band": "0-12 (child)", "sex": "Female", "lighting": "Dark - Not Lighted", "hour": "6:00pm-6:59pm", "month": "December", "crash_group": "Bicyclist Right Turn / Merge", "crash_type": "Bicyclist Right Turn - Same Direction"}}, {"type": "Feature", "geometry": {"type": "Point", "coordinates": [-83.2165, 42.3433]}, "properties": {"year": 2023, "state": "Michigan", "age_band": "65+", "sex": "Male", "lighting": "Daylight", "hour": "9:00pm-9:59pm", "month": "December", "crash_group": "Motorist Left Turn / Merge", "crash_type": "Motorist Left Turn- Same Direction"}}, {"type": "Feature", "geometry": {"type": "Point", "coordinates": [-84.4391, 42.211]}, "properties": {"year": 2023, "state": "Michigan", "age_band": "65+", "sex": "Female", "lighting": "Dark - Not Lighted", "hour": "6:00pm-6:59pm", "month": "January", "crash_group": "Motorist Overtaking Bicyclist", "crash_type": "Motorist Overtaking - Other/ Unknown"}}, {"type": "Feature", "geometry": {"type": "Point", "coordinates": [-82.8918, 42.5701]}, "properties": {"year": 2023, "state": "Michigan", "age_band": "45-64", "sex": "Male", "lighting": "Daylight", "hour": "12:00pm-12:59pm", "month": "August", "crash_group": "Bicyclist Failed to Yield - Signalized Intersection", "crash_type": "Bicyclist Ride Through - Signalized Intersection"}}, {"type": "Feature", "geometry": {"type": "Point", "coordinates": [-95.8102, 46.7719]}, "properties": {"year": 2023, "state": "Minnesota", "age_band": "45-64", "sex": "Male", "lighting": "Daylight", "hour": "7:00am-7:59am", "month": "July", "crash_group": "Motorist Overtaking Bicyclist", "crash_type": "Motorist Overtaking - Bicyclist Swerved"}}, {"type": "Feature", "geometry": {"type": "Point", "coordinates": [-93.2717, 45.0277]}, "properties": {"year": 2023, "state": "Minnesota", "age_band": "45-64", "sex": "Male", "lighting": "Daylight", "hour": "11:00am-11:59am", "month": "August", "crash_group": "Other / Unusual Circumstances", "crash_type": "Unusual Circumstances"}}, {"type": "Feature", "geometry": {"type": "Point", "coordinates": [-93.3595, 43.6537]}, "properties": {"year": 2023, "state": "Minnesota", "age_band": "0-12 (child)", "sex": "Male", "lighting": "Daylight", "hour": "5:00pm-5:59pm", "month": "August", "crash_group": "Bicyclist Failed to Yield - Signalized Intersection", "crash_type": "Bicyclist Ride Through - Signalized Intersection"}}, {"type": "Feature", "geometry": {"type": "Point", "coordinates": [-93.2743, 44.9003]}, "properties": {"year": 2023, "state": "Minnesota", "age_band": "0-12 (child)", "sex": "Female", "lighting": "Daylight", "hour": "8:00am-8:59am", "month": "September", "crash_group": "Other / Unusual Circumstances", "crash_type": "Play Vehicle-Related"}}, {"type": "Feature", "geometry": {"type": "Point", "coordinates": [-92.8586, 45.007]}, "properties": {"year": 2023, "state": "Minnesota", "age_band": "65+", "sex": "Male", "lighting": "Daylight", "hour": "10:00am-10:59am", "month": "September", "crash_group": "Parallel Paths - Other Circumstances", "crash_type": "Parallel Paths - Other / Unknown"}}, {"type": "Feature", "geometry": {"type": "Point", "coordinates": [-92.5384, 47.5161]}, "properties": {"year": 2023, "state": "Minnesota", "age_band": "65+", "sex": "Male", "lighting": "Dawn", "hour": "7:00am-7:59am", "month": "September", "crash_group": "Bicyclist Failed to Yield - Sign-Controlled Intersection", "crash_type": "Bicyclist Ride Through - Sign-Controlled Intersection"}}, {"type": "Feature", "geometry": {"type": "Point", "coordinates": [-88.5238, 30.3799]}, "properties": {"year": 2023, "state": "Mississippi", "age_band": "45-64", "sex": "Male", "lighting": "Dark - Lighted", "hour": "6:00pm-6:59pm", "month": "January", "crash_group": "Bicyclist Failed to Yield - Midblock", "crash_type": "Bicyclist Ride Out - Midblock - Unknown"}}, {"type": "Feature", "geometry": {"type": "Point", "coordinates": [-88.8289, 30.4235]}, "properties": {"year": 2023, "state": "Mississippi", "age_band": "45-64", "sex": "Male", "lighting": "Dark - Not Lighted", "hour": "9:00pm-9:59pm", "month": "January", "crash_group": "Motorist Overtaking Bicyclist", "crash_type": "Motorist Overtaking - Other/ Unknown"}}, {"type": "Feature", "geometry": {"type": "Point", "coordinates": [-89.6796, 30.5496]}, "properties": {"year": 2023, "state": "Mississippi", "age_band": "65+", "sex": "Male", "lighting": "Dark - Not Lighted", "hour": "7:00pm-7:59pm", "month": "March", "crash_group": "Bicyclist Failed to Yield - Sign-Controlled Intersection", "crash_type": "Bicyclist Ride Through - Sign-Controlled Intersection"}}, {"type": "Feature", "geometry": {"type": "Point", "coordinates": [-89.8603, 31.3168]}, "properties": {"year": 2023, "state": "Mississippi", "age_band": "25-44", "sex": "Male", "lighting": "Dark - Not Lighted", "hour": "11:00pm-11:59pm", "month": "March", "crash_group": "Wrong-Way / Wrong-Side", "crash_type": "Wrong-Way / Wrong-Side - Bicyclist"}}, {"type": "Feature", "geometry": {"type": "Point", "coordinates": [-90.3054, 32.2685]}, "properties": {"year": 2023, "state": "Mississippi", "age_band": "25-44", "sex": "Male", "lighting": "Dark - Not Lighted", "hour": "5:00am-5:59am", "month": "April", "crash_group": "Wrong-Way / Wrong-Side", "crash_type": "Wrong-Way / Wrong-Side - Bicyclist"}}, {"type": "Feature", "geometry": {"type": "Point", "coordinates": [-91.0412, 33.4436]}, "properties": {"year": 2023, "state": "Mississippi", "age_band": "25-44", "sex": "Male", "lighting": "Dark - Not Lighted", "hour": "9:00pm-9:59pm", "month": "April", "crash_group": "Crossing Paths - Other Circumstances", "crash_type": "Sign-Controlled Intersection - Other / Unknown"}}, {"type": "Feature", "geometry": {"type": "Point", "coordinates": [-90.2095, 33.473]}, "properties": {"year": 2023, "state": "Mississippi", "age_band": "25-44", "sex": "Female", "lighting": "Daylight", "hour": "7:00am-7:59am", "month": "August", "crash_group": "Motorist Overtaking Bicyclist", "crash_type": "Motorist Overtaking - Undetected Bicyclist or Detected - Too Late to Avoid"}}, {"type": "Feature", "geometry": {"type": "Point", "coordinates": [-90.2215, 32.3177]}, "properties": {"year": 2023, "state": "Mississippi", "age_band": "45-64", "sex": "Male", "lighting": "Dark - Lighted", "hour": "0:00am-0:59am", "month": "August", "crash_group": "Motorist Overtaking Bicyclist", "crash_type": "Motorist Overtaking - Other/ Unknown"}}, {"type": "Feature", "geometry": {"type": "Point", "coordinates": [-90.1765, 32.2767]}, "properties": {"year": 2023, "state": "Mississippi", "age_band": "45-64", "sex": "Male", "lighting": "Daylight", "hour": "3:00pm-3:59pm", "month": "August", "crash_group": "Other / Unknown - Insufficient Details", "crash_type": "Unknown Approach Paths"}}, {"type": "Feature", "geometry": {"type": "Point", "coordinates": [-88.5987, 30.8472]}, "properties": {"year": 2023, "state": "Mississippi", "age_band": "45-64", "sex": "Male", "lighting": "Dark - Not Lighted", "hour": "8:00pm-8:59pm", "month": "August", "crash_group": "Motorist Overtaking Bicyclist", "crash_type": "Motorist Overtaking - Other/ Unknown"}}, {"type": "Feature", "geometry": {"type": "Point", "coordinates": [-88.5186, 33.5186]}, "properties": {"year": 2023, "state": "Mississippi", "age_band": "Unknown", "sex": "Male", "lighting": "Dark - Not Lighted", "hour": "11:00pm-11:59pm", "month": "December", "crash_group": "Motorist Overtaking Bicyclist", "crash_type": "Motorist Overtaking - Other/ Unknown"}}, {"type": "Feature", "geometry": {"type": "Point", "coordinates": [-88.728, 32.0326]}, "properties": {"year": 2023, "state": "Mississippi", "age_band": "45-64", "sex": "Male", "lighting": "Dark - Unknown Lighting", "hour": "7:00pm-7:59pm", "month": "December", "crash_group": "Motorist Overtaking Bicyclist", "crash_type": "Motorist Overtaking - Undetected Bicyclist or Detected - Too Late to Avoid"}}, {"type": "Feature", "geometry": {"type": "Point", "coordinates": [-89.2286, 30.5301]}, "properties": {"year": 2023, "state": "Mississippi", "age_band": "45-64", "sex": "Male", "lighting": "Daylight", "hour": "8:00am-8:59am", "month": "November", "crash_group": "Motorist Overtaking Bicyclist", "crash_type": "Motorist Overtaking - Undetected Bicyclist or Detected - Too Late to Avoid"}}, {"type": "Feature", "geometry": {"type": "Point", "coordinates": [-94.3594, 39.049]}, "properties": {"year": 2023, "state": "Missouri", "age_band": "45-64", "sex": "Male", "lighting": "Dark - Not Lighted", "hour": "6:00pm-6:59pm", "month": "February", "crash_group": "Bicyclist Failed to Yield - Midblock", "crash_type": "Bicyclist Ride-Out - Commercial Driveway"}}, {"type": "Feature", "geometry": {"type": "Point", "coordinates": [-93.2787, 37.1273]}, "properties": {"year": 2023, "state": "Missouri", "age_band": "65+", "sex": "Male", "lighting": "Dark - Lighted", "hour": "6:00pm-6:59pm", "month": "February", "crash_group": "Motorist Left Turn / Merge", "crash_type": "Motorist Left Turn- Opposite Direction"}}, {"type": "Feature", "geometry": {"type": "Point", "coordinates": [-90.3215, 38.7907]}, "properties": {"year": 2023, "state": "Missouri", "age_band": "65+", "sex": "Male", "lighting": "Daylight", "hour": "10:00am-10:59am", "month": "February", "crash_group": "Crossing Paths - Other Circumstances", "crash_type": "Crossing Paths - Intersection - Other / Unknown Control"}}, {"type": "Feature", "geometry": {"type": "Point", "coordinates": [-90.9648, 38.3262]}, "properties": {"year": 2023, "state": "Missouri", "age_band": "25-44", "sex": "Male", "lighting": "Dark - Not Lighted", "hour": "9:00pm-9:59pm", "month": "March", "crash_group": "Motorist Overtaking Bicyclist", "crash_type": "Motorist Overtaking - Undetected Bicyclist or Detected - Too Late to Avoid"}}, {"type": "Feature", "geometry": {"type": "Point", "coordinates": [-94.5311, 39.094]}, "properties": {"year": 2023, "state": "Missouri", "age_band": "45-64", "sex": "Male", "lighting": "Daylight", "hour": "3:00pm-3:59pm", "month": "April", "crash_group": "Bicyclist Failed to Yield - Sign-Controlled Intersection", "crash_type": "Bicyclist Ride Through - Sign-Controlled Intersection"}}, {"type": "Feature", "geometry": {"type": "Point", "coordinates": [-94.5213, 39.1053]}, "properties": {"year": 2023, "state": "Missouri", "age_band": "65+", "sex": "Male", "lighting": "Daylight", "hour": "7:00pm-7:59pm", "month": "April", "crash_group": "Bicyclist Failed to Yield - Midblock", "crash_type": "Bicyclist Ride Out - Midblock - Unknown"}}, {"type": "Feature", "geometry": {"type": "Point", "coordinates": [-91.3769, 37.9851]}, "properties": {"year": 2023, "state": "Missouri", "age_band": "25-44", "sex": "Male", "lighting": "Dark - Not Lighted", "hour": "5:00am-5:59am", "month": "July", "crash_group": "Motorist Overtaking Bicyclist", "crash_type": "Motorist Overtaking - Undetected Bicyclist or Detected - Too Late to Avoid"}}, {"type": "Feature", "geometry": {"type": "Point", "coordinates": [-94.5952, 39.2586]}, "properties": {"year": 2023, "state": "Missouri", "age_band": "45-64", "sex": "Male", "lighting": "Dark - Not Lighted", "hour": "2:00am-2:59am", "month": "October", "crash_group": "Motorist Overtaking Bicyclist", "crash_type": "Motorist Overtaking - Other/ Unknown"}}, {"type": "Feature", "geometry": {"type": "Point", "coordinates": [-93.9542, 36.5863]}, "properties": {"year": 2023, "state": "Missouri", "age_band": "25-44", "sex": "Male", "lighting": "Daylight", "hour": "11:00am-11:59am", "month": "November", "crash_group": "Bicyclist Failed to Yield - Sign-Controlled Intersection", "crash_type": "Bicyclist Ride Through - Sign-Controlled Intersection"}}, {"type": "Feature", "geometry": {"type": "Point", "coordinates": [-90.1252, 36.463]}, "properties": {"year": 2023, "state": "Missouri", "age_band": "25-44", "sex": "Male", "lighting": "Dark - Not Lighted", "hour": "6:00pm-6:59pm", "month": "December", "crash_group": "Motorist Overtaking Bicyclist", "crash_type": "Motorist Overtaking - Undetected Bicyclist or Detected - Too Late to Avoid"}}, {"type": "Feature", "geometry": {"type": "Point", "coordinates": [-111.5165, 47.4254]}, "properties": {"year": 2023, "state": "Montana", "age_band": "65+", "sex": "Male", "lighting": "Daylight", "hour": "1:00pm-1:59pm", "month": "May", "crash_group": "Motorist Overtaking Bicyclist", "crash_type": "Motorist Overtaking - Bicyclist Swerved"}}, {"type": "Feature", "geometry": {"type": "Point", "coordinates": [-114.1592, 48.2111]}, "properties": {"year": 2023, "state": "Montana", "age_band": "65+", "sex": "Male", "lighting": "Daylight", "hour": "11:00am-11:59am", "month": "September", "crash_group": "Bicyclist Failed to Yield - Sign-Controlled Intersection", "crash_type": "Bicyclist Ride Out - Sign-Controlled Intersection"}}, {"type": "Feature", "geometry": {"type": "Point", "coordinates": [-103.5861, 41.8336]}, "properties": {"year": 2023, "state": "Nebraska", "age_band": "65+", "sex": "Male", "lighting": "Daylight", "hour": "6:00am-6:59am", "month": "June", "crash_group": "Parallel Paths - Other Circumstances", "crash_type": "Parallel Paths - Other / Unknown"}}, {"type": "Feature", "geometry": {"type": "Point", "coordinates": [-95.9808, 41.2658]}, "properties": {"year": 2023, "state": "Nebraska", "age_band": "45-64", "sex": "Male", "lighting": "Dark - Lighted", "hour": "6:00pm-6:59pm", "month": "January", "crash_group": "Other / Unknown - Insufficient Details", "crash_type": "Unknown Approach Paths"}}, {"type": "Feature", "geometry": {"type": "Point", "coordinates": [-96.6059, 40.8462]}, "properties": {"year": 2023, "state": "Nebraska", "age_band": "65+", "sex": "Male", "lighting": "Daylight", "hour": "4:00pm-4:59pm", "month": "August", "crash_group": "Crossing Paths - Other Circumstances", "crash_type": "Crossing Paths - Intersection - Other / Unknown Control"}}, {"type": "Feature", "geometry": {"type": "Point", "coordinates": [-96.3115, 41.3514]}, "properties": {"year": 2023, "state": "Nebraska", "age_band": "45-64", "sex": "Male", "lighting": "Daylight", "hour": "10:00am-10:59am", "month": "September", "crash_group": "Parallel Paths - Other Circumstances", "crash_type": "Parallel Paths - Other / Unknown"}}, {"type": "Feature", "geometry": {"type": "Point", "coordinates": [-96.0238, 41.2923]}, "properties": {"year": 2023, "state": "Nebraska", "age_band": "45-64", "sex": "Male", "lighting": "Daylight", "hour": "6:00pm-6:59pm", "month": "September", "crash_group": "Bicyclist Failed to Yield - Sign-Controlled Intersection", "crash_type": "Bicyclist Ride Out - Sign-Controlled Intersection"}}, {"type": "Feature", "geometry": {"type": "Point", "coordinates": [-96.4329, 40.8157]}, "properties": {"year": 2023, "state": "Nebraska", "age_band": "0-12 (child)", "sex": "Male", "lighting": "Daylight", "hour": "2:00pm-2:59pm", "month": "December", "crash_group": "Crossing Paths - Other Circumstances", "crash_type": "Crossing Paths - Intersection - Other / Unknown Control"}}, {"type": "Feature", "geometry": {"type": "Point", "coordinates": [-115.1423, 36.1439]}, "properties": {"year": 2023, "state": "Nevada", "age_band": "25-44", "sex": "Male", "lighting": "Dark - Lighted", "hour": "4:00am-4:59am", "month": "January", "crash_group": "Motorist Failed to Yield - Signalized Intersection", "crash_type": "Motorist Drive Through - Signalized Intersection"}}, {"type": "Feature", "geometry": {"type": "Point", "coordinates": [-119.7672, 39.4792]}, "properties": {"year": 2023, "state": "Nevada", "age_band": "45-64", "sex": "Male", "lighting": "Dark - Not Lighted", "hour": "3:00am-3:59am", "month": "February", "crash_group": "Parallel Paths - Other Circumstances", "crash_type": "Parallel Paths - Other / Unknown"}}, {"type": "Feature", "geometry": {"type": "Point", "coordinates": [-115.1047, 36.1298]}, "properties": {"year": 2023, "state": "Nevada", "age_band": "45-64", "sex": "Male", "lighting": "Dark - Lighted", "hour": "10:00pm-10:59pm", "month": "May", "crash_group": "Bicyclist Failed to Yield - Midblock", "crash_type": "Bicyclist Ride Out - Other Midblock"}}, {"type": "Feature", "geometry": {"type": "Point", "coordinates": [-119.758, 39.4283]}, "properties": {"year": 2023, "state": "Nevada", "age_band": "25-44", "sex": "Male", "lighting": "Daylight", "hour": "10:00am-10:59am", "month": "June", "crash_group": "Motorist Failed to Yield - Sign-Controlled Intersection", "crash_type": "Motorist Drive Out - Sign-Controlled Intersection"}}, {"type": "Feature", "geometry": {"type": "Point", "coordinates": [-115.0292, 36.1341]}, "properties": {"year": 2023, "state": "Nevada", "age_band": "13-17 (teen)", "sex": "Male", "lighting": "Dark - Lighted", "hour": "9:00pm-9:59pm", "month": "July", "crash_group": "Wrong-Way / Wrong-Side", "crash_type": "Wrong-Way / Wrong-Side - Bicyclist"}}, {"type": "Feature", "geometry": {"type": "Point", "coordinates": [-119.7796, 39.5353]}, "properties": {"year": 2023, "state": "Nevada", "age_band": "65+", "sex": "Male", "lighting": "Daylight", "hour": "5:00pm-5:59pm", "month": "April", "crash_group": "Motorist Left Turn / Merge", "crash_type": "Motorist Left Turn- Opposite Direction"}}, {"type": "Feature", "geometry": {"type": "Point", "coordinates": [-115.064, 36.1025]}, "properties": {"year": 2023, "state": "Nevada", "age_band": "25-44", "sex": "Male", "lighting": "Dark - Lighted", "hour": "8:00pm-8:59pm", "month": "September", "crash_group": "Loss of Control / Turning Error", "crash_type": "Motorist Lost Control - Oversteering, Improper Braking, Speed"}}, {"type": "Feature", "geometry": {"type": "Point", "coordinates": [-115.0331, 36.1959]}, "properties": {"year": 2023, "state": "Nevada", "age_band": "45-64", "sex": "Male", "lighting": "Dark - Lighted", "hour": "9:00pm-9:59pm", "month": "September", "crash_group": "Bicyclist Failed to Yield - Midblock", "crash_type": "Bicyclist Ride Out - Other Midblock"}}, {"type": "Feature", "geometry": {"type": "Point", "coordinates": [-119.7212, 39.392]}, "properties": {"year": 2023, "state": "Nevada", "age_band": "25-44", "sex": "Male", "lighting": "Daylight", "hour": "8:00am-8:59am", "month": "July", "crash_group": "Motorist Failed to Yield - Sign-Controlled Intersection", "crash_type": "Motorist Drive Through - Sign-Controlled Intersection"}}, {"type": "Feature", "geometry": {"type": "Point", "coordinates": [-115.0933, 36.2252]}, "properties": {"year": 2023, "state": "Nevada", "age_band": "45-64", "sex": "Male", "lighting": "Dark - Lighted", "hour": "10:00pm-10:59pm", "month": "October", "crash_group": "Motorist Overtaking Bicyclist", "crash_type": "Motorist Overtaking - Misjudged Space"}}, {"type": "Feature", "geometry": {"type": "Point", "coordinates": [-114.9266, 36.1164]}, "properties": {"year": 2023, "state": "Nevada", "age_band": "25-44", "sex": "Male", "lighting": "Daylight", "hour": "6:00am-6:59am", "month": "October", "crash_group": "Bicyclist Overtaking Motor Vehicle", "crash_type": "Bicyclist Overtaking - Passing on Right"}}, {"type": "Feature", "geometry": {"type": "Point", "coordinates": [-115.0641, 36.1001]}, "properties": {"year": 2023, "state": "Nevada", "age_band": "25-44", "sex": "Male", "lighting": "Daylight", "hour": "2:00pm-2:59pm", "month": "November", "crash_group": "Motorist Failed to Yield - Signalized Intersection", "crash_type": "Motorist Drive Through - Signalized Intersection"}}, {"type": "Feature", "geometry": {"type": "Point", "coordinates": [-115.3139, 36.2184]}, "properties": {"year": 2023, "state": "Nevada", "age_band": "18-24", "sex": "Male", "lighting": "Daylight", "hour": "8:00pm-8:59pm", "month": "May", "crash_group": "Bicyclist Failed to Yield - Midblock", "crash_type": "Bicyclist Ride-Out - Commercial Driveway"}}, {"type": "Feature", "geometry": {"type": "Point", "coordinates": [-115.0473, 36.1554]}, "properties": {"year": 2023, "state": "Nevada", "age_band": "45-64", "sex": "Male", "lighting": "Dark - Lighted", "hour": "7:00pm-7:59pm", "month": "October", "crash_group": "Bicyclist Right Turn / Merge", "crash_type": "Bicyclist Right Turn - Same Direction"}}, {"type": "Feature", "geometry": {"type": "Point", "coordinates": [-71.6379, 43.4467]}, "properties": {"year": 2023, "state": "New Hampshire", "age_band": "45-64", "sex": "Male", "lighting": "Daylight", "hour": "4:00pm-4:59pm", "month": "July", "crash_group": "Bicyclist Left Turn / Merge", "crash_type": "Bicyclist Left Turn - Same Direction"}}, {"type": "Feature", "geometry": {"type": "Point", "coordinates": [-74.8512, 40.5126]}, "properties": {"year": 2023, "state": "New Jersey", "age_band": "45-64", "sex": "Male", "lighting": "Dark - Lighted", "hour": "6:00pm-6:59pm", "month": "January", "crash_group": "Bicyclist Failed to Yield - Sign-Controlled Intersection", "crash_type": "Bicyclist Ride Through - Sign-Controlled Intersection"}}, {"type": "Feature", "geometry": {"type": "Point", "coordinates": [-74.0315, 40.7782]}, "properties": {"year": 2023, "state": "New Jersey", "age_band": "25-44", "sex": "Male", "lighting": "Daylight", "hour": "1:00pm-1:59pm", "month": "March", "crash_group": "Bicyclist Failed to Yield - Signalized Intersection", "crash_type": "Bicyclist Ride Through - Signalized Intersection"}}, {"type": "Feature", "geometry": {"type": "Point", "coordinates": [-74.9888, 39.6853]}, "properties": {"year": 2023, "state": "New Jersey", "age_band": "13-17 (teen)", "sex": "Female", "lighting": "Daylight", "hour": "7:00pm-7:59pm", "month": "July", "crash_group": "Bicyclist Failed to Yield - Midblock", "crash_type": "Bicyclist Ride-Out - Commercial Driveway"}}, {"type": "Feature", "geometry": {"type": "Point", "coordinates": [-74.2049, 40.6656]}, "properties": {"year": 2023, "state": "New Jersey", "age_band": "25-44", "sex": "Male", "lighting": "Dark - Not Lighted", "hour": "10:00pm-10:59pm", "month": "June", "crash_group": "Bicyclist Failed to Yield - Signalized Intersection", "crash_type": "Bicyclist Ride Through - Signalized Intersection"}}, {"type": "Feature", "geometry": {"type": "Point", "coordinates": [-74.7795, 40.2339]}, "properties": {"year": 2023, "state": "New Jersey", "age_band": "65+", "sex": "Male", "lighting": "Daylight", "hour": "12:00pm-12:59pm", "month": "July", "crash_group": "Motorist Overtaking Bicyclist", "crash_type": "Motorist Overtaking - Bicyclist Swerved"}}, {"type": "Feature", "geometry": {"type": "Point", "coordinates": [-74.0436, 40.2272]}, "properties": {"year": 2023, "state": "New Jersey", "age_band": "45-64", "sex": "Male", "lighting": "Dark - Lighted", "hour": "9:00pm-9:59pm", "month": "January", "crash_group": "Bicyclist Failed to Yield - Signalized Intersection", "crash_type": "Bicyclist Ride Through - Signalized Intersection"}}, {"type": "Feature", "geometry": {"type": "Point", "coordinates": [-74.451, 39.3548]}, "properties": {"year": 2023, "state": "New Jersey", "age_band": "45-64", "sex": "Male", "lighting": "Daylight", "hour": "9:00am-9:59am", "month": "July", "crash_group": "Motorist Failed to Yield - Signalized Intersection", "crash_type": "Motorist Drive Through - Signalized Intersection"}}, {"type": "Feature", "geometry": {"type": "Point", "coordinates": [-74.1607, 40.7458]}, "properties": {"year": 2023, "state": "New Jersey", "age_band": "65+", "sex": "Male", "lighting": "Daylight", "hour": "9:00am-9:59am", "month": "August", "crash_group": "Motorist Right Turn / Merge", "crash_type": "Motorist right Turn - Opposite Direction"}}, {"type": "Feature", "geometry": {"type": "Point", "coordinates": [-74.8048, 39.9822]}, "properties": {"year": 2023, "state": "New Jersey", "age_band": "25-44", "sex": "Male", "lighting": "Daylight", "hour": "6:00pm-6:59pm", "month": "August", "crash_group": "Motorist Failed to Yield - Signalized Intersection", "crash_type": "Motorist Drive Through - Signalized Intersection"}}, {"type": "Feature", "geometry": {"type": "Point", "coordinates": [-74.8393, 40.0844]}, "properties": {"year": 2023, "state": "New Jersey", "age_band": "25-44", "sex": "Male", "lighting": "Daylight", "hour": "7:00am-7:59am", "month": "September", "crash_group": "Motorist Right Turn / Merge", "crash_type": "Motorist right Turn - Opposite Direction"}}, {"type": "Feature", "geometry": {"type": "Point", "coordinates": [-74.1569, 39.9531]}, "properties": {"year": 2023, "state": "New Jersey", "age_band": "25-44", "sex": "Male", "lighting": "Daylight", "hour": "8:00am-8:59am", "month": "September", "crash_group": "Bicyclist Left Turn / Merge", "crash_type": "Bicyclist Left Turn - Same Direction"}}, {"type": "Feature", "geometry": {"type": "Point", "coordinates": [-75.1027, 39.9194]}, "properties": {"year": 2023, "state": "New Jersey", "age_band": "0-12 (child)", "sex": "Female", "lighting": "Dusk", "hour": "7:00pm-7:59pm", "month": "September", "crash_group": "Parallel Paths - Other Circumstances", "crash_type": "Parallel Paths - Other / Unknown"}}, {"type": "Feature", "geometry": {"type": "Point", "coordinates": [-75.1027, 39.9194]}, "properties": {"year": 2023, "state": "New Jersey", "age_band": "13-17 (teen)", "sex": "Female", "lighting": "Dusk", "hour": "7:00pm-7:59pm", "month": "September", "crash_group": "Parallel Paths - Other Circumstances", "crash_type": "Parallel Paths - Other / Unknown"}}, {"type": "Feature", "geometry": {"type": "Point", "coordinates": [-75.0543, 39.9276]}, "properties": {"year": 2023, "state": "New Jersey", "age_band": "65+", "sex": "Male", "lighting": "Dark - Unknown Lighting", "hour": "9:00pm-9:59pm", "month": "October", "crash_group": "Parallel Paths - Other Circumstances", "crash_type": "Parallel Paths - Other / Unknown"}}, {"type": "Feature", "geometry": {"type": "Point", "coordinates": [-74.9502, 39.8033]}, "properties": {"year": 2023, "state": "New Jersey", "age_band": "25-44", "sex": "Male", "lighting": "Dark - Lighted", "hour": "4:00am-4:59am", "month": "November", "crash_group": "Bicyclist Failed to Yield - Signalized Intersection", "crash_type": "Bicyclist Ride Through - Signalized Intersection"}}, {"type": "Feature", "geometry": {"type": "Point", "coordinates": [-74.458, 39.3552]}, "properties": {"year": 2023, "state": "New Jersey", "age_band": "45-64", "sex": "Male", "lighting": "Dark - Unknown Lighting", "hour": "8:00pm-8:59pm", "month": "November", "crash_group": "Wrong-Way / Wrong-Side", "crash_type": "Wrong-Way / Wrong-Side - Bicyclist"}}, {"type": "Feature", "geometry": {"type": "Point", "coordinates": [-74.2308, 41.0067]}, "properties": {"year": 2023, "state": "New Jersey", "age_band": "45-64", "sex": "Male", "lighting": "Daylight", "hour": "11:00am-11:59am", "month": "August", "crash_group": "Backing Vehicle", "crash_type": "Backing Vehicle"}}, {"type": "Feature", "geometry": {"type": "Point", "coordinates": [-74.4623, 40.2084]}, "properties": {"year": 2023, "state": "New Jersey", "age_band": "45-64", "sex": "Female", "lighting": "Daylight", "hour": "8:00am-8:59am", "month": "September", "crash_group": "Motorist Overtaking Bicyclist", "crash_type": "Motorist Overtaking - Other/ Unknown"}}, {"type": "Feature", "geometry": {"type": "Point", "coordinates": [-74.4714, 40.5845]}, "properties": {"year": 2023, "state": "New Jersey", "age_band": "25-44", "sex": "Male", "lighting": "Daylight", "hour": "6:00am-6:59am", "month": "July", "crash_group": "Parallel Paths - Other Circumstances", "crash_type": "Parallel Paths - Other / Unknown"}}, {"type": "Feature", "geometry": {"type": "Point", "coordinates": [-74.0875, 40.3731]}, "properties": {"year": 2023, "state": "New Jersey", "age_band": "25-44", "sex": "Female", "lighting": "Dark - Unknown Lighting", "hour": "9:00pm-9:59pm", "month": "July", "crash_group": "Bicyclist Failed to Yield - Signalized Intersection", "crash_type": "Bicyclist Ride Through - Signalized Intersection"}}, {"type": "Feature", "geometry": {"type": "Point", "coordinates": [-74.3751, 40.448]}, "properties": {"year": 2023, "state": "New Jersey", "age_band": "13-17 (teen)", "sex": "Male", "lighting": "Daylight", "hour": "4:00pm-4:59pm", "month": "July", "crash_group": "Motorist Overtaking Bicyclist", "crash_type": "Motorist Overtaking - Bicyclist Swerved"}}, {"type": "Feature", "geometry": {"type": "Point", "coordinates": [-74.0392, 40.733]}, "properties": {"year": 2023, "state": "New Jersey", "age_band": "25-44", "sex": "Male", "lighting": "Daylight", "hour": "3:00pm-3:59pm", "month": "November", "crash_group": "Motorist Left Turn / Merge", "crash_type": "Motorist Left Turn- Opposite Direction"}}, {"type": "Feature", "geometry": {"type": "Point", "coordinates": [-74.9625, 39.8776]}, "properties": {"year": 2023, "state": "New Jersey", "age_band": "25-44", "sex": "Female", "lighting": "Daylight", "hour": "12:00pm-12:59pm", "month": "October", "crash_group": "Loss of Control / Turning Error", "crash_type": "Bicyclist Lost Control - Other / Unknown"}}, {"type": "Feature", "geometry": {"type": "Point", "coordinates": [-74.1685, 40.7408]}, "properties": {"year": 2023, "state": "New Jersey", "age_band": "45-64", "sex": "Female", "lighting": "Daylight", "hour": "9:00am-9:59am", "month": "June", "crash_group": "Bicyclist Failed to Yield - Signalized Intersection", "crash_type": "Bicyclist Ride Through - Signalized Intersection"}}, {"type": "Feature", "geometry": {"type": "Point", "coordinates": [-74.2806, 40.7143]}, "properties": {"year": 2023, "state": "New Jersey", "age_band": "25-44", "sex": "Male", "lighting": "Dark - Lighted", "hour": "6:00am-6:59am", "month": "September", "crash_group": "Parallel Paths - Other Circumstances", "crash_type": "Parallel Paths - Other / Unknown"}}, {"type": "Feature", "geometry": {"type": "Point", "coordinates": [-74.2231, 40.189]}, "properties": {"year": 2023, "state": "New Jersey", "age_band": "45-64", "sex": "Male", "lighting": "Daylight", "hour": "12:00pm-12:59pm", "month": "October", "crash_group": "Bicyclist Failed to Yield - Sign-Controlled Intersection", "crash_type": "Bicyclist Ride Out - Sign-Controlled Intersection"}}, {"type": "Feature", "geometry": {"type": "Point", "coordinates": [-74.2037, 40.7583]}, "properties": {"year": 2023, "state": "New Jersey", "age_band": "25-44", "sex": "Female", "lighting": "Dark - Unknown Lighting", "hour": "3:00am-3:59am", "month": "December", "crash_group": "Bicyclist Failed to Yield - Signalized Intersection", "crash_type": "Bicyclist Ride Through - Signalized Intersection"}}, {"type": "Feature", "geometry": {"type": "Point", "coordinates": [-74.1422, 40.912]}, "properties": {"year": 2023, "state": "New Jersey", "age_band": "13-17 (teen)", "sex": "Female", "lighting": "Dark - Lighted", "hour": "2:00am-2:59am", "month": "September", "crash_group": "Parallel Paths - Other Circumstances", "crash_type": "Motorist Turn / Merge - Other / Unknown"}}, {"type": "Feature", "geometry": {"type": "Point", "coordinates": [-74.1422, 40.912]}, "properties": {"year": 2023, "state": "New Jersey", "age_band": "Unknown", "sex": "Male", "lighting": "Dark - Lighted", "hour": "2:00am-2:59am", "month": "September", "crash_group": "Parallel Paths - Other Circumstances", "crash_type": "Motorist Turn / Merge - Other / Unknown"}}, {"type": "Feature", "geometry": {"type": "Point", "coordinates": [-104.2422, 32.4286]}, "properties": {"year": 2023, "state": "New Mexico", "age_band": "45-64", "sex": "Male", "lighting": "Dark - Lighted", "hour": "9:00pm-9:59pm", "month": "May", "crash_group": "Motorist Overtaking Bicyclist", "crash_type": "Motorist Overtaking - Misjudged Space"}}, {"type": "Feature", "geometry": {"type": "Point", "coordinates": [-106.6212, 35.0586]}, "properties": {"year": 2023, "state": "New Mexico", "age_band": "65+", "sex": "Male", "lighting": "Dark - Lighted", "hour": "0:00am-0:59am", "month": "June", "crash_group": "Motorist Overtaking Bicyclist", "crash_type": "Motorist Overtaking - Other/ Unknown"}}, {"type": "Feature", "geometry": {"type": "Point", "coordinates": [-106.7866, 32.3109]}, "properties": {"year": 2023, "state": "New Mexico", "age_band": "65+", "sex": "Male", "lighting": "Daylight", "hour": "12:00pm-12:59pm", "month": "July", "crash_group": "Wrong-Way / Wrong-Side", "crash_type": "Wrong-Way / Wrong-Side - Motorist"}}, {"type": "Feature", "geometry": {"type": "Point", "coordinates": [-106.559, 36.7583]}, "properties": {"year": 2023, "state": "New Mexico", "age_band": "25-44", "sex": "Female", "lighting": "Daylight", "hour": "6:00pm-6:59pm", "month": "July", "crash_group": "Bicyclist Left Turn / Merge", "crash_type": "Bicyclist Left Turn - Same Direction"}}, {"type": "Feature", "geometry": {"type": "Point", "coordinates": [-106.5686, 35.0836]}, "properties": {"year": 2023, "state": "New Mexico", "age_band": "25-44", "sex": "Male", "lighting": "Daylight", "hour": "3:00pm-3:59pm", "month": "August", "crash_group": "Loss of Control / Turning Error", "crash_type": "Bicyclist Turning Error - Right turn"}}, {"type": "Feature", "geometry": {"type": "Point", "coordinates": [-106.6033, 32.033]}, "properties": {"year": 2023, "state": "New Mexico", "age_band": "45-64", "sex": "Male", "lighting": "Dark - Not Lighted", "hour": "10:00pm-10:59pm", "month": "September", "crash_group": "Motorist Overtaking Bicyclist", "crash_type": "Motorist Overtaking - Other/ Unknown"}}, {"type": "Feature", "geometry": {"type": "Point", "coordinates": [-103.2143, 34.3684]}, "properties": {"year": 2023, "state": "New Mexico", "age_band": "45-64", "sex": "Female", "lighting": "Dusk", "hour": "5:00pm-5:59pm", "month": "November", "crash_group": "Motorist Overtaking Bicyclist", "crash_type": "Motorist Overtaking - Misjudged Space"}}, {"type": "Feature", "geometry": {"type": "Point", "coordinates": [-105.2119, 35.6038]}, "properties": {"year": 2023, "state": "New Mexico", "age_band": "25-44", "sex": "Male", "lighting": "Dusk", "hour": "5:00pm-5:59pm", "month": "December", "crash_group": "Crossing Paths - Other Circumstances", "crash_type": "Crossing Paths - Midblock - Other / Unknown"}}, {"type": "Feature", "geometry": {"type": "Point", "coordinates": [-106.7638, 32.299]}, "properties": {"year": 2023, "state": "New Mexico", "age_band": "25-44", "sex": "Male", "lighting": "Dark - Not Lighted", "hour": "10:00pm-10:59pm", "month": "June", "crash_group": "Motorist Overtaking Bicyclist", "crash_type": "Motorist Overtaking - Other/ Unknown"}}, {"type": "Feature", "geometry": {"type": "Point", "coordinates": [-106.7651, 32.3088]}, "properties": {"year": 2023, "state": "New Mexico", "age_band": "45-64", "sex": "Male", "lighting": "Daylight", "hour": "6:00am-6:59am", "month": "June", "crash_group": "Bicyclist Failed to Yield - Signalized Intersection", "crash_type": "Bicyclist Ride Through - Signalized Intersection"}}, {"type": "Feature", "geometry": {"type": "Point", "coordinates": [-106.657, 35.1164]}, "properties": {"year": 2023, "state": "New Mexico", "age_band": "25-44", "sex": "Female", "lighting": "Dark - Not Lighted", "hour": "0:00am-0:59am", "month": "July", "crash_group": "Motorist Overtaking Bicyclist", "crash_type": "Motorist Overtaking - Other/ Unknown"}}, {"type": "Feature", "geometry": {"type": "Point", "coordinates": [-107.4867, 35.0517]}, "properties": {"year": 2023, "state": "New Mexico", "age_band": "65+", "sex": "Male", "lighting": "Dusk", "hour": "6:00pm-6:59pm", "month": "October", "crash_group": "Bicyclist Failed to Yield - Midblock", "crash_type": "Bicyclist Ride Out - Other Midblock"}}, {"type": "Feature", "geometry": {"type": "Point", "coordinates": [-73.9165, 40.773]}, "properties": {"year": 2023, "state": "New York", "age_band": "45-64", "sex": "Female", "lighting": "Dark - Lighted", "hour": "5:00pm-5:59pm", "month": "January", "crash_group": "Motorist Right Turn / Merge", "crash_type": "Motorist Right Turn - Same Direction"}}, {"type": "Feature", "geometry": {"type": "Point", "coordinates": [-73.9935, 40.6726]}, "properties": {"year": 2023, "state": "New York", "age_band": "25-44", "sex": "Female", "lighting": "Daylight", "hour": "7:00am-7:59am", "month": "January", "crash_group": "Motorist Overtaking Bicyclist", "crash_type": "Motorist Overtaking - Bicyclist Swerved"}}, {"type": "Feature", "geometry": {"type": "Point", "coordinates": [-79.1066, 42.5791]}, "properties": {"year": 2023, "state": "New York", "age_band": "45-64", "sex": "Male", "lighting": "Dark - Not Lighted", "hour": "6:00pm-6:59pm", "month": "January", "crash_group": "Loss of Control / Turning Error", "crash_type": "Bicyclist Lost Control - Other / Unknown"}}, {"type": "Feature", "geometry": {"type": "Point", "coordinates": [-74.1601, 40.5477]}, "properties": {"year": 2023, "state": "New York", "age_band": "45-64", "sex": "Male", "lighting": "Daylight", "hour": "10:00am-10:59am", "month": "February", "crash_group": "Motorist Overtaking Bicyclist", "crash_type": "Motorist Overtaking - Other/ Unknown"}}, {"type": "Feature", "geometry": {"type": "Point", "coordinates": [-73.9324, 40.7078]}, "properties": {"year": 2023, "state": "New York", "age_band": "45-64", "sex": "Male", "lighting": "Dark - Lighted", "hour": "11:00pm-11:59pm", "month": "March", "crash_group": "Motorist Right Turn / Merge", "crash_type": "Motorist Right Turn - Same Direction"}}, {"type": "Feature", "geometry": {"type": "Point", "coordinates": [-73.8491, 40.8471]}, "properties": {"year": 2023, "state": "New York", "age_band": "45-64", "sex": "Male", "lighting": "Dark - Lighted", "hour": "11:00pm-11:59pm", "month": "April", "crash_group": "Motorist Failed to Yield - Signalized Intersection", "crash_type": "Motorist Drive Through - Signalized Intersection"}}, {"type": "Feature", "geometry": {"type": "Point", "coordinates": [-73.9145, 40.7825]}, "properties": {"year": 2023, "state": "New York", "age_band": "13-17 (teen)", "sex": "Male", "lighting": "Dark - Lighted", "hour": "9:00pm-9:59pm", "month": "April", "crash_group": "Wrong-Way / Wrong-Side", "crash_type": "Wrong-Way / Wrong-Side - Bicyclist"}}, {"type": "Feature", "geometry": {"type": "Point", "coordinates": [-73.9373, 40.7489]}, "properties": {"year": 2023, "state": "New York", "age_band": "25-44", "sex": "Male", "lighting": "Daylight", "hour": "5:00pm-5:59pm", "month": "April", "crash_group": "Bicyclist Failed to Yield - Signalized Intersection", "crash_type": "Bicyclist Ride Through - Signalized Intersection"}}, {"type": "Feature", "geometry": {"type": "Point", "coordinates": [-73.9569, 40.687]}, "properties": {"year": 2023, "state": "New York", "age_band": "25-44", "sex": "Male", "lighting": "Daylight", "hour": "11:00am-11:59am", "month": "May", "crash_group": "Motorist Right Turn / Merge", "crash_type": "Motorist Right Turn - Same Direction"}}, {"type": "Feature", "geometry": {"type": "Point", "coordinates": [-73.984, 40.7376]}, "properties": {"year": 2023, "state": "New York", "age_band": "18-24", "sex": "Male", "lighting": "Dusk", "hour": "7:00pm-7:59pm", "month": "June", "crash_group": "Bicyclist Failed to Yield - Signalized Intersection", "crash_type": "Bicyclist Ride Through - Signalized Intersection"}}, {"type": "Feature", "geometry": {"type": "Point", "coordinates": [-73.984, 40.7376]}, "properties": {"year": 2023, "state": "New York", "age_band": "18-24", "sex": "Male", "lighting": "Dusk", "hour": "7:00pm-7:59pm", "month": "June", "crash_group": "Other / Unknown - Insufficient Details", "crash_type": "Unknown Approach Paths"}}, {"type": "Feature", "geometry": {"type": "Point", "coordinates": [-73.9771, 40.63]}, "properties": {"year": 2023, "state": "New York", "age_band": "45-64", "sex": "Male", "lighting": "Dark - Unknown Lighting", "hour": "10:00pm-10:59pm", "month": "April", "crash_group": "Bicyclist Overtaking Motor Vehicle", "crash_type": "Bicyclist Overtaking - Other / Unknown"}}, {"type": "Feature", "geometry": {"type": "Point", "coordinates": [-73.9812, 40.7332]}, "properties": {"year": 2023, "state": "New York", "age_band": "18-24", "sex": "Male", "lighting": "Daylight", "hour": "12:00pm-12:59pm", "month": "June", "crash_group": "Parallel Paths - Other Circumstances", "crash_type": "Parallel Paths - Other / Unknown"}}, {"type": "Feature", "geometry": {"type": "Point", "coordinates": [-73.9422, 40.7233]}, "properties": {"year": 2023, "state": "New York", "age_band": "65+", "sex": "Male", "lighting": "Daylight", "hour": "4:00pm-4:59pm", "month": "May", "crash_group": "Bicyclist Failed to Yield - Sign-Controlled Intersection", "crash_type": "Bicyclist Ride Through - Sign-Controlled Intersection"}}, {"type": "Feature", "geometry": {"type": "Point", "coordinates": [-73.9432, 40.6074]}, "properties": {"year": 2023, "state": "New York", "age_band": "25-44", "sex": "Male", "lighting": "Dark - Lighted", "hour": "9:00pm-9:59pm", "month": "May", "crash_group": "Bicyclist Failed to Yield - Signalized Intersection", "crash_type": "Bicyclist Ride Through - Signalized Intersection"}}, {"type": "Feature", "geometry": {"type": "Point", "coordinates": [-76.474, 43.473]}, "properties": {"year": 2023, "state": "New York", "age_band": "25-44", "sex": "Male", "lighting": "Dark - Not Lighted", "hour": "11:00pm-11:59pm", "month": "June", "crash_group": "Motorist Overtaking Bicyclist", "crash_type": "Motorist Overtaking - Undetected Bicyclist or Detected - Too Late to Avoid"}}, {"type": "Feature", "geometry": {"type": "Point", "coordinates": [-77.7505, 42.6448]}, "properties": {"year": 2023, "state": "New York", "age_band": "65+", "sex": "Female", "lighting": "Daylight", "hour": "7:00am-7:59am", "month": "June", "crash_group": "Parallel Paths - Other Circumstances", "crash_type": "Parallel Paths - Other / Unknown"}}, {"type": "Feature", "geometry": {"type": "Point", "coordinates": [-77.6092, 43.0874]}, "properties": {"year": 2023, "state": "New York", "age_band": "18-24", "sex": "Male", "lighting": "Dark - Not Lighted", "hour": "2:00am-2:59am", "month": "July", "crash_group": "Bicyclist Failed to Yield - Signalized Intersection", "crash_type": "Bicyclist Ride Through - Signalized Intersection"}}, {"type": "Feature", "geometry": {"type": "Point", "coordinates": [-73.9177, 40.8104]}, "properties": {"year": 2023, "state": "New York", "age_band": "45-64", "sex": "Male", "lighting": "Dark - Lighted", "hour": "9:00pm-9:59pm", "month": "March", "crash_group": "Bicyclist Failed to Yield - Signalized Intersection", "crash_type": "Bicyclist Ride Through - Signalized Intersection"}}, {"type": "Feature", "geometry": {"type": "Point", "coordinates": [-77.6126, 43.1779]}, "properties": {"year": 2023, "state": "New York", "age_band": "45-64", "sex": "Male", "lighting": "Daylight", "hour": "6:00pm-6:59pm", "month": "July", "crash_group": "Parallel Paths - Other Circumstances", "crash_type": "Parallel Paths - Other / Unknown"}}, {"type": "Feature", "geometry": {"type": "Point", "coordinates": [-73.8023, 40.7141]}, "properties": {"year": 2023, "state": "New York", "age_band": "18-24", "sex": "Male", "lighting": "Daylight", "hour": "5:00pm-5:59pm", "month": "July", "crash_group": "Parallel Paths - Other Circumstances", "crash_type": "Parallel Paths - Other / Unknown"}}, {"type": "Feature", "geometry": {"type": "Point", "coordinates": [-77.0621, 42.6475]}, "properties": {"year": 2023, "state": "New York", "age_band": "65+", "sex": "Male", "lighting": "Daylight", "hour": "2:00pm-2:59pm", "month": "July", "crash_group": "Motorist Left Turn / Merge", "crash_type": "Motorist Left Turn- Opposite Direction"}}, {"type": "Feature", "geometry": {"type": "Point", "coordinates": [-73.5301, 40.7776]}, "properties": {"year": 2023, "state": "New York", "age_band": "65+", "sex": "Male", "lighting": "Daylight", "hour": "12:00pm-12:59pm", "month": "August", "crash_group": "Loss of Control / Turning Error", "crash_type": "Motorist Turning Error - Right turn"}}, {"type": "Feature", "geometry": {"type": "Point", "coordinates": [-73.8917, 40.8159]}, "properties": {"year": 2023, "state": "New York", "age_band": "25-44", "sex": "Male", "lighting": "Dark - Lighted", "hour": "5:00am-5:59am", "month": "August", "crash_group": "Motorist Right Turn / Merge", "crash_type": "Motorist Right Turn - Same Direction"}}, {"type": "Feature", "geometry": {"type": "Point", "coordinates": [-73.0807, 40.8994]}, "properties": {"year": 2023, "state": "New York", "age_band": "13-17 (teen)", "sex": "Male", "lighting": "Dark - Lighted", "hour": "6:00pm-6:59pm", "month": "March", "crash_group": "Crossing Paths - Other Circumstances", "crash_type": "Crossing Paths - Intersection - Other / Unknown Control"}}, {"type": "Feature", "geometry": {"type": "Point", "coordinates": [-73.904, 40.6793]}, "properties": {"year": 2023, "state": "New York", "age_band": "45-64", "sex": "Male", "lighting": "Dark - Lighted", "hour": "11:00pm-11:59pm", "month": "June", "crash_group": "Loss of Control / Turning Error", "crash_type": "Motorist Turning Error - Left turn"}}, {"type": "Feature", "geometry": {"type": "Point", "coordinates": [-74.4082, 43.0015]}, "properties": {"year": 2023, "state": "New York", "age_band": "65+", "sex": "Male", "lighting": "Daylight", "hour": "9:00am-9:59am", "month": "June", "crash_group": "Bicyclist Failed to Yield - Sign-Controlled Intersection", "crash_type": "Bicyclist Ride Through - Sign-Controlled Intersection"}}, {"type": "Feature", "geometry": {"type": "Point", "coordinates": [-77.4763, 43.2304]}, "properties": {"year": 2023, "state": "New York", "age_band": "45-64", "sex": "Female", "lighting": "Daylight", "hour": "6:00pm-6:59pm", "month": "August", "crash_group": "Motorist Overtaking Bicyclist", "crash_type": "Motorist Overtaking - Other/ Unknown"}}, {"type": "Feature", "geometry": {"type": "Point", "coordinates": [-73.9339, 40.6689]}, "properties": {"year": 2023, "state": "New York", "age_band": "25-44", "sex": "Male", "lighting": "Dark - Lighted", "hour": "8:00pm-8:59pm", "month": "September", "crash_group": "Motorist Left Turn / Merge", "crash_type": "Motorist Left Turn- Opposite Direction"}}, {"type": "Feature", "geometry": {"type": "Point", "coordinates": [-79.0277, 42.6694]}, "properties": {"year": 2023, "state": "New York", "age_band": "65+", "sex": "Male", "lighting": "Daylight", "hour": "4:00pm-4:59pm", "month": "September", "crash_group": "Bicyclist Left Turn / Merge", "crash_type": "Bicyclist Left Turn - Same Direction"}}, {"type": "Feature", "geometry": {"type": "Point", "coordinates": [-74.0063, 40.6527]}, "properties": {"year": 2023, "state": "New York", "age_band": "18-24", "sex": "Male", "lighting": "Dark - Lighted", "hour": "2:00am-2:59am", "month": "September", "crash_group": "Motorist Right Turn / Merge", "crash_type": "Motorist Right Turn - Same Direction"}}, {"type": "Feature", "geometry": {"type": "Point", "coordinates": [-78.882, 43.0003]}, "properties": {"year": 2023, "state": "New York", "age_band": "45-64", "sex": "Male", "lighting": "Dark - Lighted", "hour": "0:00am-0:59am", "month": "September", "crash_group": "Bicyclist Failed to Yield - Midblock", "crash_type": "Bicyclist Ride-Out - Commercial Driveway"}}, {"type": "Feature", "geometry": {"type": "Point", "coordinates": [-73.992, 40.6423]}, "properties": {"year": 2023, "state": "New York", "age_band": "25-44", "sex": "Male", "lighting": "Daylight", "hour": "3:00pm-3:59pm", "month": "September", "crash_group": "Motorist Right Turn / Merge", "crash_type": "Motorist Right Turn - Same Direction"}}, {"type": "Feature", "geometry": {"type": "Point", "coordinates": [-78.8204, 42.9146]}, "properties": {"year": 2023, "state": "New York", "age_band": "45-64", "sex": "Male", "lighting": "Dark - Lighted", "hour": "9:00pm-9:59pm", "month": "June", "crash_group": "Crossing Paths - Other Circumstances", "crash_type": "Sign-Controlled Intersection - Other / Unknown"}}, {"type": "Feature", "geometry": {"type": "Point", "coordinates": [-73.8412, 40.6725]}, "properties": {"year": 2023, "state": "New York", "age_band": "45-64", "sex": "Male", "lighting": "Dark - Lighted", "hour": "8:00pm-8:59pm", "month": "September", "crash_group": "Motorist Failed to Yield - Sign-Controlled Intersection", "crash_type": "Motorist Drive Through - Sign-Controlled Intersection"}}, {"type": "Feature", "geometry": {"type": "Point", "coordinates": [-73.11, 40.7792]}, "properties": {"year": 2023, "state": "New York", "age_band": "45-64", "sex": "Female", "lighting": "Daylight", "hour": "2:00pm-2:59pm", "month": "July", "crash_group": "Bicyclist Left Turn / Merge", "crash_type": "Bicyclist Left Turn - Same Direction"}}, {"type": "Feature", "geometry": {"type": "Point", "coordinates": [-73.9529, 40.6553]}, "properties": {"year": 2023, "state": "New York", "age_band": "45-64", "sex": "Male", "lighting": "Daylight", "hour": "10:00am-10:59am", "month": "October", "crash_group": "Motorist Right Turn / Merge", "crash_type": "Motorist Right Turn - Same Direction"}}, {"type": "Feature", "geometry": {"type": "Point", "coordinates": [-73.4583, 40.7199]}, "properties": {"year": 2023, "state": "New York", "age_band": "25-44", "sex": "Male", "lighting": "Daylight", "hour": "3:00pm-3:59pm", "month": "October", "crash_group": "Crossing Paths - Other Circumstances", "crash_type": "Crossing Paths - Intersection - Other / Unknown Control"}}, {"type": "Feature", "geometry": {"type": "Point", "coordinates": [-73.7123, 42.6998]}, "properties": {"year": 2023, "state": "New York", "age_band": "45-64", "sex": "Male", "lighting": "Daylight", "hour": "2:00pm-2:59pm", "month": "October", "crash_group": "Bicyclist Right Turn / Merge", "crash_type": "Bicyclist Right Turn - Same Direction"}}, {"type": "Feature", "geometry": {"type": "Point", "coordinates": [-72.5305, 40.9926]}, "properties": {"year": 2023, "state": "New York", "age_band": "65+", "sex": "Male", "lighting": "Daylight", "hour": "4:00pm-4:59pm", "month": "August", "crash_group": "Crossing Paths - Other Circumstances", "crash_type": "Crossing Paths - Midblock - Other / Unknown"}}, {"type": "Feature", "geometry": {"type": "Point", "coordinates": [-77.553, 43.1333]}, "properties": {"year": 2023, "state": "New York", "age_band": "25-44", "sex": "Male", "lighting": "Dark - Lighted", "hour": "8:00pm-8:59pm", "month": "October", "crash_group": "Motorist Overtaking Bicyclist", "crash_type": "Motorist Overtaking - Undetected Bicyclist or Detected - Too Late to Avoid"}}, {"type": "Feature", "geometry": {"type": "Point", "coordinates": [-73.6959, 41.5194]}, "properties": {"year": 2023, "state": "New York", "age_band": "45-64", "sex": "Male", "lighting": "Daylight", "hour": "3:00pm-3:59pm", "month": "November", "crash_group": "Motorist Left Turn / Merge", "crash_type": "Motorist Left Turn- Opposite Direction"}}, {"type": "Feature", "geometry": {"type": "Point", "coordinates": [-73.8817, 42.7604]}, "properties": {"year": 2023, "state": "New York", "age_band": "45-64", "sex": "Male", "lighting": "Daylight", "hour": "11:00am-11:59am", "month": "November", "crash_group": "Motorist Overtaking Bicyclist", "crash_type": "Motorist Overtaking - Misjudged Space"}}, {"type": "Feature", "geometry": {"type": "Point", "coordinates": [-72.8656, 40.7798]}, "properties": {"year": 2023, "state": "New York", "age_band": "13-17 (teen)", "sex": "Male", "lighting": "Dark - Lighted", "hour": "7:00pm-7:59pm", "month": "September", "crash_group": "Bicyclist Failed to Yield - Signalized Intersection", "crash_type": "Bicyclist Ride Through - Signalized Intersection"}}, {"type": "Feature", "geometry": {"type": "Point", "coordinates": [-73.1924, 40.7926]}, "properties": {"year": 2023, "state": "New York", "age_band": "65+", "sex": "Male", "lighting": "Daylight", "hour": "6:00am-6:59am", "month": "September", "crash_group": "Bicyclist Failed to Yield - Signalized Intersection", "crash_type": "Bicyclist Ride Through - Signalized Intersection"}}, {"type": "Feature", "geometry": {"type": "Point", "coordinates": [-73.8238, 40.7646]}, "properties": {"year": 2023, "state": "New York", "age_band": "65+", "sex": "Male", "lighting": "Dark - Lighted", "hour": "6:00am-6:59am", "month": "December", "crash_group": "Bicyclist Left Turn / Merge", "crash_type": "Bicyclist Left Turn - Opposite Direction"}}, {"type": "Feature", "geometry": {"type": "Point", "coordinates": [-73.3643, 40.7099]}, "properties": {"year": 2023, "state": "New York", "age_band": "45-64", "sex": "Male", "lighting": "Daylight", "hour": "4:00pm-4:59pm", "month": "November", "crash_group": "Bicyclist Failed to Yield - Midblock", "crash_type": "Bicyclist Ride Out - Other Midblock"}}, {"type": "Feature", "geometry": {"type": "Point", "coordinates": [-73.9846, 40.7427]}, "properties": {"year": 2023, "state": "New York", "age_band": "18-24", "sex": "Male", "lighting": "Daylight", "hour": "10:00am-10:59am", "month": "December", "crash_group": "Motorist Left Turn / Merge", "crash_type": "Motorist Left Turn- Opposite Direction"}}, {"type": "Feature", "geometry": {"type": "Point", "coordinates": [-76.1735, 43.0586]}, "properties": {"year": 2023, "state": "New York", "age_band": "25-44", "sex": "Male", "lighting": "Dark - Lighted", "hour": "0:00am-0:59am", "month": "December", "crash_group": "Motorist Left Turn / Merge", "crash_type": "Motorist Left Turn- Opposite Direction"}}, {"type": "Feature", "geometry": {"type": "Point", "coordinates": [-73.4824, 44.6971]}, "properties": {"year": 2023, "state": "New York", "age_band": "45-64", "sex": "Male", "lighting": "Dark - Lighted", "hour": "8:00pm-8:59pm", "month": "October", "crash_group": "Bicyclist Failed to Yield - Midblock", "crash_type": "Bicyclist Ride Out - Other Midblock"}}, {"type": "Feature", "geometry": {"type": "Point", "coordinates": [-76.2294, 42.9667]}, "properties": {"year": 2023, "state": "New York", "age_band": "45-64", "sex": "Male", "lighting": "Dark - Not Lighted", "hour": "7:00pm-7:59pm", "month": "December", "crash_group": "Motorist Overtaking Bicyclist", "crash_type": "Motorist Overtaking - Other/ Unknown"}}, {"type": "Feature", "geometry": {"type": "Point", "coordinates": [-82.5272, 35.5623]}, "properties": {"year": 2023, "state": "North Carolina", "age_band": "25-44", "sex": "Male", "lighting": "Dark - Lighted", "hour": "9:00pm-9:59pm", "month": "January", "crash_group": "Motorist Overtaking Bicyclist", "crash_type": "Motorist Overtaking - Undetected Bicyclist or Detected - Too Late to Avoid"}}, {"type": "Feature", "geometry": {"type": "Point", "coordinates": [-80.8106, 35.2216]}, "properties": {"year": 2023, "state": "North Carolina", "age_band": "25-44", "sex": "Female", "lighting": "Dusk", "hour": "5:00pm-5:59pm", "month": "January", "crash_group": "Bicyclist Failed to Yield - Sign-Controlled Intersection", "crash_type": "Bicyclist Ride Through - Sign-Controlled Intersection"}}, {"type": "Feature", "geometry": {"type": "Point", "coordinates": [-82.5575, 35.5924]}, "properties": {"year": 2023, "state": "North Carolina", "age_band": "25-44", "sex": "Not Reported", "lighting": "Daylight", "hour": "5:00pm-5:59pm", "month": "March", "crash_group": "Motorist Overtaking Bicyclist", "crash_type": "Motorist Overtaking - Other/ Unknown"}}, {"type": "Feature", "geometry": {"type": "Point", "coordinates": [-79.1928, 35.9981]}, "properties": {"year": 2023, "state": "North Carolina", "age_band": "45-64", "sex": "Male", "lighting": "Dawn", "hour": "7:00am-7:59am", "month": "March", "crash_group": "Motorist Overtaking Bicyclist", "crash_type": "Motorist Overtaking - Misjudged Space"}}, {"type": "Feature", "geometry": {"type": "Point", "coordinates": [-81.9847, 35.2098]}, "properties": {"year": 2023, "state": "North Carolina", "age_band": "25-44", "sex": "Female", "lighting": "Daylight", "hour": "9:00am-9:59am", "month": "March", "crash_group": "Motorist Overtaking Bicyclist", "crash_type": "Motorist Overtaking - Misjudged Space"}}, {"type": "Feature", "geometry": {"type": "Point", "coordinates": [-78.7305, 35.6196]}, "properties": {"year": 2023, "state": "North Carolina", "age_band": "65+", "sex": "Male", "lighting": "Daylight", "hour": "2:00pm-2:59pm", "month": "March", "crash_group": "Bicyclist Left Turn / Merge", "crash_type": "Bicyclist Left Turn - Same Direction"}}, {"type": "Feature", "geometry": {"type": "Point", "coordinates": [-79.9708, 35.966]}, "properties": {"year": 2023, "state": "North Carolina", "age_band": "45-64", "sex": "Male", "lighting": "Dark - Not Lighted", "hour": "8:00pm-8:59pm", "month": "April", "crash_group": "Motorist Overtaking Bicyclist", "crash_type": "Motorist Overtaking - Undetected Bicyclist or Detected - Too Late to Avoid"}}, {"type": "Feature", "geometry": {"type": "Point", "coordinates": [-80.6141, 35.5177]}, "properties": {"year": 2023, "state": "North Carolina", "age_band": "45-64", "sex": "Male", "lighting": "Dark - Lighted", "hour": "1:00am-1:59am", "month": "April", "crash_group": "Motorist Overtaking Bicyclist", "crash_type": "Motorist Overtaking - Other/ Unknown"}}, {"type": "Feature", "geometry": {"type": "Point", "coordinates": [-79.7485, 36.1246]}, "properties": {"year": 2023, "state": "North Carolina", "age_band": "25-44", "sex": "Male", "lighting": "Dark - Lighted", "hour": "9:00pm-9:59pm", "month": "May", "crash_group": "Bicyclist Failed to Yield - Midblock", "crash_type": "Bicyclist Ride Out - Midblock - Unknown"}}, {"type": "Feature", "geometry": {"type": "Point", "coordinates": [-78.2282, 35.4561]}, "properties": {"year": 2023, "state": "North Carolina", "age_band": "45-64", "sex": "Male", "lighting": "Dark - Not Lighted", "hour": "10:00pm-10:59pm", "month": "May", "crash_group": "Motorist Overtaking Bicyclist", "crash_type": "Motorist Overtaking - Undetected Bicyclist or Detected - Too Late to Avoid"}}, {"type": "Feature", "geometry": {"type": "Point", "coordinates": [-77.9074, 34.2176]}, "properties": {"year": 2023, "state": "North Carolina", "age_band": "65+", "sex": "Male", "lighting": "Daylight", "hour": "6:00pm-6:59pm", "month": "May", "crash_group": "Bicyclist Failed to Yield - Signalized Intersection", "crash_type": "Bicyclist Ride Out - Signalized Intersection"}}, {"type": "Feature", "geometry": {"type": "Point", "coordinates": [-79.648, 36.0622]}, "properties": {"year": 2023, "state": "North Carolina", "age_band": "45-64", "sex": "Male", "lighting": "Daylight", "hour": "8:00am-8:59am", "month": "June", "crash_group": "Motorist Overtaking Bicyclist", "crash_type": "Motorist Overtaking - Undetected Bicyclist or Detected - Too Late to Avoid"}}, {"type": "Feature", "geometry": {"type": "Point", "coordinates": [-77.2505, 35.8127]}, "properties": {"year": 2023, "state": "North Carolina", "age_band": "18-24", "sex": "Male", "lighting": "Daylight", "hour": "8:00am-8:59am", "month": "June", "crash_group": "Bicyclist Left Turn / Merge", "crash_type": "Bicyclist Left Turn - Same Direction"}}, {"type": "Feature", "geometry": {"type": "Point", "coordinates": [-79.216, 34.6204]}, "properties": {"year": 2023, "state": "North Carolina", "age_band": "25-44", "sex": "Female", "lighting": "Dark - Not Lighted", "hour": "9:00pm-9:59pm", "month": "June", "crash_group": "Motorist Overtaking Bicyclist", "crash_type": "Motorist Overtaking - Undetected Bicyclist or Detected - Too Late to Avoid"}}, {"type": "Feature", "geometry": {"type": "Point", "coordinates": [-78.8804, 35.723]}, "properties": {"year": 2023, "state": "North Carolina", "age_band": "0-12 (child)", "sex": "Male", "lighting": "Daylight", "hour": "1:00pm-1:59pm", "month": "May", "crash_group": "Loss of Control / Turning Error", "crash_type": "Bicyclist Turning Error - Left turn"}}, {"type": "Feature", "geometry": {"type": "Point", "coordinates": [-77.0375, 35.0975]}, "properties": {"year": 2023, "state": "North Carolina", "age_band": "13-17 (teen)", "sex": "Male", "lighting": "Dark - Not Lighted", "hour": "2:00am-2:59am", "month": "July", "crash_group": "Bicyclist Right Turn / Merge", "crash_type": "Bicyclist Right Turn - Same Direction"}}, {"type": "Feature", "geometry": {"type": "Point", "coordinates": [-79.1684, 34.869]}, "properties": {"year": 2023, "state": "North Carolina", "age_band": "25-44", "sex": "Male", "lighting": "Daylight", "hour": "1:00pm-1:59pm", "month": "July", "crash_group": "Loss of Control / Turning Error", "crash_type": "Bicyclist Lost Control - Mechanical problems"}}, {"type": "Feature", "geometry": {"type": "Point", "coordinates": [-77.816, 35.9281]}, "properties": {"year": 2023, "state": "North Carolina", "age_band": "45-64", "sex": "Female", "lighting": "Dark - Lighted", "hour": "2:00am-2:59am", "month": "July", "crash_group": "Bicyclist Failed to Yield - Midblock", "crash_type": "Bicyclist Ride Out - Other Midblock"}}, {"type": "Feature", "geometry": {"type": "Point", "coordinates": [-78.9303, 35.9984]}, "properties": {"year": 2023, "state": "North Carolina", "age_band": "45-64", "sex": "Male", "lighting": "Daylight", "hour": "7:00pm-7:59pm", "month": "August", "crash_group": "Bicyclist Failed to Yield - Signalized Intersection", "crash_type": "Bicyclist Ride Out - Signalized Intersection"}}, {"type": "Feature", "geometry": {"type": "Point", "coordinates": [-79.7498, 34.8885]}, "properties": {"year": 2023, "state": "North Carolina", "age_band": "45-64", "sex": "Male", "lighting": "Dark - Not Lighted", "hour": "9:00pm-9:59pm", "month": "August", "crash_group": "Motorist Overtaking Bicyclist", "crash_type": "Motorist Overtaking - Misjudged Space"}}, {"type": "Feature", "geometry": {"type": "Point", "coordinates": [-82.5216, 35.4726]}, "properties": {"year": 2023, "state": "North Carolina", "age_band": "25-44", "sex": "Male", "lighting": "Daylight", "hour": "1:00pm-1:59pm", "month": "September", "crash_group": "Motorist Overtaking Bicyclist", "crash_type": "Motorist Overtaking - Misjudged Space"}}, {"type": "Feature", "geometry": {"type": "Point", "coordinates": [-78.1889, 35.4588]}, "properties": {"year": 2023, "state": "North Carolina", "age_band": "25-44", "sex": "Female", "lighting": "Dark - Not Lighted", "hour": "7:00pm-7:59pm", "month": "September", "crash_group": "Motorist Overtaking Bicyclist", "crash_type": "Motorist Overtaking - Misjudged Space"}}, {"type": "Feature", "geometry": {"type": "Point", "coordinates": [-77.9092, 35.7077]}, "properties": {"year": 2023, "state": "North Carolina", "age_band": "25-44", "sex": "Male", "lighting": "Dark - Not Lighted", "hour": "10:00pm-10:59pm", "month": "September", "crash_group": "Motorist Overtaking Bicyclist", "crash_type": "Motorist Overtaking - Undetected Bicyclist or Detected - Too Late to Avoid"}}, {"type": "Feature", "geometry": {"type": "Point", "coordinates": [-79.1233, 34.8329]}, "properties": {"year": 2023, "state": "North Carolina", "age_band": "65+", "sex": "Male", "lighting": "Dark - Not Lighted", "hour": "9:00pm-9:59pm", "month": "September", "crash_group": "Motorist Overtaking Bicyclist", "crash_type": "Motorist Overtaking - Undetected Bicyclist or Detected - Too Late to Avoid"}}, {"type": "Feature", "geometry": {"type": "Point", "coordinates": [-76.874, 34.7836]}, "properties": {"year": 2023, "state": "North Carolina", "age_band": "65+", "sex": "Male", "lighting": "Daylight", "hour": "4:00pm-4:59pm", "month": "September", "crash_group": "Motorist Overtaking Bicyclist", "crash_type": "Motorist Overtaking - Misjudged Space"}}, {"type": "Feature", "geometry": {"type": "Point", "coordinates": [-79.9426, 35.9606]}, "properties": {"year": 2023, "state": "North Carolina", "age_band": "45-64", "sex": "Male", "lighting": "Dark - Lighted", "hour": "10:00pm-10:59pm", "month": "October", "crash_group": "Motorist Overtaking Bicyclist", "crash_type": "Motorist Overtaking - Misjudged Space"}}, {"type": "Feature", "geometry": {"type": "Point", "coordinates": [-82.4027, 35.2897]}, "properties": {"year": 2023, "state": "North Carolina", "age_band": "25-44", "sex": "Male", "lighting": "Dark - Not Lighted", "hour": "8:00am-8:59am", "month": "October", "crash_group": "Wrong-Way / Wrong-Side", "crash_type": "Wrong-Way / Wrong-Side - Motorist"}}, {"type": "Feature", "geometry": {"type": "Point", "coordinates": [-80.734, 35.1206]}, "properties": {"year": 2023, "state": "North Carolina", "age_band": "65+", "sex": "Male", "lighting": "Daylight", "hour": "12:00pm-12:59pm", "month": "October", "crash_group": "Bicyclist Left Turn / Merge", "crash_type": "Bicyclist Left Turn - Same Direction"}}, {"type": "Feature", "geometry": {"type": "Point", "coordinates": [-81.6297, 35.7026]}, "properties": {"year": 2023, "state": "North Carolina", "age_band": "25-44", "sex": "Male", "lighting": "Dark - Not Lighted", "hour": "8:00am-8:59am", "month": "October", "crash_group": "Motorist Overtaking Bicyclist", "crash_type": "Motorist Overtaking - Undetected Bicyclist or Detected - Too Late to Avoid"}}, {"type": "Feature", "geometry": {"type": "Point", "coordinates": [-77.8551, 35.4393]}, "properties": {"year": 2023, "state": "North Carolina", "age_band": "25-44", "sex": "Male", "lighting": "Daylight", "hour": "3:00pm-3:59pm", "month": "October", "crash_group": "Motorist Overtaking Bicyclist", "crash_type": "Motorist Overtaking - Bicyclist Swerved"}}, {"type": "Feature", "geometry": {"type": "Point", "coordinates": [-79.7536, 36.1172]}, "properties": {"year": 2023, "state": "North Carolina", "age_band": "45-64", "sex": "Male", "lighting": "Dark - Not Lighted", "hour": "8:00pm-8:59pm", "month": "November", "crash_group": "Motorist Overtaking Bicyclist", "crash_type": "Motorist Overtaking - Undetected Bicyclist or Detected - Too Late to Avoid"}}, {"type": "Feature", "geometry": {"type": "Point", "coordinates": [-78.0801, 35.3601]}, "properties": {"year": 2023, "state": "North Carolina", "age_band": "25-44", "sex": "Male", "lighting": "Dark - Not Lighted", "hour": "9:00pm-9:59pm", "month": "October", "crash_group": "Motorist Overtaking Bicyclist", "crash_type": "Motorist Overtaking - Undetected Bicyclist or Detected - Too Late to Avoid"}}, {"type": "Feature", "geometry": {"type": "Point", "coordinates": [-80.2896, 35.8279]}, "properties": {"year": 2023, "state": "North Carolina", "age_band": "45-64", "sex": "Male", "lighting": "Dark - Not Lighted", "hour": "11:00pm-11:59pm", "month": "October", "crash_group": "Motorist Overtaking Bicyclist", "crash_type": "Motorist Overtaking - Undetected Bicyclist or Detected - Too Late to Avoid"}}, {"type": "Feature", "geometry": {"type": "Point", "coordinates": [-79.4208, 35.1621]}, "properties": {"year": 2023, "state": "North Carolina", "age_band": "65+", "sex": "Male", "lighting": "Daylight", "hour": "10:00am-10:59am", "month": "November", "crash_group": "Bicyclist Failed to Yield - Sign-Controlled Intersection", "crash_type": "Bicyclist Ride Through - Sign-Controlled Intersection"}}, {"type": "Feature", "geometry": {"type": "Point", "coordinates": [-79.3744, 34.7462]}, "properties": {"year": 2023, "state": "North Carolina", "age_band": "45-64", "sex": "Male", "lighting": "Dark - Not Lighted", "hour": "7:00pm-7:59pm", "month": "November", "crash_group": "Motorist Overtaking Bicyclist", "crash_type": "Motorist Overtaking - Undetected Bicyclist or Detected - Too Late to Avoid"}}, {"type": "Feature", "geometry": {"type": "Point", "coordinates": [-82.5982, 35.5605]}, "properties": {"year": 2023, "state": "North Carolina", "age_band": "25-44", "sex": "Male", "lighting": "Dark - Not Lighted", "hour": "10:00pm-10:59pm", "month": "November", "crash_group": "Motorist Overtaking Bicyclist", "crash_type": "Motorist Overtaking - Undetected Bicyclist or Detected - Too Late to Avoid"}}, {"type": "Feature", "geometry": {"type": "Point", "coordinates": [-81.5148, 35.8832]}, "properties": {"year": 2023, "state": "North Carolina", "age_band": "25-44", "sex": "Male", "lighting": "Dark - Lighted", "hour": "2:00am-2:59am", "month": "December", "crash_group": "Motorist Overtaking Bicyclist", "crash_type": "Motorist Overtaking - Other/ Unknown"}}, {"type": "Feature", "geometry": {"type": "Point", "coordinates": [-81.2329, 35.1939]}, "properties": {"year": 2023, "state": "North Carolina", "age_band": "25-44", "sex": "Female", "lighting": "Dark - Not Lighted", "hour": "6:00pm-6:59pm", "month": "December", "crash_group": "Motorist Overtaking Bicyclist", "crash_type": "Motorist Overtaking - Other/ Unknown"}}, {"type": "Feature", "geometry": {"type": "Point", "coordinates": [-82.0405, 35.7849]}, "properties": {"year": 2023, "state": "North Carolina", "age_band": "45-64", "sex": "Male", "lighting": "Daylight", "hour": "2:00pm-2:59pm", "month": "December", "crash_group": "Motorist Overtaking Bicyclist", "crash_type": "Motorist Overtaking - Other/ Unknown"}}, {"type": "Feature", "geometry": {"type": "Point", "coordinates": [-77.5871, 34.9131]}, "properties": {"year": 2023, "state": "North Carolina", "age_band": "45-64", "sex": "Male", "lighting": "Dark - Not Lighted", "hour": "9:00pm-9:59pm", "month": "December", "crash_group": "Motorist Overtaking Bicyclist", "crash_type": "Motorist Overtaking - Other/ Unknown"}}, {"type": "Feature", "geometry": {"type": "Point", "coordinates": [-76.8378, 35.0991]}, "properties": {"year": 2023, "state": "North Carolina", "age_band": "45-64", "sex": "Male", "lighting": "Dark - Not Lighted", "hour": "0:00am-0:59am", "month": "February", "crash_group": "Motorist Overtaking Bicyclist", "crash_type": "Motorist Overtaking - Undetected Bicyclist or Detected - Too Late to Avoid"}}, {"type": "Feature", "geometry": {"type": "Point", "coordinates": [-78.5531, 35.8577]}, "properties": {"year": 2023, "state": "North Carolina", "age_band": "45-64", "sex": "Male", "lighting": "Daylight", "hour": "2:00pm-2:59pm", "month": "October", "crash_group": "Bicyclist Failed to Yield - Sign-Controlled Intersection", "crash_type": "Bicyclist Ride Out - Sign-Controlled Intersection"}}, {"type": "Feature", "geometry": {"type": "Point", "coordinates": [-80.5196, 35.6321]}, "properties": {"year": 2023, "state": "North Carolina", "age_band": "45-64", "sex": "Male", "lighting": "Reported as Unknown", "hour": "8:00am-8:59am", "month": "December", "crash_group": "Motorist Overtaking Bicyclist", "crash_type": "Motorist Overtaking - Undetected Bicyclist or Detected - Too Late to Avoid"}}, {"type": "Feature", "geometry": {"type": "Point", "coordinates": [-78.1358, 34.3349]}, "properties": {"year": 2023, "state": "North Carolina", "age_band": "18-24", "sex": "Male", "lighting": "Dusk", "hour": "5:00pm-5:59pm", "month": "November", "crash_group": "Motorist Overtaking Bicyclist", "crash_type": "Motorist Overtaking - Undetected Bicyclist or Detected - Too Late to Avoid"}}, {"type": "Feature", "geometry": {"type": "Point", "coordinates": [-79.1313, 35.0316]}, "properties": {"year": 2023, "state": "North Carolina", "age_band": "45-64", "sex": "Male", "lighting": "Dark - Not Lighted", "hour": "4:00am-4:59am", "month": "September", "crash_group": "Wrong-Way / Wrong-Side", "crash_type": "Wrong-Way / Wrong-Side - Bicyclist"}}, {"type": "Feature", "geometry": {"type": "Point", "coordinates": [-81.4182, 41.6861]}, "properties": {"year": 2023, "state": "Ohio", "age_band": "18-24", "sex": "Male", "lighting": "Dark - Lighted", "hour": "9:00pm-9:59pm", "month": "January", "crash_group": "Parallel Paths - Other Circumstances", "crash_type": "Parallel Paths - Other / Unknown"}}, {"type": "Feature", "geometry": {"type": "Point", "coordinates": [-82.8807, 39.916]}, "properties": {"year": 2023, "state": "Ohio", "age_band": "65+", "sex": "Male", "lighting": "Dark - Not Lighted", "hour": "9:00pm-9:59pm", "month": "February", "crash_group": "Motorist Overtaking Bicyclist", "crash_type": "Motorist Overtaking - Other/ Unknown"}}, {"type": "Feature", "geometry": {"type": "Point", "coordinates": [-81.0513, 41.4481]}, "properties": {"year": 2023, "state": "Ohio", "age_band": "45-64", "sex": "Male", "lighting": "Daylight", "hour": "3:00pm-3:59pm", "month": "February", "crash_group": "Bicyclist Failed to Yield - Midblock", "crash_type": "Bicyclist Ride Out - Other Midblock"}}, {"type": "Feature", "geometry": {"type": "Point", "coordinates": [-84.2112, 40.0479]}, "properties": {"year": 2023, "state": "Ohio", "age_band": "13-17 (teen)", "sex": "Male", "lighting": "Dusk", "hour": "7:00pm-7:59pm", "month": "March", "crash_group": "Other / Unusual Circumstances", "crash_type": "Unusual Circumstances"}}, {"type": "Feature", "geometry": {"type": "Point", "coordinates": [-83.6019, 41.6233]}, "properties": {"year": 2023, "state": "Ohio", "age_band": "25-44", "sex": "Male", "lighting": "Dark - Not Lighted", "hour": "0:00am-0:59am", "month": "March", "crash_group": "Motorist Overtaking Bicyclist", "crash_type": "Motorist Overtaking - Other/ Unknown"}}, {"type": "Feature", "geometry": {"type": "Point", "coordinates": [-81.996, 39.8898]}, "properties": {"year": 2023, "state": "Ohio", "age_band": "25-44", "sex": "Male", "lighting": "Dark - Not Lighted", "hour": "8:00pm-8:59pm", "month": "March", "crash_group": "Bicyclist Left Turn / Merge", "crash_type": "Bicyclist Left Turn - Same Direction"}}, {"type": "Feature", "geometry": {"type": "Point", "coordinates": [-81.7039, 41.0211]}, "properties": {"year": 2023, "state": "Ohio", "age_band": "13-17 (teen)", "sex": "Male", "lighting": "Daylight", "hour": "2:00pm-2:59pm", "month": "April", "crash_group": "Motorist Left Turn / Merge", "crash_type": "Motorist Left Turn- Opposite Direction"}}, {"type": "Feature", "geometry": {"type": "Point", "coordinates": [-83.6505, 41.371]}, "properties": {"year": 2023, "state": "Ohio", "age_band": "45-64", "sex": "Male", "lighting": "Daylight", "hour": "2:00pm-2:59pm", "month": "July", "crash_group": "Non-Trafficway", "crash_type": "Non-Roadway"}}, {"type": "Feature", "geometry": {"type": "Point", "coordinates": [-83.1439, 39.9118]}, "properties": {"year": 2023, "state": "Ohio", "age_band": "45-64", "sex": "Male", "lighting": "Dark - Not Lighted", "hour": "10:00pm-10:59pm", "month": "June", "crash_group": "Motorist Failed to Yield - Midblock", "crash_type": "Motorist Drive-Out - Commercial Driveway"}}, {"type": "Feature", "geometry": {"type": "Point", "coordinates": [-83.6392, 41.5882]}, "properties": {"year": 2023, "state": "Ohio", "age_band": "25-44", "sex": "Male", "lighting": "Dark - Lighted", "hour": "10:00pm-10:59pm", "month": "June", "crash_group": "Motorist Overtaking Bicyclist", "crash_type": "Motorist Overtaking - Bicyclist Swerved"}}, {"type": "Feature", "geometry": {"type": "Point", "coordinates": [-83.8893, 39.8167]}, "properties": {"year": 2023, "state": "Ohio", "age_band": "13-17 (teen)", "sex": "Female", "lighting": "Daylight", "hour": "5:00pm-5:59pm", "month": "July", "crash_group": "Bicyclist Failed to Yield - Midblock", "crash_type": "Bicyclist Ride Out - Midblock - Unknown"}}, {"type": "Feature", "geometry": {"type": "Point", "coordinates": [-82.357, 41.238]}, "properties": {"year": 2023, "state": "Ohio", "age_band": "65+", "sex": "Female", "lighting": "Daylight", "hour": "10:00am-10:59am", "month": "July", "crash_group": "Motorist Overtaking Bicyclist", "crash_type": "Motorist Overtaking - Misjudged Space"}}, {"type": "Feature", "geometry": {"type": "Point", "coordinates": [-82.967, 39.9304]}, "properties": {"year": 2023, "state": "Ohio", "age_band": "45-64", "sex": "Male", "lighting": "Daylight", "hour": "7:00pm-7:59pm", "month": "June", "crash_group": "Wrong-Way / Wrong-Side", "crash_type": "Wrong-Way / Wrong-Side - Bicyclist"}}, {"type": "Feature", "geometry": {"type": "Point", "coordinates": [-83.8423, 40.7229]}, "properties": {"year": 2023, "state": "Ohio", "age_band": "13-17 (teen)", "sex": "Male", "lighting": "Dark - Not Lighted", "hour": "5:00am-5:59am", "month": "August", "crash_group": "Motorist Overtaking Bicyclist", "crash_type": "Motorist Overtaking - Undetected Bicyclist or Detected - Too Late to Avoid"}}, {"type": "Feature", "geometry": {"type": "Point", "coordinates": [-83.1434, 41.3421]}, "properties": {"year": 2023, "state": "Ohio", "age_band": "45-64", "sex": "Male", "lighting": "Dark - Not Lighted", "hour": "10:00pm-10:59pm", "month": "August", "crash_group": "Bicyclist Failed to Yield - Midblock", "crash_type": "Bicyclist Ride-Out - Commercial Driveway"}}, {"type": "Feature", "geometry": {"type": "Point", "coordinates": [-84.6028, 41.1405]}, "properties": {"year": 2023, "state": "Ohio", "age_band": "0-12 (child)", "sex": "Male", "lighting": "Daylight", "hour": "1:00pm-1:59pm", "month": "September", "crash_group": "Motorist Overtaking Bicyclist", "crash_type": "Motorist Overtaking - Misjudged Space"}}, {"type": "Feature", "geometry": {"type": "Point", "coordinates": [-82.637, 39.0398]}, "properties": {"year": 2023, "state": "Ohio", "age_band": "45-64", "sex": "Male", "lighting": "Dark - Not Lighted", "hour": "7:00pm-7:59pm", "month": "October", "crash_group": "Motorist Left Turn / Merge", "crash_type": "Motorist Left Turn- Opposite Direction"}}, {"type": "Feature", "geometry": {"type": "Point", "coordinates": [-84.1345, 41.5851]}, "properties": {"year": 2023, "state": "Ohio", "age_band": "18-24", "sex": "Not Reported", "lighting": "Dark - Not Lighted", "hour": "7:00pm-7:59pm", "month": "October", "crash_group": "Motorist Overtaking Bicyclist", "crash_type": "Motorist Overtaking - Misjudged Space"}}, {"type": "Feature", "geometry": {"type": "Point", "coordinates": [-80.7599, 41.0996]}, "properties": {"year": 2023, "state": "Ohio", "age_band": "65+", "sex": "Male", "lighting": "Dark - Lighted", "hour": "9:00pm-9:59pm", "month": "October", "crash_group": "Bicyclist Left Turn / Merge", "crash_type": "Bicyclist Left Turn - Same Direction"}}, {"type": "Feature", "geometry": {"type": "Point", "coordinates": [-84.5947, 39.2452]}, "properties": {"year": 2023, "state": "Ohio", "age_band": "25-44", "sex": "Male", "lighting": "Dark - Lighted", "hour": "9:00pm-9:59pm", "month": "November", "crash_group": "Bicyclist Failed to Yield - Signalized Intersection", "crash_type": "Bicyclist Ride Through - Signalized Intersection"}}, {"type": "Feature", "geometry": {"type": "Point", "coordinates": [-84.1262, 39.7681]}, "properties": {"year": 2023, "state": "Ohio", "age_band": "25-44", "sex": "Male", "lighting": "Dusk", "hour": "8:00pm-8:59pm", "month": "November", "crash_group": "Crossing Paths - Other Circumstances", "crash_type": "Crossing Paths - Midblock - Other / Unknown"}}, {"type": "Feature", "geometry": {"type": "Point", "coordinates": [-84.5423, 39.3573]}, "properties": {"year": 2023, "state": "Ohio", "age_band": "25-44", "sex": "Male", "lighting": "Dark - Lighted", "hour": "5:00am-5:59am", "month": "November", "crash_group": "Motorist Right Turn / Merge", "crash_type": "Motorist right Turn - Opposite Direction"}}, {"type": "Feature", "geometry": {"type": "Point", "coordinates": [-96.0035, 36.1462]}, "properties": {"year": 2023, "state": "Oklahoma", "age_band": "45-64", "sex": "Male", "lighting": "Dark - Not Lighted", "hour": "9:00pm-9:59pm", "month": "January", "crash_group": "Bicyclist Right Turn / Merge", "crash_type": "Bicyclist Right Turn - Same Direction"}}, {"type": "Feature", "geometry": {"type": "Point", "coordinates": [-94.6007, 35.9412]}, "properties": {"year": 2023, "state": "Oklahoma", "age_band": "45-64", "sex": "Male", "lighting": "Daylight", "hour": "12:00pm-12:59pm", "month": "March", "crash_group": "Bicyclist Left Turn / Merge", "crash_type": "Bicyclist Left Turn - Same Direction"}}, {"type": "Feature", "geometry": {"type": "Point", "coordinates": [-96.8859, 35.3327]}, "properties": {"year": 2023, "state": "Oklahoma", "age_band": "45-64", "sex": "Male", "lighting": "Dark - Lighted", "hour": "8:00pm-8:59pm", "month": "April", "crash_group": "Motorist Overtaking Bicyclist", "crash_type": "Motorist Overtaking - Other/ Unknown"}}, {"type": "Feature", "geometry": {"type": "Point", "coordinates": [-96.8859, 35.3327]}, "properties": {"year": 2023, "state": "Oklahoma", "age_band": "45-64", "sex": "Male", "lighting": "Dark - Lighted", "hour": "8:00pm-8:59pm", "month": "April", "crash_group": "Motorist Overtaking Bicyclist", "crash_type": "Motorist Overtaking - Other/ Unknown"}}, {"type": "Feature", "geometry": {"type": "Point", "coordinates": [-97.5833, 35.4433]}, "properties": {"year": 2023, "state": "Oklahoma", "age_band": "25-44", "sex": "Male", "lighting": "Dark - Not Lighted", "hour": "8:00pm-8:59pm", "month": "May", "crash_group": "Parallel Paths - Other Circumstances", "crash_type": "Parallel Paths - Other / Unknown"}}, {"type": "Feature", "geometry": {"type": "Point", "coordinates": [-95.9529, 36.1332]}, "properties": {"year": 2023, "state": "Oklahoma", "age_band": "45-64", "sex": "Male", "lighting": "Daylight", "hour": "5:00pm-5:59pm", "month": "August", "crash_group": "Other / Unusual Circumstances", "crash_type": "Unusual Circumstances"}}, {"type": "Feature", "geometry": {"type": "Point", "coordinates": [-97.3323, 35.9124]}, "properties": {"year": 2023, "state": "Oklahoma", "age_band": "25-44", "sex": "Female", "lighting": "Dark - Not Lighted", "hour": "3:00am-3:59am", "month": "August", "crash_group": "Wrong-Way / Wrong-Side", "crash_type": "Wrong-Way / Wrong-Side - Bicyclist"}}, {"type": "Feature", "geometry": {"type": "Point", "coordinates": [-97.2651, 35.4839]}, "properties": {"year": 2023, "state": "Oklahoma", "age_band": "45-64", "sex": "Male", "lighting": "Daylight", "hour": "8:00am-8:59am", "month": "August", "crash_group": "Other / Unknown - Insufficient Details", "crash_type": "Unknown Location"}}, {"type": "Feature", "geometry": {"type": "Point", "coordinates": [-99.4128, 35.4055]}, "properties": {"year": 2023, "state": "Oklahoma", "age_band": "45-64", "sex": "Male", "lighting": "Daylight", "hour": "7:00pm-7:59pm", "month": "September", "crash_group": "Bicyclist Failed to Yield - Sign-Controlled Intersection", "crash_type": "Bicyclist Ride Through - Sign-Controlled Intersection"}}, {"type": "Feature", "geometry": {"type": "Point", "coordinates": [-97.0698, 36.1841]}, "properties": {"year": 2023, "state": "Oklahoma", "age_band": "25-44", "sex": "Female", "lighting": "Dark - Not Lighted", "hour": "8:00pm-8:59pm", "month": "September", "crash_group": "Motorist Overtaking Bicyclist", "crash_type": "Motorist Overtaking - Other/ Unknown"}}, {"type": "Feature", "geometry": {"type": "Point", "coordinates": [-97.4719, 35.6527]}, "properties": {"year": 2023, "state": "Oklahoma", "age_band": "25-44", "sex": "Male", "lighting": "Dawn", "hour": "7:00am-7:59am", "month": "October", "crash_group": "Parallel Paths - Other Circumstances", "crash_type": "Bicyclist Ride Out - Parallel Path"}}, {"type": "Feature", "geometry": {"type": "Point", "coordinates": [-97.6378, 34.8414]}, "properties": {"year": 2023, "state": "Oklahoma", "age_band": "25-44", "sex": "Male", "lighting": "Dark - Not Lighted", "hour": "5:00am-5:59am", "month": "November", "crash_group": "Motorist Overtaking Bicyclist", "crash_type": "Motorist Overtaking - Undetected Bicyclist or Detected - Too Late to Avoid"}}, {"type": "Feature", "geometry": {"type": "Point", "coordinates": [-97.6056, 35.5436]}, "properties": {"year": 2023, "state": "Oklahoma", "age_band": "65+", "sex": "Male", "lighting": "Daylight", "hour": "5:00pm-5:59pm", "month": "November", "crash_group": "Bicyclist Failed to Yield - Sign-Controlled Intersection", "crash_type": "Bicyclist Ride Through - Sign-Controlled Intersection"}}, {"type": "Feature", "geometry": {"type": "Point", "coordinates": [-95.9756, 36.2135]}, "properties": {"year": 2023, "state": "Oklahoma", "age_band": "45-64", "sex": "Male", "lighting": "Dark - Not Lighted", "hour": "4:00pm-4:59pm", "month": "November", "crash_group": "Bicyclist Failed to Yield - Midblock", "crash_type": "Bicyclist Ride Out - Midblock - Unknown"}}, {"type": "Feature", "geometry": {"type": "Point", "coordinates": [-95.8416, 36.1606]}, "properties": {"year": 2023, "state": "Oklahoma", "age_band": "45-64", "sex": "Female", "lighting": "Dark - Not Lighted", "hour": "5:00pm-5:59pm", "month": "December", "crash_group": "Motorist Overtaking Bicyclist", "crash_type": "Motorist Overtaking - Undetected Bicyclist or Detected - Too Late to Avoid"}}, {"type": "Feature", "geometry": {"type": "Point", "coordinates": [-96.9121, 35.3646]}, "properties": {"year": 2023, "state": "Oklahoma", "age_band": "45-64", "sex": "Female", "lighting": "Not Reported", "hour": "9:00pm-9:59pm", "month": "May", "crash_group": "Parallel Paths - Other Circumstances", "crash_type": "Parallel Paths - Other / Unknown"}}, {"type": "Feature", "geometry": {"type": "Point", "coordinates": [-123.3722, 43.1496]}, "properties": {"year": 2023, "state": "Oregon", "age_band": "25-44", "sex": "Male", "lighting": "Dark - Not Lighted", "hour": "8:00pm-8:59pm", "month": "January", "crash_group": "Bicyclist Failed to Yield - Signalized Intersection", "crash_type": "Bicyclist Ride Through - Signalized Intersection"}}, {"type": "Feature", "geometry": {"type": "Point", "coordinates": [-123.0403, 44.9335]}, "properties": {"year": 2023, "state": "Oregon", "age_band": "45-64", "sex": "Female", "lighting": "Daylight", "hour": "3:00pm-3:59pm", "month": "March", "crash_group": "Motorist Failed to Yield - Sign-Controlled Intersection", "crash_type": "Motorist Drive Out - Sign-Controlled Intersection"}}, {"type": "Feature", "geometry": {"type": "Point", "coordinates": [-122.7599, 45.0337]}, "properties": {"year": 2023, "state": "Oregon", "age_band": "45-64", "sex": "Male", "lighting": "Dark - Not Lighted", "hour": "0:00am-0:59am", "month": "May", "crash_group": "Motorist Overtaking Bicyclist", "crash_type": "Motorist Overtaking - Undetected Bicyclist or Detected - Too Late to Avoid"}}, {"type": "Feature", "geometry": {"type": "Point", "coordinates": [-123.0727, 45.0702]}, "properties": {"year": 2023, "state": "Oregon", "age_band": "45-64", "sex": "Male", "lighting": "Daylight", "hour": "11:00am-11:59am", "month": "June", "crash_group": "Motorist Overtaking Bicyclist", "crash_type": "Motorist Overtaking - Bicyclist Swerved"}}, {"type": "Feature", "geometry": {"type": "Point", "coordinates": [-121.2711, 44.0549]}, "properties": {"year": 2023, "state": "Oregon", "age_band": "13-17 (teen)", "sex": "Male", "lighting": "Daylight", "hour": "4:00pm-4:59pm", "month": "June", "crash_group": "Bicyclist Failed to Yield - Sign-Controlled Intersection", "crash_type": "Bicyclist Ride Out - Sign-Controlled Intersection"}}, {"type": "Feature", "geometry": {"type": "Point", "coordinates": [-121.2711, 44.0549]}, "properties": {"year": 2023, "state": "Oregon", "age_band": "13-17 (teen)", "sex": "Male", "lighting": "Daylight", "hour": "4:00pm-4:59pm", "month": "June", "crash_group": "Bicyclist Failed to Yield - Sign-Controlled Intersection", "crash_type": "Bicyclist Ride Out - Sign-Controlled Intersection"}}, {"type": "Feature", "geometry": {"type": "Point", "coordinates": [-124.0452, 44.8483]}, "properties": {"year": 2023, "state": "Oregon", "age_band": "45-64", "sex": "Male", "lighting": "Daylight", "hour": "1:00pm-1:59pm", "month": "July", "crash_group": "Motorist Overtaking Bicyclist", "crash_type": "Motorist Overtaking - Bicyclist Swerved"}}, {"type": "Feature", "geometry": {"type": "Point", "coordinates": [-122.953, 44.63]}, "properties": {"year": 2023, "state": "Oregon", "age_band": "25-44", "sex": "Male", "lighting": "Daylight", "hour": "8:00am-8:59am", "month": "July", "crash_group": "Bicyclist Failed to Yield - Sign-Controlled Intersection", "crash_type": "Bicyclist Ride Out - Sign-Controlled Intersection"}}, {"type": "Feature", "geometry": {"type": "Point", "coordinates": [-123.0422, 45.5386]}, "properties": {"year": 2023, "state": "Oregon", "age_band": "65+", "sex": "Male", "lighting": "Daylight", "hour": "5:00am-5:59am", "month": "July", "crash_group": "Motorist Overtaking Bicyclist", "crash_type": "Motorist Overtaking - Undetected Bicyclist or Detected - Too Late to Avoid"}}, {"type": "Feature", "geometry": {"type": "Point", "coordinates": [-121.7112, 45.3252]}, "properties": {"year": 2023, "state": "Oregon", "age_band": "45-64", "sex": "Male", "lighting": "Daylight", "hour": "7:00am-7:59am", "month": "August", "crash_group": "Motorist Left Turn / Merge", "crash_type": "Motorist Left Turn- Opposite Direction"}}, {"type": "Feature", "geometry": {"type": "Point", "coordinates": [-123.0104, 44.7325]}, "properties": {"year": 2023, "state": "Oregon", "age_band": "25-44", "sex": "Male", "lighting": "Daylight", "hour": "7:00pm-7:59pm", "month": "August", "crash_group": "Loss of Control / Turning Error", "crash_type": "Motorist Turning Error - Right turn"}}, {"type": "Feature", "geometry": {"type": "Point", "coordinates": [-122.7097, 45.6085]}, "properties": {"year": 2023, "state": "Oregon", "age_band": "25-44", "sex": "Male", "lighting": "Dark - Lighted", "hour": "5:00am-5:59am", "month": "September", "crash_group": "Bicyclist Failed to Yield - Midblock", "crash_type": "Bicyclist Ride Out - Other Midblock"}}, {"type": "Feature", "geometry": {"type": "Point", "coordinates": [-123.1003, 44.0544]}, "properties": {"year": 2023, "state": "Oregon", "age_band": "45-64", "sex": "Male", "lighting": "Daylight", "hour": "4:00pm-4:59pm", "month": "September", "crash_group": "Bicyclist Failed to Yield - Sign-Controlled Intersection", "crash_type": "Bicyclist Ride Through - Sign-Controlled Intersection"}}, {"type": "Feature", "geometry": {"type": "Point", "coordinates": [-122.852, 45.3967]}, "properties": {"year": 2023, "state": "Oregon", "age_band": "65+", "sex": "Male", "lighting": "Daylight", "hour": "11:00am-11:59am", "month": "November", "crash_group": "Bicyclist Left Turn / Merge", "crash_type": "Bicyclist Left Turn - Opposite Direction"}}, {"type": "Feature", "geometry": {"type": "Point", "coordinates": [-123.1339, 44.1089]}, "properties": {"year": 2023, "state": "Oregon", "age_band": "65+", "sex": "Male", "lighting": "Dusk", "hour": "4:00pm-4:59pm", "month": "December", "crash_group": "Bicyclist Left Turn / Merge", "crash_type": "Bicyclist Left Turn - Same Direction"}}, {"type": "Feature", "geometry": {"type": "Point", "coordinates": [-123.1228, 44.0535]}, "properties": {"year": 2023, "state": "Oregon", "age_band": "25-44", "sex": "Female", "lighting": "Daylight", "hour": "2:00pm-2:59pm", "month": "May", "crash_group": "Bicyclist Failed to Yield - Signalized Intersection", "crash_type": "Bicyclist Ride Out - Signalized Intersection"}}, {"type": "Feature", "geometry": {"type": "Point", "coordinates": [-122.5539, 45.519]}, "properties": {"year": 2023, "state": "Oregon", "age_band": "45-64", "sex": "Male", "lighting": "Dark - Lighted", "hour": "0:00am-0:59am", "month": "December", "crash_group": "Other / Unknown - Insufficient Details", "crash_type": "Unknown Approach Paths"}}, {"type": "Feature", "geometry": {"type": "Point", "coordinates": [-119.0756, 43.5779]}, "properties": {"year": 2023, "state": "Oregon", "age_band": "65+", "sex": "Male", "lighting": "Not Reported", "hour": "Unknown Hours", "month": "October", "crash_group": "Other / Unknown - Insufficient Details", "crash_type": "Unknown Location"}}, {"type": "Feature", "geometry": {"type": "Point", "coordinates": [-75.1448, 39.9274]}, "properties": {"year": 2023, "state": "Pennsylvania", "age_band": "65+", "sex": "Female", "lighting": "Dark - Lighted", "hour": "5:00pm-5:59pm", "month": "January", "crash_group": "Motorist Left Turn / Merge", "crash_type": "Motorist Left Turn- Opposite Direction"}}, {"type": "Feature", "geometry": {"type": "Point", "coordinates": [-75.3335, 39.9168]}, "properties": {"year": 2023, "state": "Pennsylvania", "age_band": "25-44", "sex": "Female", "lighting": "Daylight", "hour": "10:00am-10:59am", "month": "January", "crash_group": "Motorist Right Turn / Merge", "crash_type": "Motorist Right Turn - Same Direction"}}, {"type": "Feature", "geometry": {"type": "Point", "coordinates": [-75.1346, 39.9788]}, "properties": {"year": 2023, "state": "Pennsylvania", "age_band": "25-44", "sex": "Male", "lighting": "Dark - Lighted", "hour": "8:00pm-8:59pm", "month": "January", "crash_group": "Motorist Left Turn / Merge", "crash_type": "Motorist Left Turn- Opposite Direction"}}, {"type": "Feature", "geometry": {"type": "Point", "coordinates": [-75.116, 40.0289]}, "properties": {"year": 2023, "state": "Pennsylvania", "age_band": "25-44", "sex": "Male", "lighting": "Dark - Lighted", "hour": "8:00pm-8:59pm", "month": "January", "crash_group": "Bicyclist Failed to Yield - Sign-Controlled Intersection", "crash_type": "Bicyclist Ride Through - Sign-Controlled Intersection"}}, {"type": "Feature", "geometry": {"type": "Point", "coordinates": [-75.8992, 41.2639]}, "properties": {"year": 2023, "state": "Pennsylvania", "age_band": "45-64", "sex": "Male", "lighting": "Dark - Lighted", "hour": "5:00pm-5:59pm", "month": "January", "crash_group": "Crossing Paths - Other Circumstances", "crash_type": "Crossing Paths - Uncontrolled Intersection"}}, {"type": "Feature", "geometry": {"type": "Point", "coordinates": [-75.1539, 39.9939]}, "properties": {"year": 2023, "state": "Pennsylvania", "age_band": "45-64", "sex": "Male", "lighting": "Dark - Lighted", "hour": "6:00am-6:59am", "month": "February", "crash_group": "Wrong-Way / Wrong-Side", "crash_type": "Wrong-Way / Wrong-Side - Bicyclist"}}, {"type": "Feature", "geometry": {"type": "Point", "coordinates": [-75.5905, 39.9402]}, "properties": {"year": 2023, "state": "Pennsylvania", "age_band": "65+", "sex": "Male", "lighting": "Daylight", "hour": "10:00am-10:59am", "month": "February", "crash_group": "Loss of Control / Turning Error", "crash_type": "Motorist Lost Control - Other / Unknown"}}, {"type": "Feature", "geometry": {"type": "Point", "coordinates": [-75.0848, 40.0341]}, "properties": {"year": 2023, "state": "Pennsylvania", "age_band": "25-44", "sex": "Male", "lighting": "Dark - Lighted", "hour": "9:00pm-9:59pm", "month": "May", "crash_group": "Motorist Failed to Yield - Sign-Controlled Intersection", "crash_type": "Motorist Drive Through - Sign-Controlled Intersection"}}, {"type": "Feature", "geometry": {"type": "Point", "coordinates": [-76.7935, 40.8882]}, "properties": {"year": 2023, "state": "Pennsylvania", "age_band": "18-24", "sex": "Male", "lighting": "Daylight", "hour": "1:00pm-1:59pm", "month": "May", "crash_group": "Bicyclist Failed to Yield - Sign-Controlled Intersection", "crash_type": "Bicyclist Ride Through - Sign-Controlled Intersection"}}, {"type": "Feature", "geometry": {"type": "Point", "coordinates": [-76.2202, 41.0476]}, "properties": {"year": 2023, "state": "Pennsylvania", "age_band": "65+", "sex": "Male", "lighting": "Daylight", "hour": "2:00pm-2:59pm", "month": "April", "crash_group": "Loss of Control / Turning Error", "crash_type": "Motorist Turning Error - Left turn"}}, {"type": "Feature", "geometry": {"type": "Point", "coordinates": [-75.2467, 39.9628]}, "properties": {"year": 2023, "state": "Pennsylvania", "age_band": "45-64", "sex": "Male", "lighting": "Daylight", "hour": "6:00am-6:59am", "month": "May", "crash_group": "Bicyclist Left Turn / Merge", "crash_type": "Bicyclist Left Turn - Opposite Direction"}}, {"type": "Feature", "geometry": {"type": "Point", "coordinates": [-79.7309, 39.9379]}, "properties": {"year": 2023, "state": "Pennsylvania", "age_band": "25-44", "sex": "Female", "lighting": "Daylight", "hour": "3:00pm-3:59pm", "month": "July", "crash_group": "Crossing Paths - Other Circumstances", "crash_type": "Sign-Controlled Intersection - Other / Unknown"}}, {"type": "Feature", "geometry": {"type": "Point", "coordinates": [-75.3554, 40.1169]}, "properties": {"year": 2023, "state": "Pennsylvania", "age_band": "45-64", "sex": "Male", "lighting": "Daylight", "hour": "9:00am-9:59am", "month": "July", "crash_group": "Crossing Paths - Other Circumstances", "crash_type": "Sign-Controlled Intersection - Other / Unknown"}}, {"type": "Feature", "geometry": {"type": "Point", "coordinates": [-77.8096, 40.7823]}, "properties": {"year": 2023, "state": "Pennsylvania", "age_band": "65+", "sex": "Male", "lighting": "Daylight", "hour": "12:00pm-12:59pm", "month": "July", "crash_group": "Parallel Paths - Other Circumstances", "crash_type": "Bicyclist Ride Out - Parallel Path"}}, {"type": "Feature", "geometry": {"type": "Point", "coordinates": [-74.9765, 40.0913]}, "properties": {"year": 2023, "state": "Pennsylvania", "age_band": "13-17 (teen)", "sex": "Male", "lighting": "Dark - Lighted", "hour": "4:00am-4:59am", "month": "July", "crash_group": "Motorist Overtaking Bicyclist", "crash_type": "Motorist Overtaking - Other/ Unknown"}}, {"type": "Feature", "geometry": {"type": "Point", "coordinates": [-75.1779, 39.8996]}, "properties": {"year": 2023, "state": "Pennsylvania", "age_band": "25-44", "sex": "Male", "lighting": "Daylight", "hour": "6:00pm-6:59pm", "month": "August", "crash_group": "Motorist Overtaking Bicyclist", "crash_type": "Motorist Overtaking - Other/ Unknown"}}, {"type": "Feature", "geometry": {"type": "Point", "coordinates": [-78.6554, 41.9606]}, "properties": {"year": 2023, "state": "Pennsylvania", "age_band": "13-17 (teen)", "sex": "Male", "lighting": "Daylight", "hour": "5:00pm-5:59pm", "month": "June", "crash_group": "Bicyclist Failed to Yield - Sign-Controlled Intersection", "crash_type": "Bicyclist Ride Through - Sign-Controlled Intersection"}}, {"type": "Feature", "geometry": {"type": "Point", "coordinates": [-75.2312, 40.0537]}, "properties": {"year": 2023, "state": "Pennsylvania", "age_band": "65+", "sex": "Male", "lighting": "Dark - Lighted", "hour": "6:00pm-6:59pm", "month": "November", "crash_group": "Bicyclist Failed to Yield - Signalized Intersection", "crash_type": "Bicyclist Ride Through - Signalized Intersection"}}, {"type": "Feature", "geometry": {"type": "Point", "coordinates": [-74.7831, 40.1882]}, "properties": {"year": 2023, "state": "Pennsylvania", "age_band": "25-44", "sex": "Male", "lighting": "Dark - Not Lighted", "hour": "0:00am-0:59am", "month": "August", "crash_group": "Other / Unknown - Insufficient Details", "crash_type": "Unknown Approach Paths"}}, {"type": "Feature", "geometry": {"type": "Point", "coordinates": [-80.3816, 41.9771]}, "properties": {"year": 2023, "state": "Pennsylvania", "age_band": "65+", "sex": "Male", "lighting": "Daylight", "hour": "3:00pm-3:59pm", "month": "August", "crash_group": "Bicyclist Left Turn / Merge", "crash_type": "Bicyclist Left Turn - Same Direction"}}, {"type": "Feature", "geometry": {"type": "Point", "coordinates": [-75.3764, 40.6925]}, "properties": {"year": 2023, "state": "Pennsylvania", "age_band": "65+", "sex": "Male", "lighting": "Daylight", "hour": "12:00pm-12:59pm", "month": "September", "crash_group": "Bicyclist Failed to Yield - Sign-Controlled Intersection", "crash_type": "Bicyclist Ride Through - Sign-Controlled Intersection"}}, {"type": "Feature", "geometry": {"type": "Point", "coordinates": [-74.8264, 40.1784]}, "properties": {"year": 2023, "state": "Pennsylvania", "age_band": "45-64", "sex": "Male", "lighting": "Dark - Lighted", "hour": "7:00pm-7:59pm", "month": "September", "crash_group": "Other / Unknown - Insufficient Details", "crash_type": "Unknown Approach Paths"}}, {"type": "Feature", "geometry": {"type": "Point", "coordinates": [-80.0335, 40.463]}, "properties": {"year": 2023, "state": "Pennsylvania", "age_band": "45-64", "sex": "Male", "lighting": "Dark - Lighted", "hour": "9:00pm-9:59pm", "month": "August", "crash_group": "Crossing Paths - Other Circumstances", "crash_type": "Crossing Paths - Intersection - Other / Unknown Control"}}, {"type": "Feature", "geometry": {"type": "Point", "coordinates": [-75.8626, 40.4703]}, "properties": {"year": 2023, "state": "Pennsylvania", "age_band": "18-24", "sex": "Male", "lighting": "Daylight", "hour": "6:00pm-6:59pm", "month": "September", "crash_group": "Other / Unknown - Insufficient Details", "crash_type": "Unknown Approach Paths"}}, {"type": "Feature", "geometry": {"type": "Point", "coordinates": [-74.7625, 40.1855]}, "properties": {"year": 2023, "state": "Pennsylvania", "age_band": "45-64", "sex": "Male", "lighting": "Dark - Lighted", "hour": "0:00am-0:59am", "month": "October", "crash_group": "Motorist Overtaking Bicyclist", "crash_type": "Motorist Overtaking - Other/ Unknown"}}, {"type": "Feature", "geometry": {"type": "Point", "coordinates": [-75.1258, 40.0989]}, "properties": {"year": 2023, "state": "Pennsylvania", "age_band": "25-44", "sex": "Male", "lighting": "Dark - Not Lighted", "hour": "6:00am-6:59am", "month": "October", "crash_group": "Motorist Overtaking Bicyclist", "crash_type": "Motorist Overtaking - Undetected Bicyclist or Detected - Too Late to Avoid"}}, {"type": "Feature", "geometry": {"type": "Point", "coordinates": [-80.1001, 40.6801]}, "properties": {"year": 2023, "state": "Pennsylvania", "age_band": "18-24", "sex": "Male", "lighting": "Dark - Not Lighted", "hour": "11:00pm-11:59pm", "month": "November", "crash_group": "Motorist Overtaking Bicyclist", "crash_type": "Motorist Overtaking - Other/ Unknown"}}, {"type": "Feature", "geometry": {"type": "Point", "coordinates": [-79.1439, 40.6315]}, "properties": {"year": 2023, "state": "Pennsylvania", "age_band": "25-44", "sex": "Male", "lighting": "Dark - Not Lighted", "hour": "4:00am-4:59am", "month": "December", "crash_group": "Motorist Overtaking Bicyclist", "crash_type": "Motorist Overtaking - Undetected Bicyclist or Detected - Too Late to Avoid"}}, {"type": "Feature", "geometry": {"type": "Point", "coordinates": [-71.3078, 41.5076]}, "properties": {"year": 2023, "state": "Rhode Island", "age_band": "25-44", "sex": "Female", "lighting": "Daylight", "hour": "8:00am-8:59am", "month": "October", "crash_group": "Motorist Left Turn / Merge", "crash_type": "Motorist Left Turn- Opposite Direction"}}, {"type": "Feature", "geometry": {"type": "Point", "coordinates": [-71.4149, 41.8384]}, "properties": {"year": 2023, "state": "Rhode Island", "age_band": "45-64", "sex": "Male", "lighting": "Daylight", "hour": "9:00am-9:59am", "month": "October", "crash_group": "Bicyclist Failed to Yield - Midblock", "crash_type": "Bicyclist Ride Out - Other Midblock"}}, {"type": "Feature", "geometry": {"type": "Point", "coordinates": [-80.201, 33.713]}, "properties": {"year": 2023, "state": "South Carolina", "age_band": "45-64", "sex": "Male", "lighting": "Daylight", "hour": "1:00pm-1:59pm", "month": "February", "crash_group": "Motorist Overtaking Bicyclist", "crash_type": "Motorist Overtaking - Other/ Unknown"}}, {"type": "Feature", "geometry": {"type": "Point", "coordinates": [-80.7194, 32.4412]}, "properties": {"year": 2023, "state": "South Carolina", "age_band": "25-44", "sex": "Female", "lighting": "Dark - Not Lighted", "hour": "7:00pm-7:59pm", "month": "February", "crash_group": "Wrong-Way / Wrong-Side", "crash_type": "Wrong-Way / Wrong-Side - Bicyclist"}}, {"type": "Feature", "geometry": {"type": "Point", "coordinates": [-78.9546, 33.6708]}, "properties": {"year": 2023, "state": "South Carolina", "age_band": "65+", "sex": "Female", "lighting": "Daylight", "hour": "3:00pm-3:59pm", "month": "January", "crash_group": "Motorist Left Turn / Merge", "crash_type": "Motorist Left Turn- Same Direction"}}, {"type": "Feature", "geometry": {"type": "Point", "coordinates": [-80.8527, 32.641]}, "properties": {"year": 2023, "state": "South Carolina", "age_band": "45-64", "sex": "Male", "lighting": "Dusk", "hour": "5:00pm-5:59pm", "month": "March", "crash_group": "Loss of Control / Turning Error", "crash_type": "Motorist Turning Error - Left turn"}}, {"type": "Feature", "geometry": {"type": "Point", "coordinates": [-80.2558, 32.7325]}, "properties": {"year": 2023, "state": "South Carolina", "age_band": "65+", "sex": "Male", "lighting": "Daylight", "hour": "1:00pm-1:59pm", "month": "April", "crash_group": "Motorist Overtaking Bicyclist", "crash_type": "Motorist Overtaking - Other/ Unknown"}}, {"type": "Feature", "geometry": {"type": "Point", "coordinates": [-81.6304, 34.2954]}, "properties": {"year": 2023, "state": "South Carolina", "age_band": "45-64", "sex": "Male", "lighting": "Daylight", "hour": "5:00pm-5:59pm", "month": "May", "crash_group": "Bicyclist Failed to Yield - Signalized Intersection", "crash_type": "Bicyclist Ride Out - Signalized Intersection"}}, {"type": "Feature", "geometry": {"type": "Point", "coordinates": [-79.9769, 32.8555]}, "properties": {"year": 2023, "state": "South Carolina", "age_band": "45-64", "sex": "Female", "lighting": "Daylight", "hour": "8:00am-8:59am", "month": "June", "crash_group": "Bicyclist Failed to Yield - Signalized Intersection", "crash_type": "Bicyclist Ride Out - Signalized Intersection"}}, {"type": "Feature", "geometry": {"type": "Point", "coordinates": [-82.1404, 34.1587]}, "properties": {"year": 2023, "state": "South Carolina", "age_band": "65+", "sex": "Male", "lighting": "Daylight", "hour": "7:00am-7:59am", "month": "July", "crash_group": "Crossing Paths - Other Circumstances", "crash_type": "Crossing Paths - Intersection - Other / Unknown Control"}}, {"type": "Feature", "geometry": {"type": "Point", "coordinates": [-79.5091, 33.4955]}, "properties": {"year": 2023, "state": "South Carolina", "age_band": "25-44", "sex": "Male", "lighting": "Dark - Not Lighted", "hour": "8:00pm-8:59pm", "month": "July", "crash_group": "Wrong-Way / Wrong-Side", "crash_type": "Wrong-Way / Wrong-Side - Bicyclist"}}, {"type": "Feature", "geometry": {"type": "Point", "coordinates": [-81.0312, 33.0978]}, "properties": {"year": 2023, "state": "South Carolina", "age_band": "25-44", "sex": "Male", "lighting": "Daylight", "hour": "9:00pm-9:59pm", "month": "July", "crash_group": "Motorist Overtaking Bicyclist", "crash_type": "Motorist Overtaking - Undetected Bicyclist or Detected - Too Late to Avoid"}}, {"type": "Feature", "geometry": {"type": "Point", "coordinates": [-81.1876, 35.0511]}, "properties": {"year": 2023, "state": "South Carolina", "age_band": "65+", "sex": "Male", "lighting": "Daylight", "hour": "8:00am-8:59am", "month": "July", "crash_group": "Motorist Overtaking Bicyclist", "crash_type": "Motorist Overtaking - Other/ Unknown"}}, {"type": "Feature", "geometry": {"type": "Point", "coordinates": [-81.1876, 35.0511]}, "properties": {"year": 2023, "state": "South Carolina", "age_band": "65+", "sex": "Male", "lighting": "Daylight", "hour": "8:00am-8:59am", "month": "July", "crash_group": "Motorist Overtaking Bicyclist", "crash_type": "Motorist Overtaking - Misjudged Space"}}, {"type": "Feature", "geometry": {"type": "Point", "coordinates": [-79.7785, 34.2544]}, "properties": {"year": 2023, "state": "South Carolina", "age_band": "25-44", "sex": "Male", "lighting": "Dark - Not Lighted", "hour": "9:00pm-9:59pm", "month": "July", "crash_group": "Motorist Overtaking Bicyclist", "crash_type": "Motorist Overtaking - Undetected Bicyclist or Detected - Too Late to Avoid"}}, {"type": "Feature", "geometry": {"type": "Point", "coordinates": [-81.0925, 33.8337]}, "properties": {"year": 2023, "state": "South Carolina", "age_band": "25-44", "sex": "Male", "lighting": "Dark - Unknown Lighting", "hour": "4:00am-4:59am", "month": "August", "crash_group": "Other / Unknown - Insufficient Details", "crash_type": "Unknown Approach Paths"}}, {"type": "Feature", "geometry": {"type": "Point", "coordinates": [-80.6395, 32.8865]}, "properties": {"year": 2023, "state": "South Carolina", "age_band": "25-44", "sex": "Female", "lighting": "Dark - Not Lighted", "hour": "8:00pm-8:59pm", "month": "September", "crash_group": "Motorist Overtaking Bicyclist", "crash_type": "Motorist Overtaking - Undetected Bicyclist or Detected - Too Late to Avoid"}}, {"type": "Feature", "geometry": {"type": "Point", "coordinates": [-79.5442, 33.4417]}, "properties": {"year": 2023, "state": "South Carolina", "age_band": "65+", "sex": "Male", "lighting": "Dark - Not Lighted", "hour": "11:00pm-11:59pm", "month": "October", "crash_group": "Bicyclist Failed to Yield - Midblock", "crash_type": "Bicyclist Ride Out - Midblock - Unknown"}}, {"type": "Feature", "geometry": {"type": "Point", "coordinates": [-82.448, 34.8799]}, "properties": {"year": 2023, "state": "South Carolina", "age_band": "25-44", "sex": "Male", "lighting": "Dark - Lighted", "hour": "10:00pm-10:59pm", "month": "October", "crash_group": "Parallel Paths - Other Circumstances", "crash_type": "Parallel Paths - Other / Unknown"}}, {"type": "Feature", "geometry": {"type": "Point", "coordinates": [-80.0883, 33.0083]}, "properties": {"year": 2023, "state": "South Carolina", "age_band": "25-44", "sex": "Male", "lighting": "Dark - Not Lighted", "hour": "8:00pm-8:59pm", "month": "October", "crash_group": "Bicyclist Left Turn / Merge", "crash_type": "Bicyclist Left Turn - Opposite Direction"}}, {"type": "Feature", "geometry": {"type": "Point", "coordinates": [-80.7189, 32.4301]}, "properties": {"year": 2023, "state": "South Carolina", "age_band": "45-64", "sex": "Male", "lighting": "Dark - Not Lighted", "hour": "9:00pm-9:59pm", "month": "October", "crash_group": "Motorist Overtaking Bicyclist", "crash_type": "Motorist Overtaking - Undetected Bicyclist or Detected - Too Late to Avoid"}}, {"type": "Feature", "geometry": {"type": "Point", "coordinates": [-80.1595, 32.9508]}, "properties": {"year": 2023, "state": "South Carolina", "age_band": "45-64", "sex": "Male", "lighting": "Dark - Lighted", "hour": "9:00pm-9:59pm", "month": "October", "crash_group": "Bicyclist Failed to Yield - Midblock", "crash_type": "Bicyclist Ride-Out - Driveway, Unknown Type"}}, {"type": "Feature", "geometry": {"type": "Point", "coordinates": [-78.7215, 33.8046]}, "properties": {"year": 2023, "state": "South Carolina", "age_band": "45-64", "sex": "Female", "lighting": "Daylight", "hour": "3:00pm-3:59pm", "month": "December", "crash_group": "Motorist Left Turn / Merge", "crash_type": "Motorist Left Turn- Opposite Direction"}}, {"type": "Feature", "geometry": {"type": "Point", "coordinates": [-79.6838, 34.2004]}, "properties": {"year": 2023, "state": "South Carolina", "age_band": "25-44", "sex": "Female", "lighting": "Daylight", "hour": "10:00am-10:59am", "month": "December", "crash_group": "Parallel Paths - Other Circumstances", "crash_type": "Parallel Paths - Other / Unknown"}}, {"type": "Feature", "geometry": {"type": "Point", "coordinates": [-81.838, 33.8274]}, "properties": {"year": 2023, "state": "South Carolina", "age_band": "45-64", "sex": "Male", "lighting": "Dark - Not Lighted", "hour": "5:00pm-5:59pm", "month": "December", "crash_group": "Motorist Overtaking Bicyclist", "crash_type": "Motorist Overtaking - Undetected Bicyclist or Detected - Too Late to Avoid"}}, {"type": "Feature", "geometry": {"type": "Point", "coordinates": [-82.4973, 34.4333]}, "properties": {"year": 2023, "state": "South Carolina", "age_band": "65+", "sex": "Male", "lighting": "Dusk", "hour": "5:00pm-5:59pm", "month": "December", "crash_group": "Motorist Overtaking Bicyclist", "crash_type": "Motorist Overtaking - Other/ Unknown"}}, {"type": "Feature", "geometry": {"type": "Point", "coordinates": [-82.7811, 34.6292]}, "properties": {"year": 2023, "state": "South Carolina", "age_band": "25-44", "sex": "Male", "lighting": "Dark - Lighted", "hour": "1:00am-1:59am", "month": "October", "crash_group": "Parallel Paths - Other Circumstances", "crash_type": "Parallel Paths - Other / Unknown"}}, {"type": "Feature", "geometry": {"type": "Point", "coordinates": [-81.1069, 33.5785]}, "properties": {"year": 2023, "state": "South Carolina", "age_band": "45-64", "sex": "Male", "lighting": "Dark - Not Lighted", "hour": "9:00pm-9:59pm", "month": "November", "crash_group": "Motorist Overtaking Bicyclist", "crash_type": "Motorist Overtaking - Undetected Bicyclist or Detected - Too Late to Avoid"}}, {"type": "Feature", "geometry": {"type": "Point", "coordinates": [-85.2911, 35.0079]}, "properties": {"year": 2023, "state": "Tennessee", "age_band": "45-64", "sex": "Male", "lighting": "Daylight", "hour": "12:00pm-12:59pm", "month": "January", "crash_group": "Motorist Failed to Yield - Sign-Controlled Intersection", "crash_type": "Motorist Drive Out - Sign-Controlled Intersection"}}, {"type": "Feature", "geometry": {"type": "Point", "coordinates": [-89.9166, 35.2137]}, "properties": {"year": 2023, "state": "Tennessee", "age_band": "45-64", "sex": "Male", "lighting": "Dark - Not Lighted", "hour": "6:00pm-6:59pm", "month": "January", "crash_group": "Other / Unknown - Insufficient Details", "crash_type": "Unknown Approach Paths"}}, {"type": "Feature", "geometry": {"type": "Point", "coordinates": [-87.319, 35.273]}, "properties": {"year": 2023, "state": "Tennessee", "age_band": "45-64", "sex": "Male", "lighting": "Daylight", "hour": "11:00am-11:59am", "month": "April", "crash_group": "Bicyclist Left Turn / Merge", "crash_type": "Bicyclist Left Turn - Same Direction"}}, {"type": "Feature", "geometry": {"type": "Point", "coordinates": [-89.4721, 36.2628]}, "properties": {"year": 2023, "state": "Tennessee", "age_band": "45-64", "sex": "Male", "lighting": "Dark - Not Lighted", "hour": "10:00pm-10:59pm", "month": "May", "crash_group": "Wrong-Way / Wrong-Side", "crash_type": "Wrong-Way / Wrong-Side - Unknown"}}, {"type": "Feature", "geometry": {"type": "Point", "coordinates": [-84.5814, 35.8672]}, "properties": {"year": 2023, "state": "Tennessee", "age_band": "45-64", "sex": "Male", "lighting": "Dark - Not Lighted", "hour": "9:00pm-9:59pm", "month": "July", "crash_group": "Motorist Overtaking Bicyclist", "crash_type": "Motorist Overtaking - Undetected Bicyclist or Detected - Too Late to Avoid"}}, {"type": "Feature", "geometry": {"type": "Point", "coordinates": [-83.9563, 35.7188]}, "properties": {"year": 2023, "state": "Tennessee", "age_band": "45-64", "sex": "Male", "lighting": "Daylight", "hour": "2:00pm-2:59pm", "month": "August", "crash_group": "Bicyclist Failed to Yield - Sign-Controlled Intersection", "crash_type": "Bicyclist Ride Out - Sign-Controlled Intersection"}}, {"type": "Feature", "geometry": {"type": "Point", "coordinates": [-86.8925, 36.0741]}, "properties": {"year": 2023, "state": "Tennessee", "age_band": "18-24", "sex": "Female", "lighting": "Daylight", "hour": "5:00pm-5:59pm", "month": "September", "crash_group": "Motorist Overtaking Bicyclist", "crash_type": "Motorist Overtaking - Bicyclist Swerved"}}, {"type": "Feature", "geometry": {"type": "Point", "coordinates": [-84.8862, 35.1411]}, "properties": {"year": 2023, "state": "Tennessee", "age_band": "45-64", "sex": "Female", "lighting": "Dark - Lighted", "hour": "9:00pm-9:59pm", "month": "September", "crash_group": "Motorist Overtaking Bicyclist", "crash_type": "Motorist Overtaking - Other/ Unknown"}}, {"type": "Feature", "geometry": {"type": "Point", "coordinates": [-89.8865, 35.1866]}, "properties": {"year": 2023, "state": "Tennessee", "age_band": "45-64", "sex": "Male", "lighting": "Dark - Lighted", "hour": "8:00pm-8:59pm", "month": "September", "crash_group": "Bicyclist Failed to Yield - Midblock", "crash_type": "Bicyclist Ride Out - Other Midblock"}}, {"type": "Feature", "geometry": {"type": "Point", "coordinates": [-83.2773, 36.2458]}, "properties": {"year": 2023, "state": "Tennessee", "age_band": "45-64", "sex": "Male", "lighting": "Daylight", "hour": "5:00pm-5:59pm", "month": "October", "crash_group": "Loss of Control / Turning Error", "crash_type": "Bicyclist Lost Control - Oversteering, Improper Braking, Speed"}}, {"type": "Feature", "geometry": {"type": "Point", "coordinates": [-86.8422, 35.9296]}, "properties": {"year": 2023, "state": "Tennessee", "age_band": "45-64", "sex": "Male", "lighting": "Daylight", "hour": "8:00am-8:59am", "month": "December", "crash_group": "Motorist Failed to Yield - Signalized Intersection", "crash_type": "Motorist Drive Through - Signalized Intersection"}}, {"type": "Feature", "geometry": {"type": "Point", "coordinates": [-86.8422, 35.9296]}, "properties": {"year": 2023, "state": "Tennessee", "age_band": "45-64", "sex": "Male", "lighting": "Daylight", "hour": "8:00am-8:59am", "month": "December", "crash_group": "Motorist Failed to Yield - Signalized Intersection", "crash_type": "Motorist Drive Through - Signalized Intersection"}}, {"type": "Feature", "geometry": {"type": "Point", "coordinates": [-102.8901, 30.8909]}, "properties": {"year": 2023, "state": "Texas", "age_band": "45-64", "sex": "Male", "lighting": "Daylight", "hour": "2:00pm-2:59pm", "month": "January", "crash_group": "Bicyclist Failed to Yield - Sign-Controlled Intersection", "crash_type": "Bicyclist Ride Through - Sign-Controlled Intersection"}}, {"type": "Feature", "geometry": {"type": "Point", "coordinates": [-102.8901, 30.8909]}, "properties": {"year": 2023, "state": "Texas", "age_band": "25-44", "sex": "Male", "lighting": "Daylight", "hour": "2:00pm-2:59pm", "month": "January", "crash_group": "Loss of Control / Turning Error", "crash_type": "Bicyclist Turning Error - Right turn"}}, {"type": "Feature", "geometry": {"type": "Point", "coordinates": [-94.175, 30.3862]}, "properties": {"year": 2023, "state": "Texas", "age_band": "13-17 (teen)", "sex": "Male", "lighting": "Dark - Not Lighted", "hour": "7:00pm-7:59pm", "month": "January", "crash_group": "Bicyclist Right Turn / Merge", "crash_type": "Bicyclist Right Turn - Same Direction"}}, {"type": "Feature", "geometry": {"type": "Point", "coordinates": [-97.5109, 25.9293]}, "properties": {"year": 2023, "state": "Texas", "age_band": "65+", "sex": "Male", "lighting": "Dark - Lighted", "hour": "6:00pm-6:59pm", "month": "February", "crash_group": "Bicyclist Left Turn / Merge", "crash_type": "Bicyclist Left Turn - Same Direction"}}, {"type": "Feature", "geometry": {"type": "Point", "coordinates": [-95.4108, 29.7527]}, "properties": {"year": 2023, "state": "Texas", "age_band": "65+", "sex": "Male", "lighting": "Dark - Lighted", "hour": "4:00am-4:59am", "month": "January", "crash_group": "Motorist Overtaking Bicyclist", "crash_type": "Motorist Overtaking - Other/ Unknown"}}, {"type": "Feature", "geometry": {"type": "Point", "coordinates": [-95.3464, 29.7458]}, "properties": {"year": 2023, "state": "Texas", "age_band": "45-64", "sex": "Male", "lighting": "Dark - Lighted", "hour": "10:00pm-10:59pm", "month": "January", "crash_group": "Crossing Paths - Other Circumstances", "crash_type": "Crossing Paths - Midblock - Other / Unknown"}}, {"type": "Feature", "geometry": {"type": "Point", "coordinates": [-94.6465, 29.783]}, "properties": {"year": 2023, "state": "Texas", "age_band": "45-64", "sex": "Male", "lighting": "Dark - Not Lighted", "hour": "7:00pm-7:59pm", "month": "January", "crash_group": "Motorist Overtaking Bicyclist", "crash_type": "Motorist Overtaking - Other/ Unknown"}}, {"type": "Feature", "geometry": {"type": "Point", "coordinates": [-96.3358, 30.6527]}, "properties": {"year": 2023, "state": "Texas", "age_band": "65+", "sex": "Female", "lighting": "Daylight", "hour": "1:00pm-1:59pm", "month": "February", "crash_group": "Other / Unusual Circumstances", "crash_type": "Unusual Circumstances"}}, {"type": "Feature", "geometry": {"type": "Point", "coordinates": [-95.8208, 29.7857]}, "properties": {"year": 2023, "state": "Texas", "age_band": "45-64", "sex": "Male", "lighting": "Dark - Lighted", "hour": "7:00pm-7:59pm", "month": "February", "crash_group": "Bicyclist Failed to Yield - Signalized Intersection", "crash_type": "Bicyclist Ride Through - Signalized Intersection"}}, {"type": "Feature", "geometry": {"type": "Point", "coordinates": [-95.235, 30.1509]}, "properties": {"year": 2023, "state": "Texas", "age_band": "45-64", "sex": "Male", "lighting": "Dark - Not Lighted", "hour": "10:00pm-10:59pm", "month": "February", "crash_group": "Parallel Paths - Other Circumstances", "crash_type": "Parallel Paths - Other / Unknown"}}, {"type": "Feature", "geometry": {"type": "Point", "coordinates": [-96.5469, 29.7088]}, "properties": {"year": 2023, "state": "Texas", "age_band": "65+", "sex": "Male", "lighting": "Daylight", "hour": "12:00pm-12:59pm", "month": "February", "crash_group": "Bicyclist Left Turn / Merge", "crash_type": "Bicyclist Left Turn - Same Direction"}}, {"type": "Feature", "geometry": {"type": "Point", "coordinates": [-93.9844, 30.1324]}, "properties": {"year": 2023, "state": "Texas", "age_band": "25-44", "sex": "Male", "lighting": "Dark - Not Lighted", "hour": "8:00pm-8:59pm", "month": "March", "crash_group": "Motorist Overtaking Bicyclist", "crash_type": "Motorist Overtaking - Undetected Bicyclist or Detected - Too Late to Avoid"}}, {"type": "Feature", "geometry": {"type": "Point", "coordinates": [-95.4944, 29.8779]}, "properties": {"year": 2023, "state": "Texas", "age_band": "25-44", "sex": "Male", "lighting": "Dark - Lighted", "hour": "7:00pm-7:59pm", "month": "February", "crash_group": "Motorist Left Turn / Merge", "crash_type": "Motorist Left Turn- Same Direction"}}, {"type": "Feature", "geometry": {"type": "Point", "coordinates": [-95.3393, 29.874]}, "properties": {"year": 2023, "state": "Texas", "age_band": "45-64", "sex": "Male", "lighting": "Daylight", "hour": "10:00am-10:59am", "month": "March", "crash_group": "Other / Unknown - Insufficient Details", "crash_type": "Unknown Approach Paths"}}, {"type": "Feature", "geometry": {"type": "Point", "coordinates": [-102.8135, 30.8919]}, "properties": {"year": 2023, "state": "Texas", "age_band": "18-24", "sex": "Male", "lighting": "Dark - Not Lighted", "hour": "11:00pm-11:59pm", "month": "March", "crash_group": "Wrong-Way / Wrong-Side", "crash_type": "Wrong-Way / Wrong-Side - Bicyclist"}}, {"type": "Feature", "geometry": {"type": "Point", "coordinates": [-98.4695, 30.2637]}, "properties": {"year": 2023, "state": "Texas", "age_band": "25-44", "sex": "Male", "lighting": "Daylight", "hour": "8:00am-8:59am", "month": "March", "crash_group": "Motorist Overtaking Bicyclist", "crash_type": "Motorist Overtaking - Undetected Bicyclist or Detected - Too Late to Avoid"}}, {"type": "Feature", "geometry": {"type": "Point", "coordinates": [-98.4695, 30.2637]}, "properties": {"year": 2023, "state": "Texas", "age_band": "25-44", "sex": "Male", "lighting": "Daylight", "hour": "8:00am-8:59am", "month": "March", "crash_group": "Motorist Overtaking Bicyclist", "crash_type": "Motorist Overtaking - Undetected Bicyclist or Detected - Too Late to Avoid"}}, {"type": "Feature", "geometry": {"type": "Point", "coordinates": [-96.6996, 32.9864]}, "properties": {"year": 2023, "state": "Texas", "age_band": "25-44", "sex": "Male", "lighting": "Daylight", "hour": "9:00am-9:59am", "month": "March", "crash_group": "Motorist Overtaking Bicyclist", "crash_type": "Motorist Overtaking - Undetected Bicyclist or Detected - Too Late to Avoid"}}, {"type": "Feature", "geometry": {"type": "Point", "coordinates": [-97.6959, 30.365]}, "properties": {"year": 2023, "state": "Texas", "age_band": "25-44", "sex": "Male", "lighting": "Dark - Lighted", "hour": "8:00pm-8:59pm", "month": "February", "crash_group": "Crossing Paths - Other Circumstances", "crash_type": "Crossing Paths - Intersection - Other / Unknown Control"}}, {"type": "Feature", "geometry": {"type": "Point", "coordinates": [-95.35, 29.8597]}, "properties": {"year": 2023, "state": "Texas", "age_band": "25-44", "sex": "Male", "lighting": "Dark - Lighted", "hour": "7:00pm-7:59pm", "month": "February", "crash_group": "Loss of Control / Turning Error", "crash_type": "Bicyclist Lost Control - Other / Unknown"}}, {"type": "Feature", "geometry": {"type": "Point", "coordinates": [-97.7791, 30.2114]}, "properties": {"year": 2023, "state": "Texas", "age_band": "65+", "sex": "Male", "lighting": "Dark - Lighted", "hour": "11:00pm-11:59pm", "month": "March", "crash_group": "Motorist Overtaking Bicyclist", "crash_type": "Motorist Overtaking - Undetected Bicyclist or Detected - Too Late to Avoid"}}, {"type": "Feature", "geometry": {"type": "Point", "coordinates": [-98.557, 29.4045]}, "properties": {"year": 2023, "state": "Texas", "age_band": "45-64", "sex": "Male", "lighting": "Dark - Not Lighted", "hour": "9:00pm-9:59pm", "month": "March", "crash_group": "Parallel Paths - Other Circumstances", "crash_type": "Parallel Paths - Other / Unknown"}}, {"type": "Feature", "geometry": {"type": "Point", "coordinates": [-95.4919, 29.7279]}, "properties": {"year": 2023, "state": "Texas", "age_band": "45-64", "sex": "Male", "lighting": "Dark - Lighted", "hour": "4:00am-4:59am", "month": "March", "crash_group": "Motorist Overtaking Bicyclist", "crash_type": "Motorist Overtaking - Other/ Unknown"}}, {"type": "Feature", "geometry": {"type": "Point", "coordinates": [-94.3495, 32.5408]}, "properties": {"year": 2023, "state": "Texas", "age_band": "45-64", "sex": "Male", "lighting": "Dark - Not Lighted", "hour": "7:00pm-7:59pm", "month": "March", "crash_group": "Bicyclist Left Turn / Merge", "crash_type": "Bicyclist Left Turn - Opposite Direction"}}, {"type": "Feature", "geometry": {"type": "Point", "coordinates": [-97.7635, 30.2233]}, "properties": {"year": 2023, "state": "Texas", "age_band": "25-44", "sex": "Male", "lighting": "Dark - Lighted", "hour": "1:00am-1:59am", "month": "April", "crash_group": "Bicyclist Failed to Yield - Signalized Intersection", "crash_type": "Bicyclist Ride Through - Signalized Intersection"}}, {"type": "Feature", "geometry": {"type": "Point", "coordinates": [-94.9871, 29.3962]}, "properties": {"year": 2023, "state": "Texas", "age_band": "25-44", "sex": "Male", "lighting": "Dark - Not Lighted", "hour": "3:00am-3:59am", "month": "April", "crash_group": "Motorist Overtaking Bicyclist", "crash_type": "Motorist Overtaking - Undetected Bicyclist or Detected - Too Late to Avoid"}}, {"type": "Feature", "geometry": {"type": "Point", "coordinates": [-95.9126, 33.2296]}, "properties": {"year": 2023, "state": "Texas", "age_band": "45-64", "sex": "Male", "lighting": "Daylight", "hour": "3:00pm-3:59pm", "month": "April", "crash_group": "Bicyclist Right Turn / Merge", "crash_type": "Bicyclist Right Turn - Opposite Direction"}}, {"type": "Feature", "geometry": {"type": "Point", "coordinates": [-95.5069, 30.1075]}, "properties": {"year": 2023, "state": "Texas", "age_band": "18-24", "sex": "Male", "lighting": "Dark - Lighted", "hour": "3:00am-3:59am", "month": "April", "crash_group": "Motorist Overtaking Bicyclist", "crash_type": "Motorist Overtaking - Misjudged Space"}}, {"type": "Feature", "geometry": {"type": "Point", "coordinates": [-97.7517, 30.276]}, "properties": {"year": 2023, "state": "Texas", "age_band": "45-64", "sex": "Male", "lighting": "Daylight", "hour": "8:00am-8:59am", "month": "April", "crash_group": "Loss of Control / Turning Error", "crash_type": "Bicyclist Lost Control - Other / Unknown"}}, {"type": "Feature", "geometry": {"type": "Point", "coordinates": [-95.2897, 29.6982]}, "properties": {"year": 2023, "state": "Texas", "age_band": "45-64", "sex": "Male", "lighting": "Daylight", "hour": "3:00pm-3:59pm", "month": "March", "crash_group": "Bicyclist Failed to Yield - Midblock", "crash_type": "Bicyclist Ride Out - Other Midblock"}}, {"type": "Feature", "geometry": {"type": "Point", "coordinates": [-95.2637, 29.85]}, "properties": {"year": 2023, "state": "Texas", "age_band": "45-64", "sex": "Male", "lighting": "Dark - Lighted", "hour": "9:00pm-9:59pm", "month": "April", "crash_group": "Bicyclist Right Turn / Merge", "crash_type": "Bicyclist Right Turn - Opposite Direction"}}, {"type": "Feature", "geometry": {"type": "Point", "coordinates": [-102.448, 31.8533]}, "properties": {"year": 2023, "state": "Texas", "age_band": "45-64", "sex": "Male", "lighting": "Dark - Not Lighted", "hour": "9:00pm-9:59pm", "month": "April", "crash_group": "Bicyclist Left Turn / Merge", "crash_type": "Bicyclist Left Turn - Same Direction"}}, {"type": "Feature", "geometry": {"type": "Point", "coordinates": [-95.0656, 29.6038]}, "properties": {"year": 2023, "state": "Texas", "age_band": "65+", "sex": "Male", "lighting": "Daylight", "hour": "9:00am-9:59am", "month": "April", "crash_group": "Motorist Overtaking Bicyclist", "crash_type": "Motorist Overtaking - Other/ Unknown"}}, {"type": "Feature", "geometry": {"type": "Point", "coordinates": [-95.1687, 29.8505]}, "properties": {"year": 2023, "state": "Texas", "age_band": "45-64", "sex": "Male", "lighting": "Daylight", "hour": "5:00pm-5:59pm", "month": "April", "crash_group": "Wrong-Way / Wrong-Side", "crash_type": "Wrong-Way / Wrong-Side - Bicyclist"}}, {"type": "Feature", "geometry": {"type": "Point", "coordinates": [-99.3766, 31.2067]}, "properties": {"year": 2023, "state": "Texas", "age_band": "45-64", "sex": "Male", "lighting": "Daylight", "hour": "11:00am-11:59am", "month": "May", "crash_group": "Motorist Overtaking Bicyclist", "crash_type": "Motorist Overtaking - Undetected Bicyclist or Detected - Too Late to Avoid"}}, {"type": "Feature", "geometry": {"type": "Point", "coordinates": [-95.8079, 29.7853]}, "properties": {"year": 2023, "state": "Texas", "age_band": "65+", "sex": "Male", "lighting": "Daylight", "hour": "3:00pm-3:59pm", "month": "April", "crash_group": "Motorist Right Turn / Merge", "crash_type": "Motorist right Turn - Opposite Direction"}}, {"type": "Feature", "geometry": {"type": "Point", "coordinates": [-98.5563, 29.3418]}, "properties": {"year": 2023, "state": "Texas", "age_band": "18-24", "sex": "Male", "lighting": "Daylight", "hour": "10:00am-10:59am", "month": "May", "crash_group": "Motorist Overtaking Bicyclist", "crash_type": "Motorist Overtaking - Other/ Unknown"}}, {"type": "Feature", "geometry": {"type": "Point", "coordinates": [-98.4321, 29.3954]}, "properties": {"year": 2023, "state": "Texas", "age_band": "25-44", "sex": "Male", "lighting": "Dark - Not Lighted", "hour": "1:00am-1:59am", "month": "May", "crash_group": "Wrong-Way / Wrong-Side", "crash_type": "Wrong-Way / Wrong-Side - Motorist"}}, {"type": "Feature", "geometry": {"type": "Point", "coordinates": [-96.6548, 32.8099]}, "properties": {"year": 2023, "state": "Texas", "age_band": "65+", "sex": "Male", "lighting": "Dark - Lighted", "hour": "9:00pm-9:59pm", "month": "June", "crash_group": "Motorist Overtaking Bicyclist", "crash_type": "Motorist Overtaking - Undetected Bicyclist or Detected - Too Late to Avoid"}}, {"type": "Feature", "geometry": {"type": "Point", "coordinates": [-99.6645, 32.4428]}, "properties": {"year": 2023, "state": "Texas", "age_band": "25-44", "sex": "Male", "lighting": "Dark - Not Lighted", "hour": "5:00am-5:59am", "month": "June", "crash_group": "Motorist Overtaking Bicyclist", "crash_type": "Motorist Overtaking - Other/ Unknown"}}, {"type": "Feature", "geometry": {"type": "Point", "coordinates": [-96.6736, 33.1699]}, "properties": {"year": 2023, "state": "Texas", "age_band": "18-24", "sex": "Male", "lighting": "Dark - Lighted", "hour": "0:00am-0:59am", "month": "April", "crash_group": "Bicyclist Failed to Yield - Midblock", "crash_type": "Bicyclist Ride Out - Other Midblock"}}, {"type": "Feature", "geometry": {"type": "Point", "coordinates": [-96.292, 32.9979]}, "properties": {"year": 2023, "state": "Texas", "age_band": "18-24", "sex": "Female", "lighting": "Dark - Not Lighted", "hour": "0:00am-0:59am", "month": "June", "crash_group": "Motorist Overtaking Bicyclist", "crash_type": "Motorist Overtaking - Undetected Bicyclist or Detected - Too Late to Avoid"}}, {"type": "Feature", "geometry": {"type": "Point", "coordinates": [-98.3461, 33.9402]}, "properties": {"year": 2023, "state": "Texas", "age_band": "45-64", "sex": "Male", "lighting": "Daylight", "hour": "1:00pm-1:59pm", "month": "June", "crash_group": "Motorist Overtaking Bicyclist", "crash_type": "Motorist Overtaking - Undetected Bicyclist or Detected - Too Late to Avoid"}}, {"type": "Feature", "geometry": {"type": "Point", "coordinates": [-98.3461, 33.9402]}, "properties": {"year": 2023, "state": "Texas", "age_band": "45-64", "sex": "Female", "lighting": "Daylight", "hour": "1:00pm-1:59pm", "month": "June", "crash_group": "Motorist Overtaking Bicyclist", "crash_type": "Motorist Overtaking - Undetected Bicyclist or Detected - Too Late to Avoid"}}, {"type": "Feature", "geometry": {"type": "Point", "coordinates": [-95.3848, 29.8642]}, "properties": {"year": 2023, "state": "Texas", "age_band": "25-44", "sex": "Male", "lighting": "Daylight", "hour": "7:00pm-7:59pm", "month": "June", "crash_group": "Bicyclist Failed to Yield - Midblock", "crash_type": "Bicyclist Ride-Out - Commercial Driveway"}}, {"type": "Feature", "geometry": {"type": "Point", "coordinates": [-97.0753, 32.6362]}, "properties": {"year": 2023, "state": "Texas", "age_band": "65+", "sex": "Male", "lighting": "Daylight", "hour": "11:00am-11:59am", "month": "June", "crash_group": "Other / Unknown - Insufficient Details", "crash_type": "Unknown Approach Paths"}}, {"type": "Feature", "geometry": {"type": "Point", "coordinates": [-96.6868, 32.7634]}, "properties": {"year": 2023, "state": "Texas", "age_band": "25-44", "sex": "Male", "lighting": "Dark - Not Lighted", "hour": "5:00am-5:59am", "month": "June", "crash_group": "Motorist Overtaking Bicyclist", "crash_type": "Motorist Overtaking - Other/ Unknown"}}, {"type": "Feature", "geometry": {"type": "Point", "coordinates": [-97.4395, 25.9365]}, "properties": {"year": 2023, "state": "Texas", "age_band": "45-64", "sex": "Male", "lighting": "Dark - Lighted", "hour": "10:00pm-10:59pm", "month": "July", "crash_group": "Other / Unknown - Insufficient Details", "crash_type": "Unknown Approach Paths"}}, {"type": "Feature", "geometry": {"type": "Point", "coordinates": [-95.4969, 29.6882]}, "properties": {"year": 2023, "state": "Texas", "age_band": "65+", "sex": "Male", "lighting": "Dark - Lighted", "hour": "9:00pm-9:59pm", "month": "May", "crash_group": "Bicyclist Failed to Yield - Sign-Controlled Intersection", "crash_type": "Bicyclist Ride Out - Sign-Controlled Intersection"}}, {"type": "Feature", "geometry": {"type": "Point", "coordinates": [-95.925, 33.5347]}, "properties": {"year": 2023, "state": "Texas", "age_band": "65+", "sex": "Female", "lighting": "Dark - Not Lighted", "hour": "9:00pm-9:59pm", "month": "July", "crash_group": "Motorist Overtaking Bicyclist", "crash_type": "Motorist Overtaking - Other/ Unknown"}}, {"type": "Feature", "geometry": {"type": "Point", "coordinates": [-95.2235, 31.8966]}, "properties": {"year": 2023, "state": "Texas", "age_band": "45-64", "sex": "Male", "lighting": "Dark - Not Lighted", "hour": "5:00am-5:59am", "month": "July", "crash_group": "Motorist Overtaking Bicyclist", "crash_type": "Motorist Overtaking - Undetected Bicyclist or Detected - Too Late to Avoid"}}, {"type": "Feature", "geometry": {"type": "Point", "coordinates": [-97.2269, 32.6586]}, "properties": {"year": 2023, "state": "Texas", "age_band": "45-64", "sex": "Male", "lighting": "Daylight", "hour": "5:00pm-5:59pm", "month": "July", "crash_group": "Wrong-Way / Wrong-Side", "crash_type": "Wrong-Way / Wrong-Side - Bicyclist"}}, {"type": "Feature", "geometry": {"type": "Point", "coordinates": [-95.3505, 29.7754]}, "properties": {"year": 2023, "state": "Texas", "age_band": "25-44", "sex": "Male", "lighting": "Dark - Lighted", "hour": "8:00pm-8:59pm", "month": "April", "crash_group": "Motorist Overtaking Bicyclist", "crash_type": "Motorist Overtaking - Other/ Unknown"}}, {"type": "Feature", "geometry": {"type": "Point", "coordinates": [-94.7329, 31.3457]}, "properties": {"year": 2023, "state": "Texas", "age_band": "45-64", "sex": "Male", "lighting": "Dark - Lighted", "hour": "6:00am-6:59am", "month": "July", "crash_group": "Motorist Overtaking Bicyclist", "crash_type": "Motorist Overtaking - Other/ Unknown"}}, {"type": "Feature", "geometry": {"type": "Point", "coordinates": [-94.9065, 29.9605]}, "properties": {"year": 2023, "state": "Texas", "age_band": "25-44", "sex": "Male", "lighting": "Dark - Unknown Lighting", "hour": "9:00pm-9:59pm", "month": "July", "crash_group": "Other / Unknown - Insufficient Details", "crash_type": "Unknown Approach Paths"}}, {"type": "Feature", "geometry": {"type": "Point", "coordinates": [-98.1524, 26.3]}, "properties": {"year": 2023, "state": "Texas", "age_band": "45-64", "sex": "Male", "lighting": "Dark - Not Lighted", "hour": "10:00pm-10:59pm", "month": "July", "crash_group": "Bicyclist Failed to Yield - Midblock", "crash_type": "Bicyclist Ride Out - Other Midblock"}}, {"type": "Feature", "geometry": {"type": "Point", "coordinates": [-97.1857, 32.9366]}, "properties": {"year": 2023, "state": "Texas", "age_band": "0-12 (child)", "sex": "Female", "lighting": "Daylight", "hour": "9:00am-9:59am", "month": "August", "crash_group": "Motorist Right Turn / Merge", "crash_type": "Motorist Right Turn - Same Direction"}}, {"type": "Feature", "geometry": {"type": "Point", "coordinates": [-98.5577, 29.4157]}, "properties": {"year": 2023, "state": "Texas", "age_band": "65+", "sex": "Male", "lighting": "Dark - Lighted", "hour": "9:00pm-9:59pm", "month": "August", "crash_group": "Motorist Overtaking Bicyclist", "crash_type": "Motorist Overtaking - Undetected Bicyclist or Detected - Too Late to Avoid"}}, {"type": "Feature", "geometry": {"type": "Point", "coordinates": [-98.0953, 26.2754]}, "properties": {"year": 2023, "state": "Texas", "age_band": "25-44", "sex": "Male", "lighting": "Dark - Not Lighted", "hour": "10:00pm-10:59pm", "month": "July", "crash_group": "Motorist Overtaking Bicyclist", "crash_type": "Motorist Overtaking - Other/ Unknown"}}, {"type": "Feature", "geometry": {"type": "Point", "coordinates": [-96.1001, 29.7962]}, "properties": {"year": 2023, "state": "Texas", "age_band": "65+", "sex": "Male", "lighting": "Daylight", "hour": "10:00am-10:59am", "month": "August", "crash_group": "Bicyclist Left Turn / Merge", "crash_type": "Bicyclist Left Turn - Same Direction"}}, {"type": "Feature", "geometry": {"type": "Point", "coordinates": [-96.683, 32.7325]}, "properties": {"year": 2023, "state": "Texas", "age_band": "45-64", "sex": "Male", "lighting": "Dark - Lighted", "hour": "8:00pm-8:59pm", "month": "July", "crash_group": "Crossing Paths - Other Circumstances", "crash_type": "Crossing Paths - Uncontrolled Intersection"}}, {"type": "Feature", "geometry": {"type": "Point", "coordinates": [-95.2224, 29.6108]}, "properties": {"year": 2023, "state": "Texas", "age_band": "45-64", "sex": "Male", "lighting": "Daylight", "hour": "4:00pm-4:59pm", "month": "July", "crash_group": "Loss of Control / Turning Error", "crash_type": "Motorist Turning Error - Left turn"}}, {"type": "Feature", "geometry": {"type": "Point", "coordinates": [-96.7501, 33.182]}, "properties": {"year": 2023, "state": "Texas", "age_band": "13-17 (teen)", "sex": "Male", "lighting": "Dark - Lighted", "hour": "5:00am-5:59am", "month": "August", "crash_group": "Bicyclist Failed to Yield - Signalized Intersection", "crash_type": "Bicyclist Ride Out - Signalized Intersection"}}, {"type": "Feature", "geometry": {"type": "Point", "coordinates": [-97.3917, 27.6729]}, "properties": {"year": 2023, "state": "Texas", "age_band": "18-24", "sex": "Male", "lighting": "Dark - Lighted", "hour": "10:00pm-10:59pm", "month": "August", "crash_group": "Bicyclist Failed to Yield - Signalized Intersection", "crash_type": "Bicyclist Ride Through - Signalized Intersection"}}, {"type": "Feature", "geometry": {"type": "Point", "coordinates": [-98.5492, 34.0985]}, "properties": {"year": 2023, "state": "Texas", "age_band": "25-44", "sex": "Male", "lighting": "Dark - Not Lighted", "hour": "3:00am-3:59am", "month": "August", "crash_group": "Motorist Overtaking Bicyclist", "crash_type": "Motorist Overtaking - Undetected Bicyclist or Detected - Too Late to Avoid"}}, {"type": "Feature", "geometry": {"type": "Point", "coordinates": [-95.7517, 29.7684]}, "properties": {"year": 2023, "state": "Texas", "age_band": "65+", "sex": "Male", "lighting": "Dark - Lighted", "hour": "11:00pm-11:59pm", "month": "August", "crash_group": "Motorist Overtaking Bicyclist", "crash_type": "Motorist Overtaking - Other/ Unknown"}}, {"type": "Feature", "geometry": {"type": "Point", "coordinates": [-95.0259, 29.8063]}, "properties": {"year": 2023, "state": "Texas", "age_band": "45-64", "sex": "Female", "lighting": "Daylight", "hour": "2:00pm-2:59pm", "month": "July", "crash_group": "Bicyclist Left Turn / Merge", "crash_type": "Bicyclist Left Turn - Same Direction"}}, {"type": "Feature", "geometry": {"type": "Point", "coordinates": [-96.8987, 32.8707]}, "properties": {"year": 2023, "state": "Texas", "age_band": "25-44", "sex": "Male", "lighting": "Dark - Not Lighted", "hour": "0:00am-0:59am", "month": "September", "crash_group": "Bicyclist Failed to Yield - Midblock", "crash_type": "Bicyclist Ride Out - Other Midblock"}}, {"type": "Feature", "geometry": {"type": "Point", "coordinates": [-100.6617, 31.5883]}, "properties": {"year": 2023, "state": "Texas", "age_band": "13-17 (teen)", "sex": "Male", "lighting": "Daylight", "hour": "12:00pm-12:59pm", "month": "August", "crash_group": "Bicyclist Failed to Yield - Midblock", "crash_type": "Bicyclist Ride-Out - Driveway, Unknown Type"}}, {"type": "Feature", "geometry": {"type": "Point", "coordinates": [-97.018, 31.5233]}, "properties": {"year": 2023, "state": "Texas", "age_band": "45-64", "sex": "Male", "lighting": "Dark - Not Lighted", "hour": "8:00pm-8:59pm", "month": "September", "crash_group": "Motorist Overtaking Bicyclist", "crash_type": "Motorist Overtaking - Other/ Unknown"}}, {"type": "Feature", "geometry": {"type": "Point", "coordinates": [-101.1238, 33.67]}, "properties": {"year": 2023, "state": "Texas", "age_band": "45-64", "sex": "Male", "lighting": "Daylight", "hour": "9:00am-9:59am", "month": "September", "crash_group": "Parallel Paths - Other Circumstances", "crash_type": "Bicyclist Ride Out - Parallel Path"}}, {"type": "Feature", "geometry": {"type": "Point", "coordinates": [-96.6838, 32.7131]}, "properties": {"year": 2023, "state": "Texas", "age_band": "45-64", "sex": "Male", "lighting": "Dark - Not Lighted", "hour": "5:00am-5:59am", "month": "September", "crash_group": "Motorist Overtaking Bicyclist", "crash_type": "Motorist Overtaking - Undetected Bicyclist or Detected - Too Late to Avoid"}}, {"type": "Feature", "geometry": {"type": "Point", "coordinates": [-98.4705, 29.3851]}, "properties": {"year": 2023, "state": "Texas", "age_band": "45-64", "sex": "Male", "lighting": "Dark - Lighted", "hour": "7:00pm-7:59pm", "month": "September", "crash_group": "Parallel Paths - Other Circumstances", "crash_type": "Parallel Paths - Other / Unknown"}}, {"type": "Feature", "geometry": {"type": "Point", "coordinates": [-97.0415, 32.7117]}, "properties": {"year": 2023, "state": "Texas", "age_band": "45-64", "sex": "Male", "lighting": "Daylight", "hour": "12:00pm-12:59pm", "month": "September", "crash_group": "Bicyclist Failed to Yield - Midblock", "crash_type": "Bicyclist Ride Out - Other Midblock"}}, {"type": "Feature", "geometry": {"type": "Point", "coordinates": [-100.4522, 31.4749]}, "properties": {"year": 2023, "state": "Texas", "age_band": "25-44", "sex": "Male", "lighting": "Daylight", "hour": "7:00am-7:59am", "month": "September", "crash_group": "Crossing Paths - Other Circumstances", "crash_type": "Crossing Paths - Intersection - Other / Unknown Control"}}, {"type": "Feature", "geometry": {"type": "Point", "coordinates": [-94.695, 32.5041]}, "properties": {"year": 2023, "state": "Texas", "age_band": "25-44", "sex": "Female", "lighting": "Dark - Not Lighted", "hour": "1:00am-1:59am", "month": "October", "crash_group": "Motorist Overtaking Bicyclist", "crash_type": "Motorist Overtaking - Undetected Bicyclist or Detected - Too Late to Avoid"}}, {"type": "Feature", "geometry": {"type": "Point", "coordinates": [-106.2064, 31.6827]}, "properties": {"year": 2023, "state": "Texas", "age_band": "25-44", "sex": "Male", "lighting": "Dark - Lighted", "hour": "2:00am-2:59am", "month": "September", "crash_group": "Motorist Overtaking Bicyclist", "crash_type": "Motorist Overtaking - Other/ Unknown"}}, {"type": "Feature", "geometry": {"type": "Point", "coordinates": [-97.8166, 30.8519]}, "properties": {"year": 2023, "state": "Texas", "age_band": "25-44", "sex": "Male", "lighting": "Dark - Not Lighted", "hour": "5:00am-5:59am", "month": "September", "crash_group": "Bicyclist Left Turn / Merge", "crash_type": "Bicyclist Left Turn - Same Direction"}}, {"type": "Feature", "geometry": {"type": "Point", "coordinates": [-94.9951, 29.8515]}, "properties": {"year": 2023, "state": "Texas", "age_band": "65+", "sex": "Male", "lighting": "Dark - Not Lighted", "hour": "4:00am-4:59am", "month": "September", "crash_group": "Parallel Paths - Other Circumstances", "crash_type": "Parallel Paths - Other / Unknown"}}, {"type": "Feature", "geometry": {"type": "Point", "coordinates": [-95.5075, 29.6248]}, "properties": {"year": 2023, "state": "Texas", "age_band": "45-64", "sex": "Male", "lighting": "Daylight", "hour": "2:00pm-2:59pm", "month": "September", "crash_group": "Loss of Control / Turning Error", "crash_type": "Motorist Turning Error - Right turn"}}, {"type": "Feature", "geometry": {"type": "Point", "coordinates": [-97.4203, 27.7697]}, "properties": {"year": 2023, "state": "Texas", "age_band": "45-64", "sex": "Male", "lighting": "Dark - Lighted", "hour": "0:00am-0:59am", "month": "August", "crash_group": "Motorist Overtaking Bicyclist", "crash_type": "Motorist Overtaking - Other/ Unknown"}}, {"type": "Feature", "geometry": {"type": "Point", "coordinates": [-95.744, 29.7133]}, "properties": {"year": 2023, "state": "Texas", "age_band": "13-17 (teen)", "sex": "Male", "lighting": "Dark - Lighted", "hour": "6:00am-6:59am", "month": "September", "crash_group": "Crossing Paths - Other Circumstances", "crash_type": "Crossing Paths - Midblock - Other / Unknown"}}, {"type": "Feature", "geometry": {"type": "Point", "coordinates": [-100.2198, 34.8636]}, "properties": {"year": 2023, "state": "Texas", "age_band": "25-44", "sex": "Male", "lighting": "Dark - Not Lighted", "hour": "8:00pm-8:59pm", "month": "October", "crash_group": "Motorist Overtaking Bicyclist", "crash_type": "Motorist Overtaking - Other/ Unknown"}}, {"type": "Feature", "geometry": {"type": "Point", "coordinates": [-100.9358, 35.5448]}, "properties": {"year": 2023, "state": "Texas", "age_band": "45-64", "sex": "Male", "lighting": "Daylight", "hour": "3:00pm-3:59pm", "month": "October", "crash_group": "Loss of Control / Turning Error", "crash_type": "Bicyclist Turning Error - Right turn"}}, {"type": "Feature", "geometry": {"type": "Point", "coordinates": [-95.3582, 29.7023]}, "properties": {"year": 2023, "state": "Texas", "age_band": "45-64", "sex": "Male", "lighting": "Daylight", "hour": "6:00pm-6:59pm", "month": "October", "crash_group": "Bicyclist Failed to Yield - Signalized Intersection", "crash_type": "Bicyclist Ride Through - Signalized Intersection"}}, {"type": "Feature", "geometry": {"type": "Point", "coordinates": [-95.0635, 29.8739]}, "properties": {"year": 2023, "state": "Texas", "age_band": "45-64", "sex": "Male", "lighting": "Dark - Lighted", "hour": "11:00pm-11:59pm", "month": "October", "crash_group": "Motorist Overtaking Bicyclist", "crash_type": "Motorist Overtaking - Undetected Bicyclist or Detected - Too Late to Avoid"}}, {"type": "Feature", "geometry": {"type": "Point", "coordinates": [-97.507, 31.0534]}, "properties": {"year": 2023, "state": "Texas", "age_band": "25-44", "sex": "Male", "lighting": "Dark - Not Lighted", "hour": "6:00am-6:59am", "month": "September", "crash_group": "Bicyclist Left Turn / Merge", "crash_type": "Bicyclist Left Turn - Opposite Direction"}}, {"type": "Feature", "geometry": {"type": "Point", "coordinates": [-98.3939, 29.5208]}, "properties": {"year": 2023, "state": "Texas", "age_band": "65+", "sex": "Male", "lighting": "Daylight", "hour": "4:00pm-4:59pm", "month": "June", "crash_group": "Crossing Paths - Other Circumstances", "crash_type": "Crossing Paths - Midblock - Other / Unknown"}}, {"type": "Feature", "geometry": {"type": "Point", "coordinates": [-98.5545, 29.428]}, "properties": {"year": 2023, "state": "Texas", "age_band": "45-64", "sex": "Female", "lighting": "Dark - Not Lighted", "hour": "6:00am-6:59am", "month": "October", "crash_group": "Bicyclist Failed to Yield - Midblock", "crash_type": "Bicyclist Ride Out - Other Midblock"}}, {"type": "Feature", "geometry": {"type": "Point", "coordinates": [-94.981, 29.7921]}, "properties": {"year": 2023, "state": "Texas", "age_band": "25-44", "sex": "Male", "lighting": "Daylight", "hour": "1:00pm-1:59pm", "month": "October", "crash_group": "Parallel Paths - Other Circumstances", "crash_type": "Bicyclist Ride Out - Parallel Path"}}, {"type": "Feature", "geometry": {"type": "Point", "coordinates": [-98.5272, 29.6076]}, "properties": {"year": 2023, "state": "Texas", "age_band": "25-44", "sex": "Male", "lighting": "Dark - Not Lighted", "hour": "8:00pm-8:59pm", "month": "November", "crash_group": "Parallel Paths - Other Circumstances", "crash_type": "Parallel Paths - Other / Unknown"}}, {"type": "Feature", "geometry": {"type": "Point", "coordinates": [-95.4841, 32.0534]}, "properties": {"year": 2023, "state": "Texas", "age_band": "65+", "sex": "Male", "lighting": "Dark - Not Lighted", "hour": "0:00am-0:59am", "month": "November", "crash_group": "Other / Unknown - Insufficient Details", "crash_type": "Unknown Approach Paths"}}, {"type": "Feature", "geometry": {"type": "Point", "coordinates": [-96.2602, 28.722]}, "properties": {"year": 2023, "state": "Texas", "age_band": "25-44", "sex": "Male", "lighting": "Dark - Not Lighted", "hour": "6:00am-6:59am", "month": "November", "crash_group": "Wrong-Way / Wrong-Side", "crash_type": "Wrong-Way / Wrong-Side - Bicyclist"}}, {"type": "Feature", "geometry": {"type": "Point", "coordinates": [-95.2113, 29.8967]}, "properties": {"year": 2023, "state": "Texas", "age_band": "25-44", "sex": "Male", "lighting": "Dark - Lighted", "hour": "5:00pm-5:59pm", "month": "November", "crash_group": "Bicyclist Failed to Yield - Signalized Intersection", "crash_type": "Bicyclist Ride Through - Signalized Intersection"}}, {"type": "Feature", "geometry": {"type": "Point", "coordinates": [-96.0388, 30.1089]}, "properties": {"year": 2023, "state": "Texas", "age_band": "45-64", "sex": "Male", "lighting": "Daylight", "hour": "11:00am-11:59am", "month": "October", "crash_group": "Bicyclist Left Turn / Merge", "crash_type": "Bicyclist Left Turn - Same Direction"}}, {"type": "Feature", "geometry": {"type": "Point", "coordinates": [-94.9361, 29.4849]}, "properties": {"year": 2023, "state": "Texas", "age_band": "0-12 (child)", "sex": "Male", "lighting": "Dusk", "hour": "7:00pm-7:59pm", "month": "September", "crash_group": "Other / Unusual Circumstances", "crash_type": "Play Vehicle-Related"}}, {"type": "Feature", "geometry": {"type": "Point", "coordinates": [-95.5596, 30.7418]}, "properties": {"year": 2023, "state": "Texas", "age_band": "25-44", "sex": "Male", "lighting": "Dark - Not Lighted", "hour": "7:00pm-7:59pm", "month": "November", "crash_group": "Motorist Overtaking Bicyclist", "crash_type": "Motorist Overtaking - Undetected Bicyclist or Detected - Too Late to Avoid"}}, {"type": "Feature", "geometry": {"type": "Point", "coordinates": [-95.3336, 29.8403]}, "properties": {"year": 2023, "state": "Texas", "age_band": "25-44", "sex": "Male", "lighting": "Dark - Lighted", "hour": "6:00pm-6:59pm", "month": "November", "crash_group": "Bicyclist Failed to Yield - Midblock", "crash_type": "Bicyclist Ride Out - Other Midblock"}}, {"type": "Feature", "geometry": {"type": "Point", "coordinates": [-98.7769, 26.357]}, "properties": {"year": 2023, "state": "Texas", "age_band": "65+", "sex": "Male", "lighting": "Dark - Not Lighted", "hour": "9:00pm-9:59pm", "month": "November", "crash_group": "Bicyclist Right Turn / Merge", "crash_type": "Bicyclist Right Turn - Same Direction"}}, {"type": "Feature", "geometry": {"type": "Point", "coordinates": [-102.8679, 30.8779]}, "properties": {"year": 2023, "state": "Texas", "age_band": "25-44", "sex": "Male", "lighting": "Dark - Not Lighted", "hour": "7:00pm-7:59pm", "month": "December", "crash_group": "Bicyclist Failed to Yield - Sign-Controlled Intersection", "crash_type": "Bicyclist Ride Through - Sign-Controlled Intersection"}}, {"type": "Feature", "geometry": {"type": "Point", "coordinates": [-98.082, 29.8431]}, "properties": {"year": 2023, "state": "Texas", "age_band": "45-64", "sex": "Male", "lighting": "Dark - Not Lighted", "hour": "0:00am-0:59am", "month": "December", "crash_group": "Motorist Overtaking Bicyclist", "crash_type": "Motorist Overtaking - Other/ Unknown"}}, {"type": "Feature", "geometry": {"type": "Point", "coordinates": [-97.6155, 30.3689]}, "properties": {"year": 2023, "state": "Texas", "age_band": "25-44", "sex": "Male", "lighting": "Dark - Not Lighted", "hour": "1:00am-1:59am", "month": "December", "crash_group": "Motorist Overtaking Bicyclist", "crash_type": "Motorist Overtaking - Other/ Unknown"}}, {"type": "Feature", "geometry": {"type": "Point", "coordinates": [-97.0977, 33.2346]}, "properties": {"year": 2023, "state": "Texas", "age_band": "25-44", "sex": "Female", "lighting": "Daylight", "hour": "8:00am-8:59am", "month": "December", "crash_group": "Motorist Overtaking Bicyclist", "crash_type": "Motorist Overtaking - Undetected Bicyclist or Detected - Too Late to Avoid"}}, {"type": "Feature", "geometry": {"type": "Point", "coordinates": [-94.9937, 29.3787]}, "properties": {"year": 2023, "state": "Texas", "age_band": "25-44", "sex": "Male", "lighting": "Dark - Not Lighted", "hour": "6:00pm-6:59pm", "month": "December", "crash_group": "Motorist Overtaking Bicyclist", "crash_type": "Motorist Overtaking - Other/ Unknown"}}, {"type": "Feature", "geometry": {"type": "Point", "coordinates": [-96.7818, 32.7757]}, "properties": {"year": 2023, "state": "Texas", "age_band": "65+", "sex": "Male", "lighting": "Dark - Lighted", "hour": "6:00am-6:59am", "month": "December", "crash_group": "Motorist Overtaking Bicyclist", "crash_type": "Motorist Overtaking - Undetected Bicyclist or Detected - Too Late to Avoid"}}, {"type": "Feature", "geometry": {"type": "Point", "coordinates": [-95.3725, 29.7724]}, "properties": {"year": 2023, "state": "Texas", "age_band": "25-44", "sex": "Male", "lighting": "Dark - Lighted", "hour": "9:00pm-9:59pm", "month": "November", "crash_group": "Motorist Overtaking Bicyclist", "crash_type": "Motorist Overtaking - Other/ Unknown"}}, {"type": "Feature", "geometry": {"type": "Point", "coordinates": [-96.9889, 32.8655]}, "properties": {"year": 2023, "state": "Texas", "age_band": "0-12 (child)", "sex": "Male", "lighting": "Daylight", "hour": "4:00pm-4:59pm", "month": "December", "crash_group": "Crossing Paths - Other Circumstances", "crash_type": "Crossing Paths - Uncontrolled Intersection"}}, {"type": "Feature", "geometry": {"type": "Point", "coordinates": [-97.4215, 27.7511]}, "properties": {"year": 2023, "state": "Texas", "age_band": "25-44", "sex": "Male", "lighting": "Dark - Lighted", "hour": "9:00pm-9:59pm", "month": "June", "crash_group": "Loss of Control / Turning Error", "crash_type": "Motorist Lost Control - Other / Unknown"}}, {"type": "Feature", "geometry": {"type": "Point", "coordinates": [-111.905, 40.6869]}, "properties": {"year": 2023, "state": "Utah", "age_band": "45-64", "sex": "Male", "lighting": "Daylight", "hour": "7:00am-7:59am", "month": "March", "crash_group": "Bicyclist Left Turn / Merge", "crash_type": "Bicyclist Left Turn - Same Direction"}}, {"type": "Feature", "geometry": {"type": "Point", "coordinates": [-111.8908, 40.911]}, "properties": {"year": 2023, "state": "Utah", "age_band": "45-64", "sex": "Male", "lighting": "Dark - Not Lighted", "hour": "11:00pm-11:59pm", "month": "July", "crash_group": "Motorist Overtaking Bicyclist", "crash_type": "Motorist Overtaking - Undetected Bicyclist or Detected - Too Late to Avoid"}}, {"type": "Feature", "geometry": {"type": "Point", "coordinates": [-111.9776, 41.2696]}, "properties": {"year": 2023, "state": "Utah", "age_band": "45-64", "sex": "Male", "lighting": "Daylight", "hour": "5:00pm-5:59pm", "month": "July", "crash_group": "Bicyclist Failed to Yield - Midblock", "crash_type": "Bicyclist Ride Out - Other Midblock"}}, {"type": "Feature", "geometry": {"type": "Point", "coordinates": [-112.0107, 41.1189]}, "properties": {"year": 2023, "state": "Utah", "age_band": "45-64", "sex": "Male", "lighting": "Dawn", "hour": "6:00am-6:59am", "month": "April", "crash_group": "Motorist Overtaking Bicyclist", "crash_type": "Motorist Overtaking - Other/ Unknown"}}, {"type": "Feature", "geometry": {"type": "Point", "coordinates": [-109.973, 40.2718]}, "properties": {"year": 2023, "state": "Utah", "age_band": "13-17 (teen)", "sex": "Male", "lighting": "Daylight", "hour": "4:00pm-4:59pm", "month": "September", "crash_group": "Wrong-Way / Wrong-Side", "crash_type": "Wrong-Way / Wrong-Side - Bicyclist"}}, {"type": "Feature", "geometry": {"type": "Point", "coordinates": [-112.1881, 41.7111]}, "properties": {"year": 2023, "state": "Utah", "age_band": "13-17 (teen)", "sex": "Female", "lighting": "Dark - Not Lighted", "hour": "5:00am-5:59am", "month": "September", "crash_group": "Motorist Failed to Yield - Midblock", "crash_type": "Motorist Drive-Out - Commercial Driveway"}}, {"type": "Feature", "geometry": {"type": "Point", "coordinates": [-111.5009, 40.5712]}, "properties": {"year": 2023, "state": "Utah", "age_band": "65+", "sex": "Male", "lighting": "Daylight", "hour": "9:00am-9:59am", "month": "September", "crash_group": "Parallel Paths - Other Circumstances", "crash_type": "Parallel Paths - Other / Unknown"}}, {"type": "Feature", "geometry": {"type": "Point", "coordinates": [-111.9389, 40.7528]}, "properties": {"year": 2023, "state": "Utah", "age_band": "45-64", "sex": "Male", "lighting": "Dark - Lighted", "hour": "4:00am-4:59am", "month": "July", "crash_group": "Motorist Overtaking Bicyclist", "crash_type": "Motorist Overtaking - Other/ Unknown"}}, {"type": "Feature", "geometry": {"type": "Point", "coordinates": [-111.8779, 40.2901]}, "properties": {"year": 2023, "state": "Utah", "age_band": "45-64", "sex": "Female", "lighting": "Daylight", "hour": "11:00am-11:59am", "month": "September", "crash_group": "Bicyclist Left Turn / Merge", "crash_type": "Bicyclist Left Turn - Same Direction"}}, {"type": "Feature", "geometry": {"type": "Point", "coordinates": [-71.9376, 44.644]}, "properties": {"year": 2023, "state": "Vermont", "age_band": "45-64", "sex": "Male", "lighting": "Daylight", "hour": "9:00am-9:59am", "month": "April", "crash_group": "Wrong-Way / Wrong-Side", "crash_type": "Wrong-Way / Wrong-Side - Bicyclist"}}, {"type": "Feature", "geometry": {"type": "Point", "coordinates": [-76.3142, 37.0379]}, "properties": {"year": 2023, "state": "Virginia", "age_band": "25-44", "sex": "Male", "lighting": "Daylight", "hour": "2:00pm-2:59pm", "month": "January", "crash_group": "Crossing Paths - Other Circumstances", "crash_type": "Signalized Intersection - Other / Unknown"}}, {"type": "Feature", "geometry": {"type": "Point", "coordinates": [-76.5432, 37.2335]}, "properties": {"year": 2023, "state": "Virginia", "age_band": "45-64", "sex": "Male", "lighting": "Daylight", "hour": "11:00am-11:59am", "month": "January", "crash_group": "Motorist Overtaking Bicyclist", "crash_type": "Motorist Overtaking - Other/ Unknown"}}, {"type": "Feature", "geometry": {"type": "Point", "coordinates": [-76.4643, 37.0782]}, "properties": {"year": 2023, "state": "Virginia", "age_band": "65+", "sex": "Male", "lighting": "Dark - Lighted", "hour": "2:00am-2:59am", "month": "February", "crash_group": "Bicyclist Failed to Yield - Midblock", "crash_type": "Bicyclist Ride Out - Other Midblock"}}, {"type": "Feature", "geometry": {"type": "Point", "coordinates": [-76.4823, 37.0859]}, "properties": {"year": 2023, "state": "Virginia", "age_band": "25-44", "sex": "Male", "lighting": "Daylight", "hour": "2:00pm-2:59pm", "month": "February", "crash_group": "Bicyclist Failed to Yield - Signalized Intersection", "crash_type": "Bicyclist Ride Through - Signalized Intersection"}}, {"type": "Feature", "geometry": {"type": "Point", "coordinates": [-77.5147, 37.0204]}, "properties": {"year": 2023, "state": "Virginia", "age_band": "65+", "sex": "Male", "lighting": "Dusk", "hour": "6:00pm-6:59pm", "month": "February", "crash_group": "Motorist Overtaking Bicyclist", "crash_type": "Motorist Overtaking - Other/ Unknown"}}, {"type": "Feature", "geometry": {"type": "Point", "coordinates": [-79.028, 38.4268]}, "properties": {"year": 2023, "state": "Virginia", "age_band": "25-44", "sex": "Male", "lighting": "Daylight", "hour": "7:00am-7:59am", "month": "April", "crash_group": "Motorist Overtaking Bicyclist", "crash_type": "Motorist Overtaking - Undetected Bicyclist or Detected - Too Late to Avoid"}}, {"type": "Feature", "geometry": {"type": "Point", "coordinates": [-76.6946, 37.318]}, "properties": {"year": 2023, "state": "Virginia", "age_band": "65+", "sex": "Male", "lighting": "Daylight", "hour": "3:00pm-3:59pm", "month": "April", "crash_group": "Bicyclist Left Turn / Merge", "crash_type": "Bicyclist Left Turn - Same Direction"}}, {"type": "Feature", "geometry": {"type": "Point", "coordinates": [-79.8808, 36.9535]}, "properties": {"year": 2023, "state": "Virginia", "age_band": "13-17 (teen)", "sex": "Male", "lighting": "Dark - Not Lighted", "hour": "10:00pm-10:59pm", "month": "May", "crash_group": "Motorist Overtaking Bicyclist", "crash_type": "Motorist Overtaking - Other/ Unknown"}}, {"type": "Feature", "geometry": {"type": "Point", "coordinates": [-79.1626, 37.2951]}, "properties": {"year": 2023, "state": "Virginia", "age_band": "18-24", "sex": "Male", "lighting": "Daylight", "hour": "3:00pm-3:59pm", "month": "May", "crash_group": "Other / Unusual Circumstances", "crash_type": "Unusual Circumstances"}}, {"type": "Feature", "geometry": {"type": "Point", "coordinates": [-76.3691, 37.0233]}, "properties": {"year": 2023, "state": "Virginia", "age_band": "25-44", "sex": "Male", "lighting": "Dark - Not Lighted", "hour": "0:00am-0:59am", "month": "June", "crash_group": "Motorist Overtaking Bicyclist", "crash_type": "Motorist Overtaking - Undetected Bicyclist or Detected - Too Late to Avoid"}}, {"type": "Feature", "geometry": {"type": "Point", "coordinates": [-76.3965, 36.8551]}, "properties": {"year": 2023, "state": "Virginia", "age_band": "45-64", "sex": "Male", "lighting": "Dark - Lighted", "hour": "9:00pm-9:59pm", "month": "July", "crash_group": "Motorist Overtaking Bicyclist", "crash_type": "Motorist Overtaking - Undetected Bicyclist or Detected - Too Late to Avoid"}}, {"type": "Feature", "geometry": {"type": "Point", "coordinates": [-77.3633, 37.5185]}, "properties": {"year": 2023, "state": "Virginia", "age_band": "13-17 (teen)", "sex": "Male", "lighting": "Dark - Not Lighted", "hour": "10:00pm-10:59pm", "month": "August", "crash_group": "Motorist Overtaking Bicyclist", "crash_type": "Motorist Overtaking - Undetected Bicyclist or Detected - Too Late to Avoid"}}, {"type": "Feature", "geometry": {"type": "Point", "coordinates": [-75.9774, 36.852]}, "properties": {"year": 2023, "state": "Virginia", "age_band": "25-44", "sex": "Male", "lighting": "Dark - Lighted", "hour": "10:00pm-10:59pm", "month": "August", "crash_group": "Bicyclist Failed to Yield - Sign-Controlled Intersection", "crash_type": "Bicyclist Ride Out - Sign-Controlled Intersection"}}, {"type": "Feature", "geometry": {"type": "Point", "coordinates": [-76.1897, 36.7143]}, "properties": {"year": 2023, "state": "Virginia", "age_band": "65+", "sex": "Male", "lighting": "Dark - Lighted", "hour": "0:00am-0:59am", "month": "August", "crash_group": "Motorist Overtaking Bicyclist", "crash_type": "Motorist Overtaking - Other/ Unknown"}}, {"type": "Feature", "geometry": {"type": "Point", "coordinates": [-77.6469, 37.4699]}, "properties": {"year": 2023, "state": "Virginia", "age_band": "65+", "sex": "Male", "lighting": "Daylight", "hour": "4:00pm-4:59pm", "month": "November", "crash_group": "Motorist Overtaking Bicyclist", "crash_type": "Motorist Overtaking - Undetected Bicyclist or Detected - Too Late to Avoid"}}, {"type": "Feature", "geometry": {"type": "Point", "coordinates": [-122.5577, 45.6283]}, "properties": {"year": 2023, "state": "Washington", "age_band": "45-64", "sex": "Male", "lighting": "Dark - Lighted", "hour": "7:00pm-7:59pm", "month": "February", "crash_group": "Bicyclist Failed to Yield - Signalized Intersection", "crash_type": "Bicyclist Ride Through - Signalized Intersection"}}, {"type": "Feature", "geometry": {"type": "Point", "coordinates": [-122.4868, 45.7204]}, "properties": {"year": 2023, "state": "Washington", "age_band": "25-44", "sex": "Male", "lighting": "Dark - Not Lighted", "hour": "3:00am-3:59am", "month": "March", "crash_group": "Motorist Overtaking Bicyclist", "crash_type": "Motorist Overtaking - Undetected Bicyclist or Detected - Too Late to Avoid"}}, {"type": "Feature", "geometry": {"type": "Point", "coordinates": [-122.445, 47.2421]}, "properties": {"year": 2023, "state": "Washington", "age_band": "65+", "sex": "Male", "lighting": "Daylight", "hour": "3:00pm-3:59pm", "month": "May", "crash_group": "Bicyclist Left Turn / Merge", "crash_type": "Bicyclist Left Turn - Same Direction"}}, {"type": "Feature", "geometry": {"type": "Point", "coordinates": [-117.734, 47.7883]}, "properties": {"year": 2023, "state": "Washington", "age_band": "45-64", "sex": "Male", "lighting": "Daylight", "hour": "10:00am-10:59am", "month": "May", "crash_group": "Motorist Overtaking Bicyclist", "crash_type": "Motorist Overtaking - Other/ Unknown"}}, {"type": "Feature", "geometry": {"type": "Point", "coordinates": [-124.0527, 46.4616]}, "properties": {"year": 2023, "state": "Washington", "age_band": "25-44", "sex": "Male", "lighting": "Dusk", "hour": "8:00pm-8:59pm", "month": "May", "crash_group": "Bicyclist Left Turn / Merge", "crash_type": "Bicyclist Left Turn - Same Direction"}}, {"type": "Feature", "geometry": {"type": "Point", "coordinates": [-123.4294, 48.1051]}, "properties": {"year": 2023, "state": "Washington", "age_band": "13-17 (teen)", "sex": "Male", "lighting": "Dark - Lighted", "hour": "10:00pm-10:59pm", "month": "June", "crash_group": "Bicyclist Failed to Yield - Sign-Controlled Intersection", "crash_type": "Bicyclist Ride Out - Sign-Controlled Intersection"}}, {"type": "Feature", "geometry": {"type": "Point", "coordinates": [-122.2974, 47.4581]}, "properties": {"year": 2023, "state": "Washington", "age_band": "25-44", "sex": "Male", "lighting": "Daylight", "hour": "6:00pm-6:59pm", "month": "June", "crash_group": "Wrong-Way / Wrong-Side", "crash_type": "Wrong-Way / Wrong-Side - Bicyclist"}}, {"type": "Feature", "geometry": {"type": "Point", "coordinates": [-117.3752, 47.6507]}, "properties": {"year": 2023, "state": "Washington", "age_band": "25-44", "sex": "Male", "lighting": "Daylight", "hour": "5:00pm-5:59pm", "month": "July", "crash_group": "Bicyclist Failed to Yield - Sign-Controlled Intersection", "crash_type": "Bicyclist Ride Out - Sign-Controlled Intersection"}}, {"type": "Feature", "geometry": {"type": "Point", "coordinates": [-117.3523, 47.7871]}, "properties": {"year": 2023, "state": "Washington", "age_band": "18-24", "sex": "Male", "lighting": "Daylight", "hour": "12:00pm-12:59pm", "month": "July", "crash_group": "Crossing Paths - Other Circumstances", "crash_type": "Crossing Paths - Midblock - Other / Unknown"}}, {"type": "Feature", "geometry": {"type": "Point", "coordinates": [-122.1655, 47.358]}, "properties": {"year": 2023, "state": "Washington", "age_band": "25-44", "sex": "Male", "lighting": "Dark - Lighted", "hour": "5:00am-5:59am", "month": "August", "crash_group": "Bicyclist Left Turn / Merge", "crash_type": "Bicyclist Left Turn - Opposite Direction"}}, {"type": "Feature", "geometry": {"type": "Point", "coordinates": [-120.8165, 46.5296]}, "properties": {"year": 2023, "state": "Washington", "age_band": "65+", "sex": "Male", "lighting": "Daylight", "hour": "2:00pm-2:59pm", "month": "September", "crash_group": "Motorist Overtaking Bicyclist", "crash_type": "Motorist Overtaking - Other/ Unknown"}}, {"type": "Feature", "geometry": {"type": "Point", "coordinates": [-122.0435, 47.358]}, "properties": {"year": 2023, "state": "Washington", "age_band": "45-64", "sex": "Male", "lighting": "Daylight", "hour": "10:00am-10:59am", "month": "September", "crash_group": "Motorist Left Turn / Merge", "crash_type": "Motorist Left Turn- Opposite Direction"}}, {"type": "Feature", "geometry": {"type": "Point", "coordinates": [-122.2303, 47.3745]}, "properties": {"year": 2023, "state": "Washington", "age_band": "45-64", "sex": "Male", "lighting": "Daylight", "hour": "12:00pm-12:59pm", "month": "November", "crash_group": "Bicyclist Left Turn / Merge", "crash_type": "Bicyclist Left Turn - Same Direction"}}, {"type": "Feature", "geometry": {"type": "Point", "coordinates": [-119.1587, 46.2062]}, "properties": {"year": 2023, "state": "Washington", "age_band": "25-44", "sex": "Male", "lighting": "Daylight", "hour": "4:00am-4:59am", "month": "May", "crash_group": "Motorist Overtaking Bicyclist", "crash_type": "Motorist Overtaking - Other/ Unknown"}}, {"type": "Feature", "geometry": {"type": "Point", "coordinates": [-122.3463, 48.4217]}, "properties": {"year": 2023, "state": "Washington", "age_band": "45-64", "sex": "Male", "lighting": "Daylight", "hour": "4:00pm-4:59pm", "month": "April", "crash_group": "Bicyclist Failed to Yield - Signalized Intersection", "crash_type": "Bicyclist Ride Out - Signalized Intersection"}}, {"type": "Feature", "geometry": {"type": "Point", "coordinates": [-122.3012, 47.2897]}, "properties": {"year": 2023, "state": "Washington", "age_band": "25-44", "sex": "Male", "lighting": "Dark - Lighted", "hour": "6:00pm-6:59pm", "month": "November", "crash_group": "Bicyclist Failed to Yield - Midblock", "crash_type": "Bicyclist Ride Out - Other Midblock"}}, {"type": "Feature", "geometry": {"type": "Point", "coordinates": [-122.3914, 47.5149]}, "properties": {"year": 2023, "state": "Washington", "age_band": "65+", "sex": "Male", "lighting": "Dark - Lighted", "hour": "6:00pm-6:59pm", "month": "December", "crash_group": "Motorist Left Turn / Merge", "crash_type": "Motorist Left Turn- Opposite Direction"}}, {"type": "Feature", "geometry": {"type": "Point", "coordinates": [-81.4825, 38.2025]}, "properties": {"year": 2023, "state": "West Virginia", "age_band": "18-24", "sex": "Female", "lighting": "Dark - Lighted", "hour": "1:00am-1:59am", "month": "January", "crash_group": "Bicyclist Overtaking Motor Vehicle", "crash_type": "Bicyclist Overtaking - Passing on Left"}}, {"type": "Feature", "geometry": {"type": "Point", "coordinates": [-81.8435, 38.3936]}, "properties": {"year": 2023, "state": "West Virginia", "age_band": "45-64", "sex": "Male", "lighting": "Dark - Lighted", "hour": "11:00pm-11:59pm", "month": "April", "crash_group": "Bicyclist Failed to Yield - Signalized Intersection", "crash_type": "Bicyclist Ride Out - Signalized Intersection"}}, {"type": "Feature", "geometry": {"type": "Point", "coordinates": [-81.8207, 37.9746]}, "properties": {"year": 2023, "state": "West Virginia", "age_band": "45-64", "sex": "Female", "lighting": "Daylight", "hour": "4:00pm-4:59pm", "month": "August", "crash_group": "Wrong-Way / Wrong-Side", "crash_type": "Wrong-Way / Wrong-Side - Bicyclist"}}, {"type": "Feature", "geometry": {"type": "Point", "coordinates": [-80.4611, 37.7744]}, "properties": {"year": 2023, "state": "West Virginia", "age_band": "45-64", "sex": "Male", "lighting": "Dark - Not Lighted", "hour": "4:00am-4:59am", "month": "November", "crash_group": "Other / Unknown - Insufficient Details", "crash_type": "Unknown Approach Paths"}}, {"type": "Feature", "geometry": {"type": "Point", "coordinates": [-88.0055, 43.1433]}, "properties": {"year": 2023, "state": "Wisconsin", "age_band": "13-17 (teen)", "sex": "Male", "lighting": "Daylight", "hour": "1:00pm-1:59pm", "month": "June", "crash_group": "Other / Unusual Circumstances", "crash_type": "Unusual Circumstances"}}, {"type": "Feature", "geometry": {"type": "Point", "coordinates": [-88.5904, 42.6569]}, "properties": {"year": 2023, "state": "Wisconsin", "age_band": "45-64", "sex": "Male", "lighting": "Daylight", "hour": "6:00am-6:59am", "month": "August", "crash_group": "Motorist Failed to Yield - Sign-Controlled Intersection", "crash_type": "Motorist Drive Through - Sign-Controlled Intersection"}}, {"type": "Feature", "geometry": {"type": "Point", "coordinates": [-87.6297, 45.1007]}, "properties": {"year": 2023, "state": "Wisconsin", "age_band": "45-64", "sex": "Male", "lighting": "Dark - Lighted", "hour": "2:00am-2:59am", "month": "July", "crash_group": "Motorist Overtaking Bicyclist", "crash_type": "Motorist Overtaking - Other/ Unknown"}}, {"type": "Feature", "geometry": {"type": "Point", "coordinates": [-87.9744, 43.0883]}, "properties": {"year": 2023, "state": "Wisconsin", "age_band": "0-12 (child)", "sex": "Male", "lighting": "Daylight", "hour": "3:00pm-3:59pm", "month": "August", "crash_group": "Bicyclist Left Turn / Merge", "crash_type": "Bicyclist Left Turn - Same Direction"}}, {"type": "Feature", "geometry": {"type": "Point", "coordinates": [-87.9594, 43.0971]}, "properties": {"year": 2023, "state": "Wisconsin", "age_band": "45-64", "sex": "Male", "lighting": "Dark - Lighted", "hour": "8:00pm-8:59pm", "month": "August", "crash_group": "Crossing Paths - Other Circumstances", "crash_type": "Crossing Paths - Uncontrolled Intersection"}}, {"type": "Feature", "geometry": {"type": "Point", "coordinates": [-90.1184, 46.1839]}, "properties": {"year": 2023, "state": "Wisconsin", "age_band": "65+", "sex": "Male", "lighting": "Dark - Not Lighted", "hour": "6:00am-6:59am", "month": "September", "crash_group": "Motorist Overtaking Bicyclist", "crash_type": "Motorist Overtaking - Undetected Bicyclist or Detected - Too Late to Avoid"}}, {"type": "Feature", "geometry": {"type": "Point", "coordinates": [-91.4632, 44.7946]}, "properties": {"year": 2023, "state": "Wisconsin", "age_band": "45-64", "sex": "Male", "lighting": "Dark - Lighted", "hour": "9:00pm-9:59pm", "month": "October", "crash_group": "Bicyclist Failed to Yield - Sign-Controlled Intersection", "crash_type": "Bicyclist Ride Out - Sign-Controlled Intersection"}}, {"type": "Feature", "geometry": {"type": "Point", "coordinates": [-90.3586, 43.2833]}, "properties": {"year": 2023, "state": "Wisconsin", "age_band": "65+", "sex": "Male", "lighting": "Daylight", "hour": "3:00pm-3:59pm", "month": "December", "crash_group": "Motorist Overtaking Bicyclist", "crash_type": "Motorist Overtaking - Undetected Bicyclist or Detected - Too Late to Avoid"}}, {"type": "Feature", "geometry": {"type": "Point", "coordinates": [-109.2229, 41.6099]}, "properties": {"year": 2023, "state": "Wyoming", "age_band": "45-64", "sex": "Male", "lighting": "Daylight", "hour": "3:00pm-3:59pm", "month": "July", "crash_group": "Other / Unknown - Insufficient Details", "crash_type": "Unknown Approach Paths"}}, {"type": "Feature", "geometry": {"type": "Point", "coordinates": [-104.7646, 41.1329]}, "properties": {"year": 2023, "state": "Wyoming", "age_band": "25-44", "sex": "Male", "lighting": "Dark - Not Lighted", "hour": "6:00pm-6:59pm", "month": "December", "crash_group": "Motorist Overtaking Bicyclist", "crash_type": "Motorist Overtaking - Undetected Bicyclist or Detected - Too Late to Avoid"}}]}